index,name,n_PBS,n_Lecanemab,mean_PBS,mean_Lecanemab,median_PBS,median_Lecanemab,log2fc_Lec_over_PBS,t_stat,p_value,p_value_fdr
775,"left Tuberomammillary nucleus, ventral part",4,2,101.49941847776765,230.680496540381,92.27219861615241,230.680496540381,1.1844245711294674,6.999999999999998,0.002192129806692942,0.4602479879829468
10200,"right posteromedial visual area, layer 1",5,4,616.99516698385,206.7251848141766,614.8749086780637,233.2284136365069,-1.5775450291540323,-6.4749284997005185,0.0016188708465987086,0.4602479879829468
52,"left Primary somatosensory area, barrel field, layer 1",5,4,1269.031236296531,346.9448419412726,1211.3263210045804,318.3308343584872,-1.8709493572235523,-4.858897873014345,0.002765913389320594,0.4602479879829468
399,"left Taenia tecta, dorsal part",5,3,40.52389433681948,11.10243680460808,41.63413801728029,8.32682760345606,-1.8678964638983113,-6.05961667503531,0.0009163670937621533,0.4602479879829468
10293,"right Agranular insular area, ventral part, layer 2/3",5,4,236.21449982142275,76.5509953124981,218.71712946428033,65.6151388392841,-1.6256044852057634,-4.705887979004867,0.002617937597770443,0.4602479879829468
10123,"right Dorsal auditory area, layer 1",5,4,342.3868150132192,108.89521483408598,405.1914970570641,116.49255540390593,-1.6526865866836893,-4.292444379418022,0.004273429273674848,0.5079275936710677
449,left Postpiriform transition area,5,5,124.3828825094204,37.743771244237905,130.1016357282443,31.453142703531594,-1.7204774713510131,-4.041257475741339,0.003749652448792726,0.5079275936710677
10180,"right Lateral visual area, layer 2/3",5,4,661.2692511258199,29.816749800262414,404.1826084035572,29.816749800262418,-4.471042908961382,-2.20108032354569,0.09231848244529814,0.5877443953690678
10152,"right Ventral auditory area, layer 2/3",5,4,214.65319722881205,27.352652559496683,140.6707845916972,18.235101706331122,-2.9722550094710725,-2.3205504354339004,0.0781258181889494,0.5877443953690678
10151,"right Ventral auditory area, layer 1",5,4,517.1576877413542,168.11091055935438,464.4713817516183,152.51299102291944,-1.621190883174956,-3.7343539204646277,0.007404840064339372,0.5877443953690678
10145,"right Posterior auditory area, layer 2/3",5,3,185.66552019159994,27.30375296935293,68.25938242338233,13.651876484676466,-2.7655347463179085,-1.7338556991122582,0.1548673477448706,0.5877443953690678
752,left Suprachiasmatic nucleus,2,3,30.30302886371375,101.01009621237917,30.30302886371375,90.90908659114125,1.73696559413288,7.0,0.01980394118039314,0.5877443953690678
692,left Paraventricular nucleus of the thalamus,4,4,29.93451681953381,9.210620559856556,25.32920653960553,9.210620559856556,-1.7004397180326534,-2.2738101868796017,0.10033136767618879,0.5877443953690678
10792,right Posterior hypothalamic nucleus,4,2,54.23489793463386,4.226095942958483,53.53054861080745,4.226095942958483,-3.681824039658968,-2.304757529722244,0.10379678456497123,0.5877443953690678
10782,"right Paraventricular hypothalamic nucleus, descending division",3,3,76.42703243391843,25.47567747797281,76.42703243391843,15.285406486783685,-1.5849625006834027,-2.5,0.08244173716174753,0.5877443953690678
10768,"right Medial mammillary nucleus, posterior part",4,2,222.58591414132138,52.37315626854621,157.11946880563863,52.37315626854621,-2.0874628412292746,-1.967289761990741,0.14382613717386405,0.5877443953690678
10182,"right Lateral visual area, layer 5",5,2,195.90537729805493,15.901410494971993,114.49015556379834,15.901410494971993,-3.622930350836813,-2.1535394941284127,0.09586455333139178,0.5877443953690678
10535,right Subiculum,5,4,135.5493110920893,12.11959127927166,31.368353899291353,8.079727519514439,-3.483404829476635,-1.6833818872030673,0.1668467589951444,0.5877443953690678
10847,right Nucleus of the posterior commissure,5,2,19.33326049071714,34.52367944770918,13.80947177908367,34.52367944770918,0.8365012676842863,1.9756583222945239,0.11939340407967469,0.5877443953690678
598,"left Central amygdalar nucleus, medial part",3,2,6.232349494611282,2.6710069262619784,8.013020778785934,2.6710069262619784,-1.222392421027801,-1.9999999999999998,0.183503419072274,0.5877443953690678
590,left Septofimbrial nucleus,5,3,23.97645056040369,5.7086787048580225,21.407545143217583,4.281509028643517,-2.0703893276988494,-3.039017226772879,0.03335937505931212,0.5877443953690678
587,"left Lateral septal nucleus, caudal (caudodorsal) part",5,4,51.84486243235774,22.1938623426189,39.06119772300926,21.306107848914138,-1.224040274180753,-1.581134105605771,0.16184333461344008,0.5877443953690678
575,left Nucleus accumbens,5,3,5.182922251515672,10.456772963584251,5.4557076331743914,8.63820375252612,1.0126000366392458,2.1506079544597427,0.1340463909768688,0.5877443953690678
561,left Lateral amygdalar nucleus,5,2,43.477285083609104,10.749878180013239,45.38837453783368,10.749878180013239,-2.0159415437679984,-1.9092338306659178,0.1167313260495092,0.5877443953690678
10209,"right Laterointermediate area, layer 4",5,2,336.28898238509436,35.03010233178067,105.090306995342,35.03010233178067,-3.2630344057968994,-2.0016244756976294,0.11590136495657934,0.5877443953690678
10208,"right Laterointermediate area, layer 2/3",5,3,513.3689595735021,45.63279640653354,85.56149326225037,51.33689595735022,-3.4918530963008694,-1.6573944764872408,0.1723739282861955,0.5877443953690678
10527,right Postsubiculum,5,4,138.09220145855787,87.92734007079756,118.4705213585483,87.0017891226839,-0.6512481170309671,-1.39774308177375,0.20533350073945517,0.5877443953690678
10167,"right Anterolateral visual area, layer 4",5,2,261.22447738842175,57.623046482740094,153.66145728730692,57.623046482740094,-2.180572245622307,-1.6462326709045405,0.16453514020559024,0.5877443953690678
10166,"right Anterolateral visual area, layer 2/3",5,2,377.65854943359216,55.538021975528274,403.91288709475106,55.538021975528274,-2.76553474634082,-2.432988817866975,0.0701422580616946,0.5877443953690678
10153,"right Ventral auditory area, layer 4",5,2,145.5181391311102,37.31234336695133,65.29660089216483,37.31234336695133,-1.9634741239461349,-1.5132723458280932,0.19141132268060365,0.5877443953690678
1127,left sensory root of the trigeminal nerve,5,4,253.31712915460653,118.0227533561235,261.9529403757863,126.65856457730327,-1.1018796140126847,-2.2266797364037667,0.06539706315642561,0.5877443953690678
1126,left motor root of the trigeminal nerve,4,3,376.7660731563773,145.1247096602342,351.6483349459521,167.451588069501,-1.376375878903627,-4.5212980988336,0.009619412259701674,0.5877443953690678
1121,left posterior commissure,2,2,39.28790482514636,98.21976206286591,39.28790482514636,98.21976206286591,1.32192809486533,2.9999999999999996,0.20483276469913345,0.5877443953690678
10474,"right Dentate gyrus, molecular layer",5,4,99.69785857129992,64.80360807134495,102.48012439189434,65.15139129891925,-0.6214883767384781,-2.7440319387982535,0.029769422662263914,0.5877443953690678
10046,"right Primary somatosensory area, nose, layer 2/3",5,4,436.03707055338174,35.919959250457666,431.03951100549193,14.055636228439955,-3.6015931752284214,-2.4705939788966638,0.06610342409806239,0.5877443953690678
10207,"right Laterointermediate area, layer 1",5,3,412.7302986543197,71.468449983432,187.60468120650896,53.60133748757399,-2.529820946512004,-1.750636701677219,0.15371095586709835,0.5877443953690678
10619,right Triangular nucleus of septum,3,2,48.10638684487554,11.10147388727897,38.8551586054764,11.10147388727897,-2.1154772173199703,-2.773500981126146,0.07848561903321775,0.5877443953690678
10104,"right Supplemental somatosensory area, layer 5",5,4,130.49271592723957,26.99533744637845,51.24538633888791,13.268894677033476,-2.2731871221522977,-1.5419909573552855,0.18977112389702483,0.5877443953690678
10103,"right Supplemental somatosensory area, layer 4",5,4,175.7468406736583,34.75462425431231,127.00455283057337,11.155805316199013,-2.3382219021947113,-1.7043265857821224,0.15066667505152578,0.5877443953690678
10564,"right Basolateral amygdalar nucleus, posterior part",4,3,46.42370201972541,9.378525660550588,35.169471227064705,5.627115396330352,-2.3074285250694944,-1.8646394350761828,0.1473712481154577,0.5877443953690678
10560,"right Endopiriform nucleus, ventral part",5,3,67.8358032917514,13.704202685202302,41.112608055606906,12.333782416682071,-2.307428525108241,-1.4984282070449242,0.2077412931142221,0.5877443953690678
10559,"right Endopiriform nucleus, dorsal part",5,4,27.745186110136313,11.285244350353066,25.322987322743465,9.358495314926934,-1.297799823918629,-1.536515393426673,0.18696921266885802,0.5877443953690678
10555,right Cortical subplate,5,3,35.29411597067828,23.1729044251928,32.085559973343884,21.390373315562588,-0.6069888070297741,-1.8688090137596651,0.1253869324407925,0.5877443953690678
10544,right Prosubiculum,5,4,67.39595284916093,12.694443173643327,12.309763077472317,8.462962115762219,-2.4084648452631163,-1.5005176796084825,0.20320459483889156,0.5877443953690678
10987,"right Medullary reticular nucleus, ventral part",5,4,127.77425939539467,35.13792133373353,74.53498464731355,28.7492083639638,-1.8624964762202982,-1.9486621539165516,0.10765308523722576,0.5877443953690678
10935,right Medulla,5,4,86.25598655180393,36.75043659459989,81.54295346180942,38.52717525947876,-1.2308632004832727,-3.137769372567078,0.029587550351120543,0.5877443953690678
10889,right Principal sensory nucleus of the trigeminal,4,3,48.0698350276154,11.488388245593617,40.81401087250364,10.883736232667637,-2.064955441745204,-1.8549644381982162,0.15942852879320651,0.5877443953690678
10883,right Pons,5,4,70.13366488951125,34.40623277546666,72.11546389737812,33.029983464447994,-1.027437182685491,-1.7114084695406808,0.1465044431065015,0.5877443953690678
10848,right Olivary pretectal nucleus,3,2,80.15744833085402,34.35319214179458,103.05957642538375,34.35319214179458,-1.2223924213124506,-1.9999999999999998,0.183503419072274,0.5877443953690678
10054,"right Primary somatosensory area, barrel field, layer 4",5,4,211.7325956731185,35.86045434817177,84.19411020875113,10.134476228831154,-2.5617777132669395,-1.5651065644130644,0.18436463606754463,0.5877443953690678
1180,left inferior cerebellar peduncle,5,4,83.45783100293323,128.50295170981443,102.24966050028245,116.0671821895098,0.6226821666642551,1.5238082016163685,0.18026602660079674,0.5877443953690678
1179,left middle cerebellar peduncle,5,4,336.9961534521203,152.7642715160263,338.4597632391002,121.6625635427036,-1.1414249587247582,-1.8714832108866057,0.10520446793836645,0.5877443953690678
1178,left ventral spinocerebellar tract,5,3,42.10987846923781,112.29300925130087,7.018313078206304,98.25638309488825,1.4150374992574317,1.8988863132818752,0.10633614274462726,0.5877443953690678
668,left Lateral posterior nucleus of the thalamus,5,4,38.898699451112215,15.376622646272992,29.92207650085555,15.792207042118207,-1.3389832590103568,-1.556080757549117,0.19344409479529606,0.5877443953690678
10983,"right Lateral reticular nucleus, parvicellular part",3,2,406.6811716785978,191.72112379133898,418.30063372655775,191.72112379133898,-1.0848888975825355,-1.7539682136179158,0.1870746610513729,0.5877443953690678
10982,"right Lateral reticular nucleus, magnocellular part",5,4,71.84430138899421,28.308216579902613,78.09163194455894,31.236652777823572,-1.3436528660111955,-2.0853267733788807,0.08996132293726822,0.5877443953690678
10947,right Nucleus of the trapezoid body,3,2,43.141218038532735,226.49139470229684,12.94236541155982,226.49139470229684,2.3923174227516886,2.3711954987696005,0.19631605786902603,0.5877443953690678
500,"left Entorhinal area, lateral part, layer 3",5,4,97.41109067905361,30.34613416792947,98.6249360457708,28.828827459533,-1.6825732973148477,-2.2787138211534406,0.07039867174195999,0.5877443953690678
474,"left Dentate gyrus, molecular layer",5,4,71.2983277347279,40.1517275329034,65.44963678773848,40.383818443498214,-0.8284061781813733,-2.533230072483347,0.043166003488598365,0.5877443953690678
457,left Field CA1,5,4,61.91032748866301,27.624544860447735,67.59197146705297,27.918422997261008,-1.1642293957493872,-1.9408018707159858,0.09798568592469102,0.5877443953690678
454,left Hippocampal formation,5,4,90.40891763889236,45.20445881944618,76.13382538011989,54.72118699196116,-0.9999999999840428,-2.188103838598174,0.06505822754480868,0.5877443953690678
11245,right alveus,5,4,177.0484369019245,106.53036012939947,157.82275574725847,94.6936534483551,-0.7328794634558956,-1.6675338373252753,0.13940053871150365,0.5877443953690678
555,left Cortical subplate,4,3,53.39117123564132,12.457939954982976,56.06072979742339,5.339117123564133,-2.09953567346213,-4.234643242332287,0.00980896159782301,0.5877443953690678
10201,"right posteromedial visual area, layer 2/3",5,4,290.66096700457945,17.057568486184238,184.22173965078977,17.057568486184238,-4.090853430371499,-2.359327015080951,0.07753280991621184,0.5877443953690678
1111,"left anterior commissure, olfactory limb",4,3,39.52080829947096,4.391200922163439,30.29928636292773,2.6347205532980635,-3.1699250011502746,-1.9529629700370958,0.1441189895497911,0.5877443953690678
1109,left dorsal limb,4,2,328.15609751577153,12.74392611711734,229.39067010811212,12.74392611711734,-4.686500527074409,-1.7675753452714111,0.17529363061047937,0.5877443953690678
1108,"left lateral olfactory tract, body",5,5,679.5951178125043,386.00295240749267,753.8774729149771,344.8823629757666,-0.8160636060597167,-1.6506104891288633,0.13781549388699094,0.5877443953690678
1104,left vomeronasal nerve,5,3,1118.1608664304451,588.5057191739185,1177.011438347837,735.632148967398,-0.925999418555062,-2.0579830217101067,0.08530325424041342,0.5877443953690678
1092,left Flocculus,5,5,240.27711619722376,134.21963598049405,253.15980447213724,148.30071386237626,-0.840103504392572,-1.46967695778121,0.17984787933069812,0.5877443953690678
10186,"right Primary visual area, layer 1",5,4,963.359035249041,109.32857472398656,1124.9751891888473,101.40621423674116,-3.139403056653718,-2.786061174693158,0.049222115079133384,0.5877443953690678
557,left Claustrum,4,2,4.528728910286107,9.057457820572214,3.6229831282288854,9.057457820572214,0.9999999998407174,2.2360679774997894,0.1924547837998808,0.5877443953690678
10168,"right Anterolateral visual area, layer 5",5,2,187.13449403556507,24.622959741521726,98.49183896608689,24.622959741521726,-2.9259994185053406,-1.864079557669071,0.13530516928054073,0.5877443953690678
544,left Prosubiculum,5,4,75.39548615300285,16.156175604214894,53.853918680716305,14.617492213337282,-2.2223924212662864,-2.100816178051894,0.0945467056366601,0.5877443953690678
10988,right Parvicellular reticular nucleus,2,2,0.8913027917298693,14.260844667677908,0.8913027917298693,14.260844667677908,3.9999999984825285,4.999999999999999,0.1256659163780024,0.5877443953690678
10080,"right Primary somatosensory area, upper limb, layer 1",5,4,793.0274604752345,166.4752302524347,631.3086653728693,134.0449905928695,-2.252063288005944,-2.6618420704345627,0.05147713521372817,0.5877443953690678
10074,"right Primary somatosensory area, mouth, layer 2/3",5,4,339.06753146606997,52.35405432747146,158.72948955335295,12.671681939133219,-2.695199471202668,-1.9248745826717997,0.1165593388681508,0.5877443953690678
10070,"right Primary somatosensory area, lower limb, layer 6a",3,3,111.20324867698075,24.00979232798448,117.52161507908193,11.373059523782121,-2.2115041051465973,-1.8998822835725648,0.1681693607149798,0.5877443953690678
10069,"right Primary somatosensory area, lower limb, layer 5",5,3,108.75534032168189,21.60702125596329,25.208191465290504,10.803510627981645,-2.331514143663056,-1.5754861092568015,0.18516864273657,0.5877443953690678
10068,"right Primary somatosensory area, lower limb, layer 4",5,3,148.15493222499407,24.448008617985817,44.006415512374474,22.003207756187237,-2.5993177936489533,-1.5907860139963024,0.1858975976269298,0.5877443953690678
10067,"right Primary somatosensory area, lower limb, layer 2/3",5,4,222.0546912989138,26.287811644021826,188.65370709239195,18.556102336956585,-3.078449097636966,-2.3092502779859196,0.0803302905275222,0.5877443953690678
10576,right Fundus of striatum,3,2,21.634672399910325,9.272002457104424,23.18000614276106,9.272002457104424,-1.2223924212475357,-1.8353258709644944,0.20788196561866049,0.5877443953690678
11216,right optic radiation,5,4,52.14990156018557,28.28377925526593,34.479273758800375,29.091887233987812,-0.882689624697766,-1.4854206835581818,0.1841098847912669,0.5877443953690678
179,"left Lateral visual area, layer 1",5,4,986.9359800590834,202.0201924247578,915.8248723255685,188.5521795964406,-2.288457002708021,-1.9960608456483988,0.11506475891591164,0.5877443953690678
174,"left Anteromedial visual area, layer 4",5,2,212.1180634619605,33.14344741593133,298.29102674338196,33.14344741593133,-2.6780719050759103,-2.679975001721512,0.05523001967552731,0.5877443953690678
10117,"right Visceral area, layer 4",5,3,116.34367480324654,21.951636755329535,76.83072864365337,21.951636755329535,-2.4059923596225157,-1.842199331969558,0.1371005842680888,0.5877443953690678
10112,"right Gustatory areas, layer 6a",4,3,45.72734849968797,13.71820454990639,43.44098107470357,4.572734849968797,-1.7369655940925897,-1.8820650027825274,0.12152957153805344,0.5877443953690678
10111,"right Gustatory areas, layer 5",5,4,77.15712361004815,15.61513215917641,62.46052863670563,14.696594973342503,-2.3048545814547285,-1.5617475186657206,0.1901182407020712,0.5877443953690678
10110,"right Gustatory areas, layer 4",5,2,65.04340152631463,27.101417302631095,67.75354325657774,27.101417302631095,-1.2630344058027412,-1.5096588248481377,0.20563995895070925,0.5877443953690678
10083,"right Primary somatosensory area, upper limb, layer 5",5,3,211.01119048231772,21.875163287640593,75.72171907260206,22.716515721780617,-3.26995381971447,-1.6753769204763524,0.16784698999500378,0.5877443953690678
10082,"right Primary somatosensory area, upper limb, layer 4",5,4,204.0967356030289,28.66527185435799,53.50850746146825,11.466108741743195,-2.8318772411484128,-1.750502147383781,0.14942042423746646,0.5877443953690678
53,"left Primary somatosensory area, barrel field, layer 2/3",5,3,635.7004190495547,38.6871624317848,779.4583976313005,32.97201343618023,-4.038420218278799,-3.398969552734536,0.025937535067164112,0.5877443953690678
982,"left Lateral reticular nucleus, magnocellular part",4,4,133.56080282022862,48.744818547528695,150.13404112638835,42.89544032182525,-1.4541758931670068,-2.4219674063212238,0.06737346128185641,0.5877443953690678
977,left Inferior olivary complex,4,3,34.286412379931946,10.449192344360213,35.266024162215714,11.75534138740524,-1.7142455175701325,-1.9559029508629877,0.1433513869037442,0.5877443953690678
11188,right arbor vitae,5,4,84.48235041357455,30.80085692161573,57.99505612407271,22.64981047631695,-1.4556794837464269,-1.9574594586725305,0.10528873062299225,0.5877443953690678
102,"left Supplemental somatosensory area, layer 2/3",5,5,299.305045589423,26.85353680054636,206.0635983653037,15.851046028100285,-3.4784325805184486,-2.527069037177004,0.06316588506454396,0.5877443953690678
101,"left Supplemental somatosensory area, layer 1",5,5,691.3461210089752,356.08972667638915,804.4871412760907,435.89741519341965,-0.9571673597693975,-2.595305792873454,0.031960588945333546,0.5877443953690678
74,"left Primary somatosensory area, mouth, layer 2/3",5,3,458.1726941328334,116.1451759602462,660.826001153125,100.12515168986742,-1.9799622467541822,-2.0779033016611654,0.09375419251131085,0.5877443953690678
73,"left Primary somatosensory area, mouth, layer 1",5,5,805.2504820023744,390.84358636629247,696.6543610198659,350.88840977838834,-1.042846255422176,-2.1285936149441156,0.06609062299514815,0.5877443953690678
70,"left Primary somatosensory area, lower limb, layer 6a",4,3,68.2100743254745,12.63149524545824,53.05228003092461,7.578897147274944,-2.4329594071830427,-2.028489960453326,0.12442213685561142,0.5877443953690678
11299,right third ventricle,5,4,324.84262552433205,186.42024024153622,340.69905975177306,207.84785406240246,-0.8011824474317033,-2.7601797195335727,0.03442155913376488,0.5877443953690678
11208,right pyramidal decussation,3,2,140.1664409990437,70.08322049952184,112.13315279923495,70.08322049952184,-0.9999999999897071,-2.2360679774997894,0.11846434250896319,0.5877443953690678
48,"left Primary somatosensory area, nose, layer 5",4,2,320.08816335821524,35.27142295958295,245.13638956910148,35.27142295958295,-3.1818976430719927,-1.6223510327549515,0.19762706252769557,0.5877443953690678
11296,right choroid plexus,5,5,774.0838171648522,409.71209492111996,769.4123848283941,555.0760776261986,-0.9178793060898305,-2.7499515407256667,0.03928929682427419,0.5877443953690678
11295,right subependymal zone,5,4,406.81042335631594,559.3643321149344,363.22359228242493,537.5709165779889,0.4594316186363302,2.523231806393721,0.04061016325759698,0.5877443953690678
11293,right lateral ventricle,5,5,687.3537393328683,409.0805372344611,661.608735601315,581.1555989402108,-0.7486678579392723,-2.270830252441064,0.0757391630732685,0.5877443953690678
11287,right habenular commissure,5,4,500.97844978601563,240.05217385579914,459.230245637181,104.37051037208658,-1.0614005446610133,-1.5013819073247894,0.20283955778492463,0.5877443953690678
138,"left Primary auditory area, layer 2/3",5,2,263.9787673025302,61.53845861554161,364.9867200645916,61.53845861554161,-2.1008616800976894,-2.1132483904965844,0.09104152932402926,0.5877443953690678
124,"left Dorsal auditory area, layer 2/3",5,2,184.1463327169332,30.48780342995583,176.8292598937438,30.48780342995583,-2.594548549510868,-2.3303384234437594,0.07912568564247657,0.5877443953690678
10025,"right Secondary motor area, layer 1",5,5,676.806153948191,357.1122407201792,699.2226635057106,359.5263263648352,-0.9223651004439316,-1.8045186551016164,0.10883658392099702,0.5877443953690678
11301,right fourth ventricle,5,4,251.38212190226045,57.13230043233191,248.2299949818559,33.491348529298016,-2.1375035237304223,-3.529028969524601,0.010619799113543082,0.5877443953690678
69,"left Primary somatosensory area, lower limb, layer 5",5,3,210.07193246816183,28.77697705043313,147.48200738346978,17.985610656520706,-2.8678964639493887,-1.786163737108761,0.1457566492556919,0.5877443953690678
68,"left Primary somatosensory area, lower limb, layer 4",5,2,254.5953239841887,58.5276606860204,219.47872757257647,58.5276606860204,-2.1210154009423827,-1.5876621235199968,0.17778299159185074,0.5877443953690678
67,"left Primary somatosensory area, lower limb, layer 2/3",5,4,413.9210940288982,27.068830887540052,303.1709059404486,18.561484037170324,-3.93465128875932,-2.2002337472023807,0.09172993309015488,0.5877443953690678
66,"left Primary somatosensory area, lower limb, layer 1",5,4,738.2811331529356,356.7465548130111,716.8428425350645,328.273825086151,-1.0492707934558672,-3.254538116825047,0.028586683616024667,0.5877443953690678
56,"left Primary somatosensory area, barrel field, layer 6a",5,2,87.54244015261344,3.853100358829817,24.659842296510828,3.853100358829817,-4.505890929372013,-1.534982715474761,0.19955301836492487,0.5877443953690678
55,"left Primary somatosensory area, barrel field, layer 5",5,4,292.7227903908127,10.34794932094219,296.36526855178437,7.450523511078377,-4.822118274594855,-3.1783045345042544,0.0332570015991662,0.5877443953690678
54,"left Primary somatosensory area, barrel field, layer 4",5,3,232.97676825244002,22.87143641924891,194.92701493678047,9.356496716965463,-3.3485672199288476,-2.3545672792821257,0.0752447515364059,0.5877443953690678
973,left Dorsal motor nucleus of the vagus nerve,2,2,287.3047089251359,114.92188357005436,287.3047089251359,114.92188357005436,-1.32192809487983,-2.1213203435596424,0.16794970566215625,0.5877443953690678
10095,"right Primary somatosensory area, unassigned, layer 2/3",5,3,483.31447798541376,20.08788354054089,361.581903729736,12.052730124324533,-4.588564737332518,-2.697960079781414,0.05395657558913681,0.5877443953690678
10094,"right Primary somatosensory area, unassigned, layer 1",5,4,893.8075991801458,111.42480178458689,807.0769426559267,102.39035839664741,-3.003893916093158,-2.52479366099261,0.06387822339342357,0.5877443953690678
10090,"right Primary somatosensory area, trunk, layer 5",5,2,274.94032106991386,31.114645388570498,158.40183106908617,31.114645388570498,-3.1434527900400013,-1.7620334121643078,0.14839692879242292,0.5877443953690678
10089,"right Primary somatosensory area, trunk, layer 4",5,3,459.3800760598994,30.45133079942515,221.85969582438324,26.10114068522156,-3.9151111023692504,-1.602550957281668,0.18403325484140337,0.5877443953690678
10088,"right Primary somatosensory area, trunk, layer 2/3",5,4,508.70943879098525,26.00280588615631,392.40597973654064,18.911131553568225,-4.290102648979318,-2.485214988718212,0.06766485575513702,0.5877443953690678
10087,"right Primary somatosensory area, trunk, layer 1",5,4,883.3664461831264,396.63349302013984,754.0933077173029,421.1170419720003,-1.15520552548139,-2.3490045632835614,0.06154992285739609,0.5877443953690678
10045,"right Primary somatosensory area, nose, layer 1",5,5,854.2550323361041,72.09319926073479,780.1866769312396,103.69569756681032,-3.5667317636257474,-3.543296108064956,0.023047360563633882,0.5877443953690678
10026,"right Secondary motor area, layer 2/3",5,4,182.041819851708,68.71237859587418,211.2610034075826,37.04950432894172,-1.4056279835793501,-2.159981546128113,0.06953820644426166,0.5877443953690678
10101,"right Supplemental somatosensory area, layer 1",5,4,568.4468790928013,251.82325061391023,519.6861987191523,273.47684222720824,-1.1746140447728382,-2.847357588794412,0.0273967446636572,0.5877443953690678
10685,right Mediodorsal nucleus of thalamus,4,2,3.264269691262804,1.4507865294501352,2.9015730589002704,1.4507865294501352,-1.1699250008898552,-1.6666666666666665,0.1941713456120585,0.5877443953690678
10664,"right Dorsal part of the lateral geniculate complex, core",5,4,62.154486813246855,20.31973607356147,47.81114370249758,14.343343110749274,-1.6129768768429646,-2.5405043349854934,0.0396075511650118,0.5877443953690678
889,left Principal sensory nucleus of the trigeminal,5,3,105.19046440021127,47.481806847317586,133.31430384054553,60.265370229287704,-1.147557188397189,-1.5170349765751674,0.181117230114203,0.5877443953690678
877,"left Interpeduncular nucleus, dorsolateral",4,3,225.16555221911852,52.980129933910256,158.94038980173073,52.98012993391025,-2.0874628412295153,-1.646581290590921,0.19819843857196343,0.5877443953690678
10733,right Arcuate hypothalamic nucleus,4,3,46.73806983458858,18.46442265070166,34.620792470065616,20.77247548203937,-1.3398500028373586,-1.923418246348206,0.14572603476094223,0.5877443953690678
10179,"right Lateral visual area, layer 1",5,4,722.8947915013372,110.92322773785489,551.9106941103024,108.21778315888281,-2.704224192957595,-2.398105040600197,0.07388269266746486,0.5877443953690678
10173,"right Anteromedial visual area, layer 2/3",5,4,236.93001131979176,28.893903819486805,125.20691655110949,14.446951909743403,-3.0356239096868793,-1.9661294581991762,0.11746466193714275,0.5877443953690678
10172,"right Anteromedial visual area, layer 1",5,5,698.7739663473759,325.6997300771667,606.9858605983561,355.3087964478182,-1.1012833358348169,-2.2056100734093103,0.05893019096283286,0.5877443953690678
10333,"right Retrosplenial area, ventral part, layer 1",5,5,308.48354159256826,135.21999745411506,349.4217059594105,126.12262759481679,-1.1898849947511625,-2.699436334077751,0.02723604908536121,0.5877443953690678
10732,"right Periventricular hypothalamic nucleus, intermediate part",4,2,896.2505221043795,134.91943343506787,1055.2627115099951,134.91943343506787,-2.7318038890413443,-3.0585101171808025,0.04821451891951161,0.5877443953690678
10109,"right Gustatory areas, layer 2/3",5,4,103.47453841985202,32.33579325620376,104.46948590465828,29.848424544188084,-1.6780719050819641,-1.9832439072037173,0.10366588539793138,0.5877443953690678
10707,right Ventral part of the lateral geniculate complex,5,3,58.28509409044737,19.757659013710974,39.515318027421955,19.757659013710978,-1.5607149544262116,-2.1824408392214116,0.08249114962203487,0.5877443953690678
10354,"right Rostrolateral area, layer 1",5,4,480.7068991116833,117.8203184097263,530.1914328437683,100.14727064826735,-2.028569152187527,-2.804949733175217,0.03848434419996615,0.5877443953690678
10350,"right Anterior area, layer 5",5,3,136.38604494856915,28.178934906729165,73.26523075749581,22.54314792538333,-2.2750070474592503,-1.5785502869775692,0.18863604990017074,0.5877443953690678
10349,"right Anterior area, layer 4",5,3,265.37840929536316,73.00053330131348,154.5893646380756,64.41223526586484,-1.8620720917523463,-1.5454341181407825,0.1926724550222764,0.5877443953690678
10348,"right Anterior area, layer 2/3",5,4,389.8143206643833,51.66213888323151,356.9384141023268,54.0104179233784,-2.915607812685403,-2.268049358961267,0.0843254431947863,0.5877443953690678
10347,"right Anterior area, layer 1",5,4,665.3465030512027,396.03958514952535,583.6372833782478,412.7149361031896,-0.7484612330025615,-2.3936435310246904,0.04831528284465914,0.5877443953690678
10197,"right Posterolateral visual area, layer 6a",3,2,68.41593455411042,18.658891242030116,74.63556496812046,18.658891242030116,-1.8744691178599089,-1.8353258709644942,0.20788196561866057,0.5877443953690678
10300,"right Retrosplenial area, lateral agranular part, layer 2/3",5,4,139.01369713543437,23.865012383765553,173.02133978230026,23.865012383765553,-2.542258049716844,-2.9778183288579894,0.03836595686635586,0.5877443953690678
10140,"right Primary auditory area, layer 5",5,2,135.53863012478786,9.801347219767717,81.21116267807537,9.801347219767717,-3.7895802201930784,-2.144401563226666,0.09790305356785486,0.5877443953690678
10139,"right Primary auditory area, layer 4",5,2,153.37504264185046,29.822924958137584,51.12501421395015,29.822924958137584,-2.362570079345739,-1.5939841587950072,0.18256584195931286,0.5877443953690678
10138,"right Primary auditory area, layer 2/3",5,4,215.51105962987504,33.93874954801181,72.11984278952511,36.059921394762554,-2.6667565918489893,-1.8112086003878687,0.14253036195398902,0.5877443953690678
10137,"right Primary auditory area, layer 1",5,4,319.046026581801,120.56971934777366,259.6886262875125,116.59489343520968,-1.4038969416661993,-2.1601286071060932,0.08799466463005415,0.5877443953690678
10124,"right Dorsal auditory area, layer 2/3",5,4,216.57584288211265,32.119298732516704,128.47719493006682,27.530827485014317,-2.7533600323786196,-2.6276484637792623,0.05292942241131624,0.5877443953690678
10118,"right Visceral area, layer 5",5,4,71.99928792577496,14.17308817436515,51.02311742771454,11.33847053949212,-2.344828496915688,-1.706968540485623,0.15850391930842353,0.5877443953690678
10102,"right Supplemental somatosensory area, layer 2/3",5,4,284.7967225941114,54.32026552425339,277.8959506648499,29.841175910319457,-2.390370107233716,-2.805742305401411,0.037682883994601755,0.5877443953690678
96,"left Primary somatosensory area, unassigned, layer 4",5,3,208.3028795116573,28.340527824715277,74.3938855398776,10.627697934268229,-2.8777442499050223,-1.7342429799041128,0.1538922841353383,0.5877443953690678
187,"left Primary visual area, layer 2/3",5,4,453.7275893396589,22.256258515889353,371.10435547842474,22.0061881954861,-4.349543399026826,-2.260924891113593,0.0862475937811069,0.5877443953690678
186,"left Primary visual area, layer 1",5,4,917.2989280574509,174.4517325143838,769.1735479043286,171.2798828323041,-2.394564028532399,-2.2572538974666774,0.08633764452504271,0.5877443953690678
183,"left Lateral visual area, layer 6a",3,2,157.76234284374684,19.31783789923431,193.17837899234308,19.31783789923431,-3.0297473433285145,-2.2631578947368416,0.15195789130182752,0.5877443953690678
182,"left Lateral visual area, layer 5",4,3,560.5095275173536,36.09341654467807,557.3248142928231,25.477705796243345,-3.9569312780707167,-2.2187965885569523,0.11255341133932092,0.5877443953690678
181,"left Lateral visual area, layer 4",5,3,604.6365409170037,22.31131147295216,513.1601638778998,11.155655736476081,-4.7602209464042335,-2.1478753570377815,0.09798362069698165,0.5877443953690678
180,"left Lateral visual area, layer 2/3",5,4,816.6821896566121,44.81792504213115,730.3661858717669,39.83815559300547,-4.187627003145348,-2.2586960321298997,0.08636671454046348,0.5877443953690678
10365,"right Temporal association areas, layer 6a",5,3,44.78443717784063,6.325485477096135,45.54349543509217,7.590582572515362,-2.8237493601124104,-2.1244720567303514,0.10016415981444726,0.5877443953690678
10364,"right Temporal association areas, layer 5",5,3,77.32615037540248,10.506270431440553,52.53135215720276,6.303762258864332,-2.879705766163628,-1.6229137496836765,0.17847012745702068,0.5877443953690678
173,"left Anteromedial visual area, layer 2/3",5,3,199.99999050051028,57.692304952070266,230.7692198082811,38.46153663471351,-1.7935491225147804,-1.8620649222270513,0.11946293219595934,0.5877443953690678
188,"left Primary visual area, layer 4",5,4,300.28064467581174,13.17876691522581,234.28918960401438,6.833434696783753,-4.5100241908063285,-1.8348639663349835,0.14011615902131053,0.5877443953690678
95,"left Primary somatosensory area, unassigned, layer 2/3",5,3,430.49596443680923,48.37033308278756,501.8422057339209,24.185166541393777,-3.1538053360525606,-3.086515467274197,0.03141597216093245,0.5877443953690678
94,"left Primary somatosensory area, unassigned, layer 1",5,4,1065.4640606295504,333.70911605496644,1022.1720671953927,216.459967170789,-1.6748189273145808,-3.0700396146183415,0.018281779933769948,0.5877443953690678
90,"left Primary somatosensory area, trunk, layer 5",4,2,332.92011877187826,28.333627129521552,351.33697640606727,28.333627129521552,-3.5545888516310526,-4.6596213789342515,0.011767438251389595,0.5877443953690678
88,"left Primary somatosensory area, trunk, layer 2/3",5,4,585.1589828071465,23.557124911720873,683.1566224399053,16.48998743820461,-4.63459326838698,-3.9589023106391945,0.016211455615781637,0.5877443953690678
87,"left Primary somatosensory area, trunk, layer 1",5,4,1081.3320598524385,520.62325666494,1036.358032046641,596.3947165551424,-1.0544979551200695,-3.049313519967345,0.03830061237150115,0.5877443953690678
81,"left Primary somatosensory area, upper limb, layer 2/3",5,4,408.43233015972345,58.259866914675264,441.54846503753885,44.972528846416,-2.8095227587190834,-2.86352771579544,0.03968480755466431,0.5877443953690678
80,"left Primary somatosensory area, upper limb, layer 1",5,4,1023.2368594674165,358.78326322427415,919.1788737588655,379.37807289575824,-1.5119556425520126,-2.8955517512899136,0.03416833863206255,0.5877443953690678
76,"left Primary somatosensory area, mouth, layer 5",4,4,255.86527867306916,32.445195850999134,219.31309600548784,3.2855894532657355,-2.979307604808072,-2.123111067562216,0.11046077566799149,0.5877443953690678
288,"left Agranular insular area, posterior part, layer 5",5,4,95.1257947012308,31.885741240636023,53.1429020677267,39.85717655079503,-1.5769251816256584,-1.6397293625838198,0.16770648895140144,0.5877443953690678
10189,"right Primary visual area, layer 5",5,4,213.1357366651432,12.241774475930235,100.51141148658508,8.375950957215423,-4.121887910729245,-1.7337986979586688,0.15770657292134385,0.5877443953690678
11178,right ventral spinocerebellar tract,4,4,160.97986986917712,27.99649910768298,111.98599643073192,17.497811942301862,-2.5235619560144436,-1.8353704691267256,0.15687517773855833,0.5877443953690678
11127,right sensory root of the trigeminal nerve,5,5,304.9943763594049,91.9003770574478,292.9324518706149,114.87547132180975,-1.730639955905823,-2.1261355947939813,0.09350649280522177,0.5877443953690678
11126,right motor root of the trigeminal nerve,5,3,248.6089120762249,89.58879714458557,235.1705925045371,33.59579892921959,-1.4724877714524427,-1.9263204152708573,0.10586046717905377,0.5877443953690678
11121,right posterior commissure,3,3,61.692690341395156,135.72391875106936,74.03122840967418,148.06245681934837,1.1375035237371796,2.1213203435596433,0.13943499880509502,0.5877443953690678
228,"left Anterior cingulate area, dorsal part, layer 2/3",5,4,126.92149006690825,28.771063162835414,49.32182256486071,18.084668273782263,-2.1412459253969747,-1.4667124137270533,0.20834180469805738,0.5877443953690678
227,"left Anterior cingulate area, dorsal part, layer 1",5,4,174.70866671257346,56.10703229405768,186.44798423871475,46.611996059678695,-1.6386976667610376,-2.0095308902271314,0.09132083435846862,0.5877443953690678
216,"left Postrhinal area, layer 4",5,2,171.90081828143025,66.11569933901164,132.23139867802328,66.11569933901164,-1.3785116232403012,-1.5727141989855693,0.1772180886832164,0.5877443953690678
11199,"right corpus callosum, splenium",5,4,79.54620910130402,29.362694634709538,53.38671751765371,13.346679379413427,-1.437808806906505,-1.421661017541532,0.20023119139095077,0.5877443953690678
287,"left Agranular insular area, posterior part, layer 2/3",5,5,134.46423764099353,60.25989909096378,126.9940022164939,52.29164797149749,-1.1579523597630241,-1.9339236404005888,0.08918910441097185,0.5877443953690678
204,"left posteromedial visual area, layer 6a",4,2,59.713868198369234,13.269748488526497,33.17437122131624,13.269748488526497,-2.169925001357752,-1.6059101370939324,0.2066442037508082,0.5877443953690678
203,"left posteromedial visual area, layer 5",5,2,233.03354892272654,56.152662391018445,133.3625731786688,56.152662391018445,-2.053111336440061,-1.5748769675426781,0.17988599607102815,0.5877443953690678
201,"left posteromedial visual area, layer 2/3",5,2,302.6197939330405,23.855163936163102,177.20978924006877,23.855163936163102,-3.6651328493494297,-2.2659018973666116,0.08521115372828521,0.5877443953690678
200,"left posteromedial visual area, layer 1",5,4,740.9181284809322,337.9906692423792,713.2401524169893,367.26545161770343,-1.132330714186879,-2.5094903150195766,0.04576784384475742,0.5877443953690678
194,"left Posterolateral visual area, layer 2/3",5,3,120.91767306913444,22.39216167946934,57.579844318635445,9.596640719772575,-2.432959407223609,-1.5214004664354348,0.19764923006313023,0.5877443953690678
190,"left Primary visual area, layer 6a",5,4,68.16279630599358,4.681510735301757,61.795941705983196,3.7452085882414057,-3.8639384501369682,-2.0324193923301577,0.11152709894320235,0.5877443953690678
189,"left Primary visual area, layer 5",5,3,246.32726249135848,8.159375849609155,244.78127548827464,10.306580020558933,-4.9159737001999995,-2.0630182095012186,0.1080337259140314,0.5877443953690678
154,"left Ventral auditory area, layer 5",4,3,183.64180701525498,26.47089110129801,127.39116342499669,9.926584162986755,-2.794415866303461,-2.2073135752228246,0.10168536170416352,0.5877443953690678
10713,right Lateral habenula,4,2,53.51654057869374,11.571143908906755,57.85571954453378,11.571143908906755,-2.209453365531227,-1.7814558388184585,0.16302694208633564,0.5877443953690678
10141,"right Primary auditory area, layer 6a",5,2,46.970012447173715,6.7100017781676735,33.55000889083837,6.7100017781676735,-2.8073549218733125,-1.7848923519261888,0.1488334263054604,0.5877443953690678
145,"left Posterior auditory area, layer 2/3",5,3,283.898472333418,40.946895048089125,368.5220554328022,27.29793003205942,-2.7935491225024225,-2.370735727628755,0.07174190351958,0.5877443953690678
10020,"right Primary motor area, Layer 2/3",5,4,249.91316566264823,72.64287244857887,245.57627775527035,52.313710382745235,-1.7825337499574783,-1.8710402849548826,0.11879002558707327,0.5877443953690678
10053,"right Primary somatosensory area, barrel field, layer 2/3",5,3,420.0008044873239,67.71369754087928,435.3023413342239,56.72121417385342,-2.63287248566467,-2.0510622588885323,0.1080471066272434,0.5877443953690678
10052,"right Primary somatosensory area, barrel field, layer 1",5,5,771.4519487561959,109.18572080665562,975.042790609654,166.87773922414618,-2.820792104321691,-3.2324404273840863,0.02854450406440251,0.5877443953690678
10355,"right Rostrolateral area, layer 2/3",5,4,396.1006386335201,38.0865998686077,224.89230398606452,39.900247481398544,-3.378511623219493,-1.7514514447298881,0.15420302411069486,0.5877443953690678
172,"left Anteromedial visual area, layer 1",4,4,702.9679497844529,471.1380940044737,688.0111848954219,471.1380940044737,-0.5773089281767111,-2.057542265959914,0.13153909891343182,0.5877443953690678
166,"left Anterolateral visual area, layer 2/3",5,4,359.3475362568768,27.603511863307578,301.12922032699174,20.075281355132784,-3.7024560636913466,-2.1189852326911622,0.10076407210779242,0.5877443953690678
10720,right Paraventricular hypothalamic nucleus,5,3,143.9139576422118,38.23800806918671,125.14257186279288,20.85709531046548,-1.9121272439469612,-1.6884720336711636,0.1512040851066922,0.5877443953690678
152,"left Ventral auditory area, layer 2/3",5,4,371.50665545294964,81.04196431279718,283.00368490183143,92.61938778605392,-2.1966470084859737,-2.083272870880077,0.10083459788488092,0.5877443953690678
151,"left Ventral auditory area, layer 1",5,5,1004.6471307805908,520.8266162300471,945.7114873650855,575.650470570052,-0.9478137798015301,-2.2529824173985133,0.05727019387646182,0.5877443953690678
97,"left Primary somatosensory area, unassigned, layer 5",5,2,232.332999613371,19.36108330111425,139.3997997680226,19.36108330111425,-3.5849625006528503,-2.130886781350068,0.09830887489798062,0.5877443953690678
26,"left Secondary motor area, layer 2/3",5,4,419.95314549432135,112.40293620011418,340.23251331683684,105.96113049975676,-1.9015486519630256,-1.5530700020757644,0.1936987848992684,0.5877443953690678
27,"left Secondary motor area, layer 5",5,4,122.74529270109106,45.653643628918054,93.29703443778895,34.04678507919312,-1.426865786251606,-1.4988576477522337,0.1825345918581224,0.5877443953690678
45,"left Primary somatosensory area, nose, layer 1",5,4,1205.0538718847386,374.7303365926356,1000.9244516882238,340.21570032752436,-1.685172961485129,-3.504638981574479,0.01828135773753445,0.5877443953690678
46,"left Primary somatosensory area, nose, layer 2/3",5,3,579.0356937543562,59.340227515279224,493.4608393375852,40.60120829992789,-3.286569920272762,-2.7210910199834437,0.04848279236061595,0.5877443953690678
47,"left Primary somatosensory area, nose, layer 4",5,2,243.69832964367015,58.370857399681476,102.14900044944258,58.370857399681476,-2.0617761975678937,-1.442890716768477,0.20875982910501636,0.5877443953690678
19,"left Primary motor area, Layer 1",5,4,1030.6805670086244,567.2504726456225,979.5226994490721,511.57867559552153,-0.8615394645780812,-2.0964851612339594,0.07458428447018246,0.5877443953690678
11196,"right corpus callosum, posterior forceps",5,4,83.68891550193408,18.719888993853672,33.76921151832427,7.341132938766146,-2.1604646721334175,-1.771187093161939,0.1344354840467284,0.5877443953690678
11195,right genu of corpus callosum,5,5,111.45054828116254,73.01932473593408,93.67610739149437,76.86244709045693,-0.6100534816771734,-1.3638895626614178,0.20973761085999615,0.5877443953690678
11193,right external capsule,5,4,52.22806581093535,14.889580165398234,43.52338817577945,10.308170883737239,-1.8105222010670172,-2.281189561271603,0.07047701293915053,0.5877443953690678
215,"left Postrhinal area, layer 2/3",5,4,202.18971041321956,45.46594017228482,144.42122172372825,32.09360482749516,-2.1528514880587752,-1.719399483693147,0.15226602167210804,0.5877443953690678
214,"left Postrhinal area, layer 1",5,5,305.3709572668294,148.68847657494837,271.7961399757121,55.95802881852896,-1.0382700169227388,-1.5399214345840366,0.16215195698753462,0.5877443953690678
11247,right fimbria,5,5,279.3917880128437,138.11144152241704,270.67729935081735,99.02828025029903,-1.0164567758618024,-2.2436155681629093,0.0663112181337356,0.5877443953690678
25,"left Secondary motor area, layer 1",5,5,1061.7423941456038,392.84983908930525,964.5176416643852,474.9583756370481,-1.434383899292084,-2.5795561505702578,0.04583231736995614,0.5877443953690678
20,"left Primary motor area, Layer 2/3",5,4,377.6761028298747,126.19022815626376,362.17002108865387,99.48832166132932,-1.5815493051329539,-1.4545377861885793,0.2078265505651233,0.5877443953690678
11179,right middle cerebellar peduncle,5,4,284.745749187167,104.44342151652845,296.83919799434403,116.35363625086941,-1.4469526793468592,-2.0971675215528482,0.09499448164877128,0.5877443953690678
10299,"right Retrosplenial area, lateral agranular part, layer 1",5,4,497.38676824541545,260.95013278376325,462.59341720758033,253.0425530024371,-0.9305939926308454,-3.7707386571698915,0.009996677938639077,0.5877443953690678
10294,"right Agranular insular area, ventral part, layer 5",5,4,58.92213208648375,20.845093898520197,44.469533650176416,16.676075118816158,-1.4991017640225925,-1.790836922903244,0.12855711557936064,0.5877443953690678
10292,"right Agranular insular area, ventral part, layer 1",5,5,564.3766906554492,235.02372103782164,559.5802881852895,143.89207410478875,-1.2638520284312336,-2.98566402764232,0.035227204335592704,0.5877443953690678
10289,"right Agranular insular area, posterior part, layer 6a",4,3,76.89548447620221,9.181550385218173,68.8616278891363,9.181550385218173,-3.0660891903194045,-1.8170339549104477,0.16588871251222925,0.5877443953690678
10288,"right Agranular insular area, posterior part, layer 5",5,3,131.3011275315447,35.438900818230685,79.73752684101906,5.315835122734604,-1.8894735425013875,-1.5227298283918491,0.18104110802479817,0.5877443953690678
10281,"right Agranular insular area, dorsal part, layer 2/3",5,4,243.4429990444694,74.04904722267386,209.7155497985216,33.51124764821737,-1.7170309342187837,-2.4949751637776,0.04323414853408727,0.5877443953690678
10280,"right Agranular insular area, dorsal part, layer 1",5,5,867.1780186849901,167.700759124452,564.795302750745,78.20242653471854,-2.370438968062241,-1.8897781016365822,0.126533102115449,0.5877443953690678
10276,"right Orbital area, ventrolateral part, layer 6a",3,2,22.379577571523143,8.392341589321179,25.177024767963534,8.392341589321179,-1.4150374991714023,-1.8898223650461363,0.19935923097456432,0.5877443953690678
1198,"left corpus callosum, body",5,4,49.690564299283416,30.150441865944515,45.47279756830976,21.088833654868296,-0.720792780078443,-1.6738972397947058,0.16677174431451083,0.5877443953690678
10214,"right Postrhinal area, layer 1",5,3,233.01744529136758,85.12052796031692,191.52118791071308,87.78054445907684,-1.4528589647030534,-2.068845265394761,0.10384315759461439,0.5877443953690678
10211,"right Laterointermediate area, layer 6a",3,2,202.3715318898444,25.296441486230552,151.7786489173833,25.296441486230552,-2.999999999950097,-1.9414506867883017,0.19170962313452397,0.5877443953690678
389,"left Accessory olfactory bulb, mitral layer",4,3,370.99873817536104,91.69399707748761,380.0474878869552,28.95599907710135,-2.0165150867711716,-1.8856537573796692,0.12755478779268725,0.5877443953690678
369,"left Perirhinal area, layer 2/3",5,4,282.5474222363023,99.19218014678698,282.5474222363023,60.116472816234534,-1.5101947323097453,-2.8677186447472436,0.024661946935601163,0.5877443953690678
363,"left Temporal association areas, layer 4",5,4,207.44296733786422,52.82112594251173,166.46657872791573,32.01280360152226,-1.9735277886184508,-1.837210335890962,0.12605837681447718,0.5877443953690678
355,"left Rostrolateral area, layer 2/3",5,3,494.5388389625124,41.090714869807975,667.1198414157059,43.50781574450256,-3.589199493575434,-2.228009647878707,0.08944955868594427,0.5877443953690678
1201,left internal capsule,5,4,39.23926120954085,18.57198042684579,36.19155160103283,20.47679893216331,-1.0791702133926928,-1.618817085808105,0.15077838109400205,0.5877443953690678
1199,"left corpus callosum, splenium",5,4,57.505140653629496,15.45114760553129,29.558717158407685,13.43578052654895,-1.8959769353884883,-1.7182678993451102,0.15220775264134936,0.5877443953690678
10055,"right Primary somatosensory area, barrel field, layer 5",5,3,213.17884577606884,34.20571541955555,129.0989904544516,9.930691573419354,-2.6397549735261263,-1.7217859027990936,0.15058026742955297,0.5877443953690678
10457,right Field CA1,5,4,58.49077692954243,18.31509592401948,25.07307249491437,18.60892099231926,-1.6751758953054368,-1.8032153033676888,0.14324675254866198,0.5877443953690678
10454,right Hippocampal formation,5,4,118.52729268864964,34.37291487970839,90.08074244337372,35.55818780659489,-1.785875194617353,-2.481546848598354,0.05547764888912787,0.5877443953690678
10444,right Piriform-amygdalar area,5,5,59.76444382083813,27.196179491504996,43.64818930735369,28.53920070096203,-1.1358834280528647,-1.950758842263015,0.08700722365740395,0.5877443953690678
432,"left Cortical amygdalar area, posterior part, lateral zone",5,5,55.23982579169168,27.952682930735545,29.9493031400738,29.9493031400738,-0.9827220085426694,-1.3921319681088569,0.20980779498150615,0.5877443953690678
427,"left Cortical amygdalar area, anterior part",5,3,31.271630095767705,52.98803988449529,15.635815047883854,46.907445143651564,0.7608123361016665,1.4698255479395288,0.1978062156181076,0.5877443953690678
10399,"right Taenia tecta, dorsal part",5,3,69.71737027868708,23.788079097714753,74.10901565057289,27.447783574286255,-1.5512793744249131,-4.707031505653767,0.010614230775499328,0.5877443953690678
11180,right inferior cerebellar peduncle,5,4,118.10265845800106,67.22979970907339,105.34978923483665,52.67489461741832,-0.8128686831421041,-1.604947742100022,0.15275069722343393,0.5877443953690678
10081,"right Primary somatosensory area, upper limb, layer 2/3",5,4,392.36220117348955,37.29484464279263,414.8412856157208,26.566190704455025,-3.3951379418061323,-2.2594687430580014,0.08437747875223303,0.5877443953690678
11046,right Declive (VI),5,4,195.73584152325483,132.65410408857505,182.45547574753277,123.53133030119842,-0.5612386437498178,-1.8037453326796677,0.11681984364190015,0.5877443953690678
10188,"right Primary visual area, layer 4",5,4,290.12811312630447,18.059791698642776,185.4789417698447,15.619279306934292,-4.005836939947372,-2.019291847559081,0.11321467347313355,0.5877443953690678
10187,"right Primary visual area, layer 2/3",5,4,392.19385334254196,22.49964737431717,223.99648941542424,26.499584685306885,-4.12359262891467,-2.3411825163758357,0.07902088386524543,0.5877443953690678
423,"left Nucleus of the lateral olfactory tract, molecular layer",3,3,185.45521646710242,59.824263376484645,233.31462716829012,17.947279012945394,-1.6322682154831767,-1.9755138236055547,0.12065872806943817,0.5877443953690678
416,left Piriform area,5,5,194.17153700641566,84.21939661749592,184.86762830411323,108.60324656219187,-1.2051072915331198,-2.6391436661708227,0.031075687108781228,0.5877443953690678
11062,right Nodulus (X),5,4,305.1241963789041,107.23948002568966,287.28374465597597,94.4494502978551,-1.5085604610790484,-3.3087273761557,0.012970652676463825,0.5877443953690678
11058,right Uvula (IX),5,4,205.84209996839064,115.8202460104581,167.14451188960228,112.64086670821024,-0.8296506140688477,-1.6695137832191065,0.14164483449937326,0.5877443953690678
11054,right Pyramus (VIII),5,4,164.3480350759615,72.60034559180824,122.86212330921394,57.44203167703509,-1.1787058869734284,-1.8622983213426045,0.10486309860817171,0.5877443953690678
11050,right Folium-tuber vermis (VII),5,4,155.59554331329338,72.69937399953635,143.5104525705133,38.7100562854674,-1.097785891590382,-1.870978367805552,0.12081113795180347,0.5877443953690678
10390,right Anterior olfactory nucleus,5,4,72.68900207870084,15.297544222777438,33.26445857838852,13.757522992296488,-2.2484370295463743,-1.9615838370687189,0.11757737187380911,0.5877443953690678
11042,right Lobules IV-V,5,4,156.88236320718406,73.028888354951,122.1843736131566,77.55148956271954,-1.103143997759728,-1.5086528627165525,0.20259321355327337,0.5877443953690678
11014,right Cerebellum,5,4,228.9084544758382,125.22211965248019,229.8763549175965,131.87643518956853,-0.870281320947489,-1.9250133446416082,0.09562475621133934,0.5877443953690678
10275,"right Orbital area, ventrolateral part, layer 5",3,3,37.706627169069016,5.386661024152716,32.3199661449163,6.46399322898326,-2.8073549218280376,-2.0044593143431824,0.18176390252975422,0.5877443953690678
10239,"right Prelimbic area, layer 1",5,4,586.0805582432533,271.2985809932479,468.86444659460267,268.46270732432896,-1.1112174785956936,-2.0255159693696587,0.10182476929134729,0.5877443953690678
10233,"right Anterior cingulate area, ventral part, layer 1",5,4,531.4184746610593,147.268091444987,392.71491051996526,85.6452730389286,-1.8514035079911175,-2.0958062234235046,0.080068216129193,0.5877443953690678
10228,"right Anterior cingulate area, dorsal part, layer 2/3",5,2,138.8611526180582,42.375469108797105,143.42466467592868,42.375469108797105,-1.7123418071737277,-1.552400105861444,0.18760431455984122,0.5877443953690678
10066,"right Primary somatosensory area, lower limb, layer 1",5,4,625.4636085500431,216.7118046681919,573.4527754296771,216.71180466819192,-1.5291482045952092,-2.943658742111682,0.034691293305479466,0.5877443953690678
10056,"right Primary somatosensory area, barrel field, layer 6a",5,3,82.62041996784083,11.817597383459818,29.287089167704767,6.165702982674688,-2.8055616401299353,-1.537613206873245,0.19483543398736122,0.5877443953690678
10379,right Olfactory areas,5,5,227.7012309989546,127.05010892516103,196.9954607941919,150.73741736883508,-0.8417444787198757,-1.9129854566755473,0.09227613673825671,0.5877443953690678
348,"left Anterior area, layer 2/3",5,3,314.84625151705507,34.35822189174212,379.50217816787887,37.48169660917322,-3.1959202099378494,-4.042789836051977,0.015164442892377249,0.5877443953690678
11088,right Paraflocculus,5,5,103.47863068744861,59.489739099666814,104.73545616138523,56.90626451435264,-0.7986201120696865,-2.1234822437416936,0.08689399797573476,0.5877443953690678
273,"left Orbital area, ventrolateral part, layer 1",5,4,104.81595091578549,35.02513211294812,88.2114438400175,25.944542305887495,-1.581395885673538,-1.9924468313522896,0.09685129712018067,0.5877443953690678
261,"left Orbital area, lateral part, layer 5",5,3,31.150807581904708,8.284789250506572,26.511325601621028,6.627831400405257,-1.910732661775088,-1.6485521795928277,0.1665337768126028,0.5877443953690678
259,"left Orbital area, lateral part, layer 1",5,4,286.40823793518416,94.4934242258275,362.0029773158462,74.53002474149774,-1.599787148154349,-2.176791212496683,0.07212823268445114,0.5877443953690678
239,"left Prelimbic area, layer 1",5,4,710.0649411419365,356.01322325210344,737.526016213724,349.14795448415657,-0.9960201490854345,-1.641181513480988,0.16998699778992868,0.5877443953690678
1301,left fourth ventricle,5,4,134.77081511061428,91.79748634031361,137.19184771739177,90.78872275415631,-0.5539815573829824,-1.5630948972524965,0.164294859064961,0.5877443953690678
1299,left third ventricle,5,4,414.89812343383284,287.86730199316264,459.2031510752655,282.67530656643225,-0.5273532052882901,-1.65535962518495,0.1502871113759838,0.5877443953690678
1287,left habenular commissure,5,3,551.7241117255477,282.93544191053724,509.28379543896705,339.5225302926447,-0.9634741239724022,-1.9884661951915346,0.09392373800608314,0.5877443953690678
11092,right Flocculus,5,4,279.04843005717834,132.48812263980838,250.00583594178534,124.25439750400109,-1.0746524996782014,-2.748969893246774,0.028692939763874468,0.5877443953690678
10377,right Ectorhinal area/Layer 6a,4,2,57.76173010845059,7.701564014460079,51.34376009640053,7.701564014460079,-2.9068905954461703,-1.7517404161408616,0.17665456020344297,0.5877443953690678
10427,"right Cortical amygdalar area, anterior part",4,4,25.38339382343863,50.11593139499422,26.034250075321673,49.46507514311118,0.9813843218046039,1.5626705092985347,0.20367523015551856,0.5877443953690678
10405,"right Taenia tecta, ventral part",5,4,89.89075349008539,44.390495550659445,83.23217915748647,41.61608957874323,-1.0179219079808122,-2.1250370359827118,0.07880823624838201,0.5877443953690678
10363,"right Temporal association areas, layer 4",4,4,179.55910970787286,12.82565069341949,182.76552238122775,12.82565069341949,-3.8073549219531535,-2.5556605733515507,0.08352941143643533,0.5877443953690678
10362,"right Temporal association areas, layer 2/3",5,4,636.3244493167704,206.74801602349942,775.3050600881228,140.70351090488154,-1.6218890697148027,-2.3147173642742858,0.053897801298217085,0.5877443953690678
10361,"right Temporal association areas, layer 1",5,5,1139.5287726777028,384.8940269416709,1276.6662114108574,181.83969776771855,-1.5659041649029892,-2.3275253146650052,0.051508337425701003,0.5877443953690678
10357,"right Rostrolateral area, layer 5",5,3,181.4791074869875,43.59858438125826,89.92208028634515,49.04840742891554,-2.057450272158759,-1.89304769997456,0.12246298714654955,0.5877443953690678
10356,"right Rostrolateral area, layer 4",5,4,281.95037155247303,54.74764496164525,177.92984612534707,20.53036686061697,-2.3645724322746213,-1.7073828559935074,0.15296680113392971,0.5877443953690678
11106,right olfactory nerve layer of main olfactory bulb,5,5,380.99421095112496,186.9337116926526,299.9992333449834,195.02357865925887,-1.0272423080415158,-1.9874539853847346,0.08478045351736532,0.5877443953690678
347,"left Anterior area, layer 1",5,4,703.2596932005324,462.6708507898239,782.3343476991568,487.907442651087,-0.6040713236677944,-1.417660978398874,0.19923078830796173,0.5877443953690678
333,"left Retrosplenial area, ventral part, layer 1",5,4,108.92145089458458,38.36023320196184,58.35077726495604,20.530829037669715,-1.505604709083508,-1.7593751146812624,0.12578662030272675,0.5877443953690678
327,"left Retrosplenial area, dorsal part, layer 2/3",5,4,89.94705172004335,37.477938216684734,59.553984015553816,23.616235040650654,-1.2630344058113385,-1.4219280387606412,0.20097462240261113,0.5877443953690678
302,"left Retrosplenial area, lateral agranular part, layer 6a",5,3,68.1368788929495,21.089986324008176,43.80227928832468,19.467679683699856,-1.6918777045904352,-1.55166764735004,0.183015039484472,0.5877443953690678
301,"left Retrosplenial area, lateral agranular part, layer 5",5,3,121.06854693158576,18.178460500238096,149.97229912696432,8.180307225107144,-2.7355221772290914,-2.3384536912456757,0.06985830174434758,0.5877443953690678
300,"left Retrosplenial area, lateral agranular part, layer 2/3",5,3,151.3058845107817,15.947919316024423,149.51174358772897,11.960939487018317,-3.2460279804471757,-2.717174072854011,0.0508371240063992,0.5877443953690678
299,"left Retrosplenial area, lateral agranular part, layer 1",5,4,492.0950090241495,299.1669095792883,509.4723608676989,290.28076375020055,-0.717986274661798,-3.7973426187880306,0.010192680834571966,0.5877443953690678
294,"left Agranular insular area, ventral part, layer 5",5,3,36.05477381184444,14.791702076654131,27.734441393726495,8.320332418117948,-1.285402218804728,-1.433306991554438,0.20228777353800861,0.5877443953690678
293,"left Agranular insular area, ventral part, layer 2/3",5,4,152.14052080568945,50.48911088684385,97.61228104789811,48.806140523949054,-1.5913602719002151,-1.6910344220156974,0.15417483297243034,0.5877443953690678
292,"left Agranular insular area, ventral part, layer 1",5,5,500.52301483166303,267.79575315834205,430.3860318616211,286.92402124108077,-0.9023033261103617,-1.4727577932844147,0.18163030096033717,0.5877443953690678
10227,"right Anterior cingulate area, dorsal part, layer 1",5,4,397.77515077552096,177.16996658105103,467.0102344901437,174.72061220435447,-1.1668190905699745,-2.5186601362781618,0.06141716726726905,0.5877443953690678
10217,"right Postrhinal area, layer 5",5,2,88.26869611575333,7.788414363154708,36.345933694721964,7.788414363154708,-3.5025003403602915,-1.6584418311728892,0.17216227712848162,0.5877443953690678
11111,"right anterior commissure, olfactory limb",5,3,27.33133365029762,9.63604712029724,28.908141360891715,5.256025701980312,-1.5040425052406552,-2.594010759534446,0.06588361215972151,0.5877443953690678
11098,right Interposed nucleus,5,4,78.47063145258889,27.859395781984226,62.6836405094645,30.181012097149576,-1.493988840640266,-1.7579882956041373,0.14667180642965286,0.5877443953690678
118,"left Visceral area, layer 5",5,3,68.47643144557216,20.750433771385502,42.44406907783399,19.807232236322527,-1.7224660244226337,-1.4611467707807069,0.21370985265826098,0.5946708943534219
364,"left Temporal association areas, layer 5",5,4,108.56015263459646,24.720577392567993,58.908609956757765,16.831031416216504,-2.1347103088131836,-1.4482238301999544,0.21366069939778434,0.5946708943534219
380,left Main olfactory bulb,5,4,189.04346862158212,101.09974730774434,146.50200691275418,98.03243746151959,-0.9029386143033831,-1.4417138947129617,0.21600138744259767,0.5970536689443231
10210,"right Laterointermediate area, layer 5",5,3,180.3575098351604,26.919031318680656,53.83806263736131,26.919031318680656,-2.7441610955248152,-1.4669332448815573,0.2155349705804957,0.5970536689443231
7,"left Frontal pole, layer 1",5,4,2040.2365894844952,1078.8954122660662,2264.299695212878,1025.6409769256938,-0.9191814421297053,-1.3657582791744314,0.2203159201514329,0.5982168538974061
10671,right Suprageniculate nucleus,2,3,11.004126024787366,22.008252049574732,11.004126024787366,22.008252049574732,0.9999999999344474,1.7320508075688776,0.22540333075851654,0.5982168538974061
10301,"right Retrosplenial area, lateral agranular part, layer 5",5,3,121.85271566374736,38.24973137427047,98.35645210526691,5.464247339181495,-1.6716168829494606,-1.3517346308051812,0.22576456042122364,0.5982168538974061
782,"left Paraventricular hypothalamic nucleus, descending division",3,2,30.607363443406665,15.303681721703335,30.60736344340667,15.303681721703335,-0.9999999999528641,-1.7320508075688767,0.22540333075851673,0.5982168538974061
10801,right Tuberal nucleus,5,4,22.930848068851045,93.63429628114176,11.46542403442552,84.07977625245383,2.0297473433465445,1.4605010303256976,0.22581863544285521,0.5982168538974061
10073,"right Primary somatosensory area, mouth, layer 1",5,5,626.6910705445036,326.34848262691804,609.3538074049486,308.5012999832585,-0.941341105483181,-1.3124144596362384,0.2264883521366381,0.5982168538974061
659,"left Medial geniculate complex, dorsal part",4,4,26.148536982089603,63.918645956219024,17.432357988059735,58.107859960199114,1.2895066171623824,1.4327007988227578,0.2217947777268323,0.5982168538974061
10462,right Field CA2,5,4,73.2824392673625,40.010527186203674,75.80941993175432,29.481441084571124,-0.8730878875014093,-1.3613272630974156,0.2259946953502879,0.5982168538974061
503,"left Entorhinal area, lateral part, layer 5",5,4,74.84887949348924,33.99036194226805,84.0998645994261,32.23828142978,-1.1388549945898945,-1.3715723512069637,0.21914340817600209,0.5982168538974061
11101,right fiber tracts,5,4,113.02598224117658,80.13516394662007,113.28344461530226,80.45699191427717,-0.4961471025746759,-1.3335734836690116,0.22417673500363602,0.5982168538974061
326,"left Retrosplenial area, dorsal part, layer 1",5,5,479.085141253103,308.15526673566427,426.1209547829107,235.93137609449295,-0.6366246205419784,-1.3718942332904978,0.22450622220046956,0.5982168538974061
137,"left Primary auditory area, layer 1",5,5,697.4156047346189,432.9876337551788,690.0411194881804,521.4814567124416,-0.6876928231242715,-1.3286655011742075,0.22281556944130326,0.5982168538974061
83,"left Primary somatosensory area, upper limb, layer 5",4,3,189.57345071138406,24.43391142502283,122.59083146002837,7.582938028455363,-2.9558001960380307,-1.5124654479771165,0.22220359206309795,0.5982168538974061
1194,"left corpus callosum, extreme capsule",4,2,69.56521408713405,32.107021886369566,64.21404377273913,32.107021886369566,-1.115477217395741,-1.4388962906378162,0.22596189722812252,0.5982168538974061
10787,right Ventromedial hypothalamic nucleus,2,3,9.08419873959054,44.815380448646664,9.08419873959054,39.970474454198374,2.3025627698938096,1.6382569671808438,0.2288620838528251,0.6006727248124621
10169,"right Anterolateral visual area, layer 6a",4,2,63.22325412378536,18.0637868925101,45.15946723127526,18.0637868925101,-1.8073549220005565,-1.507556722888818,0.22877780406977122,0.6006727248124621
535,left Subiculum,5,3,108.21990570678425,36.770676807226046,42.79346007737514,46.59732319536404,-1.5573382529869,-1.3831016600793105,0.23183356797382879,0.6011483004273062
1014,left Cerebellum,5,4,236.19104353131857,172.5263795341936,228.41520670724225,199.255818616956,-0.45313728921148244,-1.3056982818319929,0.23294648876192153,0.6011483004273062
11129,right spinal tract of the trigeminal nerve,5,4,158.9361259707812,110.98548920027545,161.8793875628327,103.01415572180264,-0.5180760209101352,-1.3653674015704875,0.23113528332844818,0.6011483004273062
754,left Ventromedial preoptic nucleus,4,2,99.56440099589811,338.5189633860536,99.56440099589811,338.5189633860536,1.7655347463527487,2.3237900077244507,0.2341010208394798,0.6011483004273062
713,left Lateral habenula,5,4,28.904343311427727,11.56173732457109,23.12347464914218,11.56173732457109,-1.3219280948124932,-1.3887301496588271,0.23261786329290463,0.6011483004273062
10183,"right Lateral visual area, layer 6a",4,2,154.3563387643372,14.470906759156613,101.29634731409628,14.470906759156613,-3.415037499188494,-1.4844168719674604,0.2339004906512934,0.6011483004273062
10608,right Pallidum,5,4,37.13117295180209,22.10188866178696,37.13117295180209,22.985964208258437,-0.7484612329776149,-1.3337265184187967,0.23115287515674476,0.6011483004273062
571,left Striatum,5,4,31.606786093843063,24.52896314154882,29.95903895151001,23.592743174314133,-0.36574809226920163,-1.3133976092964377,0.2377847524842206,0.6036680301634104
10008,"right Frontal pole, layer 2/3",4,4,235.04272387880474,100.42734565730747,217.94870759670982,76.923073269427,-1.2267708618387947,-1.3548126026217058,0.23938186671734596,0.6036680301634104
286,"left Agranular insular area, posterior part, layer 1",5,5,688.3045373391385,435.16774468135617,786.9046363519077,502.48127381507356,-0.6614753945807234,-1.2717963208125098,0.2399338146940736,0.6036680301634104
103,"left Supplemental somatosensory area, layer 4",5,4,162.8978595867407,32.57957191734814,41.15314347454502,14.575071647234694,-2.3219280948519367,-1.3537440575525557,0.24016119950010675,0.6036680301634104
11230,right rubrospinal tract,5,4,100.75410981783838,62.53095976456752,102.16325820689904,51.08162910344952,-0.6881961223775925,-1.3012688922661235,0.23719471089732305,0.6036680301634104
165,"left Anterolateral visual area, layer 1",5,4,536.3033423339067,297.00343325453696,492.1771179646612,322.4608703906401,-0.8525696363426065,-1.312115280253298,0.23675751492595928,0.6036680301634104
354,"left Rostrolateral area, layer 1",5,4,710.0626275344321,353.85180774141133,353.85180774141133,406.929578902623,-1.004800986261776,-1.350171069417167,0.240127529844682,0.6036680301634104
260,"left Orbital area, lateral part, layer 2/3",5,3,94.60981047007239,34.325554819073886,96.5406229286453,12.872083057152707,-1.4627067506433775,-1.302147541373327,0.241082415198383,0.6040564859795551
85,"left Primary somatosensory area, upper limb, layer 6b",4,3,47.197637876226636,143.84042019421452,53.940157572830444,188.79055150490655,1.6076825772007026,1.628741141018926,0.24176780027787484,0.6040564859795551
10903,"right Superior olivary complex, periolivary region",5,3,203.2439719069553,122.01923044593195,267.7138339634626,103.80740500624061,-0.7361040264793275,-1.323809365052534,0.24331979092805428,0.6048049365051164
871,"left Interpeduncular nucleus, rostral",5,3,241.80063160190312,120.04286675271787,154.34082868206582,102.89388578804389,-1.0102683354477753,-1.2993119927050394,0.24352121842453606,0.6048049365051164
801,left Tuberal nucleus,5,4,96.26357427456811,49.65978037973752,118.41947629014331,43.92980572053703,-0.9549121104573974,-1.2636777603532086,0.2468588833540924,0.6082822839837301
370,"left Perirhinal area, layer 5",5,3,161.78437893275472,35.687730646931186,59.47955107821864,35.687730646931186,-2.1805722456103127,-1.3462737284558128,0.24668714404682016,0.6082822839837301
10193,"right Posterolateral visual area, layer 1",5,3,305.2160808830439,130.70596056334054,434.5090040348889,63.58668351730081,-1.2235060416408459,-1.2821182188977804,0.24711467786839034,0.6082822839837301
11097,right Fastigial nucleus,5,3,310.01246966970467,109.19683210015371,167.79025420267521,31.960048419557182,-1.5053952433942794,-1.2777899175871386,0.24854899317097198,0.6098892898447309
274,"left Orbital area, ventrolateral part, layer 2/3",5,4,52.71576686464444,30.559864849069243,49.65978037973752,28.649873296002415,-0.7865963618709653,-1.2565224075601982,0.24923360402308714,0.6098892898447309
195,"left Posterolateral visual area, layer 4",4,2,164.94844577361752,54.98281525787251,109.96563051574502,54.98281525787251,-1.5849625007036634,-1.414213562373095,0.25221549635550466,0.6135768800227482
104,"left Supplemental somatosensory area, layer 5",5,3,133.975828340143,27.759108330949484,33.86001126082849,10.981625273782214,-2.2709396038779364,-1.3117958771815252,0.2521682025940883,0.6135768800227482
116,"left Visceral area, layer 2/3",5,4,136.13063803928495,66.94949411768111,89.26599215690815,57.65095326800318,-1.0238467419434165,-1.294165540479951,0.2568654706586867,0.6174225947922709
755,left Ventrolateral preoptic nucleus,3,2,139.56385629942156,44.8598109533855,149.53270317795167,44.8598109533855,-1.6374299205934688,-1.5163650804884823,0.2559583451039592,0.6174225947922709
390,left Anterior olfactory nucleus,5,4,65.55297823013919,13.451503991460264,27.519107402376722,13.759553701188361,-2.2848938397122898,-1.3169278458215918,0.2574742602791954,0.6174225947922709
988,left Parvicellular reticular nucleus,5,3,3.731778248406021,14.216298089165795,3.5540745222914487,15.993335350311519,1.9296106718234867,1.53527531996435,0.2575067793184111,0.6174225947922709
10029,"right Secondary motor area, layer 6b",5,2,80.67226507583618,188.2352851769511,80.6722650758362,188.2352851769511,1.2223924213262287,1.8257418583505536,0.25745959291721365,0.6174225947922709
1293,left lateral ventricle,5,5,682.9402873667225,464.70819664214815,605.3633923032845,570.5291068985854,-0.5554343508198695,-1.235285503954398,0.25826296088498335,0.6174562742997303
1196,"left corpus callosum, posterior forceps",5,4,63.977986185099574,24.945545072171853,32.28247009339887,11.005387531840523,-1.3587933886039407,-1.229637984720632,0.2608612070505764,0.6218811583555288
10215,"right Postrhinal area, layer 2/3",5,4,133.7568904868819,30.764084811982844,37.451929336326934,29.426515907114023,-2.120294233681602,-1.2883173101056398,0.2628965046265359,0.624942548140794
10774,"right Tuberomammillary nucleus, dorsal part",3,2,131.6872365435463,56.43738709009127,112.87477418018254,56.43738709009127,-1.2223924213218407,-1.511857892036909,0.26970325665977846,0.6365379336778961
10084,"right Primary somatosensory area, upper limb, layer 6a",5,3,79.48462131600273,21.252572544385757,23.377829798824333,14.87680078107003,-1.9030382700631792,-1.2634735410672804,0.2708346496658356,0.6365379336778961
11181,right dorsal spinocerebellar tract,3,3,185.86201128819212,45.33219787516881,135.99659362550642,40.798978087651925,-2.0356239097066586,-1.4678925438121728,0.2701167334529404,0.6365379336778961
10076,"right Primary somatosensory area, mouth, layer 5",5,4,170.04512938738495,50.47188927280006,41.03405631934965,5.744767884708951,-1.7523656874398519,-1.215999506475015,0.2700629683090306,0.6365379336778961
10119,"right Visceral area, layer 6a",4,4,55.74588899613548,11.149177799227097,22.298355598454194,5.574588899613548,-2.3219280947838428,-1.2637414742989235,0.29067043764324313,0.6419741167940636
10849,right Posterior pretectal nucleus,2,2,76.22346974467264,34.64703170212393,76.22346974467264,34.64703170212393,-1.1375035237272224,-1.414213562373095,0.29289321881345254,0.6419741167940636
10984,right Magnocellular reticular nucleus,3,3,29.9607920698289,78.64707918330089,33.70589107855752,104.86277224440117,1.3923174227489519,1.3964240043768943,0.2863058237781476,0.6419741167940636
10202,"right posteromedial visual area, layer 4",5,3,259.8984648128461,47.37732431484174,121.82740538102162,40.60913512700721,-2.4556794837512896,-1.214666110958458,0.29110817794603283,0.6419741167940636
10125,"right Dorsal auditory area, layer 4",5,3,153.6361423849532,20.083155867314144,30.124733800971214,15.062366900485607,-2.9354597477428435,-1.2545495106202005,0.2776665879645583,0.6419741167940636
10283,"right Agranular insular area, dorsal part, layer 6a",5,4,17.410784898748208,9.60153578975085,12.802047719667799,6.4010238598338995,-0.8586441506870641,-1.144443134453252,0.2928644773064737,0.6419741167940636
10905,"right Superior olivary complex, lateral part",3,4,108.52139082528613,68.07250879040676,106.54827462846275,53.27413731423138,-0.6728352567385911,-1.2401487382387522,0.2928619030276708,0.6419741167940636
10175,"right Anteromedial visual area, layer 5",5,3,141.00798008298162,44.064993775931754,44.064993775931754,26.43899626555905,-1.678071905090129,-1.2360330811826106,0.2781786328840973,0.6419741167940636
10766,"right Medial mammillary nucleus, lateral part",4,3,39.77771089217518,74.87569109115329,23.3986534659854,84.23515247754744,0.91253715873266,1.2126781251816652,0.2800183082570353,0.6419741167940636
10191,"right Primary visual area, layer 6b",4,3,83.04497875453713,41.00986605162327,61.5147990774349,49.21183926194792,-1.017921907979456,-1.2333965170721835,0.2817791556301161,0.6419741167940636
559,"left Endopiriform nucleus, dorsal part",5,4,27.94807741404877,12.103498092698288,12.103498092698286,10.453021080057612,-1.2073249731799303,-1.2071749518267187,0.27746645418511207,0.6419741167940636
10806,right Midbrain,5,4,55.59538647193047,36.32820227134081,45.005789048705616,32.35710323763149,-0.6138751926226321,-1.1370288378247895,0.29320933218959633,0.6419741167940636
834,"left Superior colliculus, motor related, intermediate gray layer",5,4,21.646551358653113,9.34737445032748,14.759012289990759,7.871473221328404,-1.2115041051060174,-1.1962772356547922,0.28094945217931205,0.6419741167940636
10048,"right Primary somatosensory area, nose, layer 5",5,3,156.60511794054827,55.25856263667996,88.17855739895737,10.581426887874885,-1.5028614204893662,-1.1655738754322382,0.28845701378401023,0.6419741167940636
846,left Nucleus of the optic tract,5,4,64.16527114341147,31.596535032740498,38.88804311721908,29.166032337914306,-1.0220263063068231,-1.2187191130886057,0.2837611470910131,0.6419741167940636
21,"left Primary motor area, Layer 5",5,4,124.67889053232334,28.419452988985466,55.61656391392855,21.696571636752346,-2.133266530824271,-1.211920384205636,0.2881280175552351,0.6419741167940636
11109,right dorsal limb,4,3,292.8770254842331,118.84864802258733,248.30878247576285,101.8702697336463,-1.301169534713352,-1.2747311812065563,0.28084160216313,0.6419741167940636
11100,right Vestibulocerebellar nucleus,5,2,277.5450070304766,82.3226715768363,188.1661064613401,82.3226715768363,-1.7533600324045475,-1.2120986736693617,0.28692018877306286,0.6419741167940636
11072,right Crus 1,5,5,51.77834126596154,30.069375931928825,55.150607725617114,28.10222049712974,-0.7840538226738063,-1.1622332937675466,0.2887757711003219,0.6419741167940636
11198,"right corpus callosum, body",5,4,46.06582371171394,38.55223850517371,45.278373733735926,40.028707213882484,-0.2568821788460946,-1.1704256888842959,0.28103805912642194,0.6419741167940636
196,"left Posterolateral visual area, layer 5",4,3,80.13355212040479,21.916868956008145,53.42236808026986,8.218825858503054,-1.8703647195355828,-1.2455633094760055,0.28893491001780863,0.6419741167940636
280,"left Agranular insular area, dorsal part, layer 1",5,5,1356.2338251495735,515.750891254063,764.0753944504637,395.0617096306375,-1.3948596173394803,-1.193255751810255,0.286940927678526,0.6419741167940636
10376,right Ectorhinal area/Layer 5,5,3,214.84632549274664,12.608352435020343,45.390068766073234,7.5650114610122055,-4.0908534303434045,-1.2620863217260652,0.2752484082013339,0.6419741167940636
1216,left optic radiation,5,4,31.44643282636239,17.891935918447565,23.855914557930088,15.181036536864601,-0.8135868757343627,-1.1981075262533243,0.2749359594137518,0.6419741167940636
10410,right Dorsal peduncular area,5,3,63.57484021621731,15.89371005405433,23.84056508108149,11.920282540540745,-1.9999999999319211,-1.2194634976213847,0.2844415157894809,0.6419741167940636
10248,"right Infralimbic area, layer 2/3",4,3,59.427569823179795,23.304929342423446,34.95739401363517,13.982957605454068,-1.3504972470465049,-1.2645163754944064,0.2802100211533591,0.6419741167940636
831,"left Superior colliculus, motor related, deep gray layer",2,3,5.030128134149589,1.676709378049863,5.030128134149589,1.6767093780498628,-1.5849625001475345,-2.0,0.2951672353008665,0.6431857788661057
491,left Induseum griseum,4,2,82.3680784558086,32.94723138232344,65.89446276464687,32.94723138232344,-1.3219280948610899,-1.2080808993852439,0.29608191503091164,0.6431857788661057
11067,right Simple lobule,5,4,111.02405740151433,52.93129871372007,52.667958919124445,51.96571946686945,-1.0686793655566622,-1.1853500717832617,0.2953480907166771,0.6431857788661057
10327,"right Retrosplenial area, dorsal part, layer 2/3",5,4,97.33996008059486,50.82624497879162,65.71474098268007,47.2324700813013,-0.9374585339177237,-1.1368818870691744,0.29842050487467764,0.6465777605618015
147,"left Posterior auditory area, layer 5",5,2,247.0020558076598,49.62094871136022,66.1612649484803,49.62094871136022,-2.315501825704696,-1.1731464089728412,0.3002768100492634,0.6472287719196558
11207,right pyramid,3,2,78.48383127779218,7.134893752526562,49.94425626768594,7.134893752526562,-3.4594316184534764,-1.3834289277321494,0.299629473774114,0.6472287719196558
75,"left Primary somatosensory area, mouth, layer 4",5,3,224.62065168760296,79.51796253351858,253.33156205368758,6.333289051342189,-1.4981378789080755,-1.1303197305357928,0.30151292635539684,0.6482138365056593
11011,right Nucleus raphe magnus,3,3,141.85070172441803,45.59486841142009,151.9828947047336,30.396578940946725,-1.6374299205938205,-1.29881326134686,0.3035268017318825,0.6508615954663047
811,"left Superior colliculus, zonal layer",5,4,252.2385359881975,145.20310459846894,199.1356863064717,105.0993899950823,-0.7967164016070407,-1.1039029678259784,0.30622157899179,0.653272701849152
878,"left Interpeduncular nucleus, rostrolateral",3,2,241.24931541257047,155.08884562236676,206.785127496489,155.08884562236676,-0.6374299206119691,-1.386750490563072,0.3058986703151706,0.653272701849152
10021,"right Primary motor area, Layer 5",5,4,117.07465550474777,42.92533689566039,91.65552362062716,11.304181246544017,-1.4475274306066055,-1.1109587016893958,0.3076691948096112,0.6546822764235205
10752,right Suprachiasmatic nucleus,4,3,60.46291635348449,110.84867998138822,45.34718726511336,90.69437453022672,0.8744691179052952,1.1952286093343933,0.3095692531721028,0.6570449455081366
10600,right Medial amygdalar nucleus,5,4,68.41124049342056,50.02695180174487,69.00269214033774,50.76626636039134,-0.4515278404979725,-1.0903092965904013,0.312989451269121,0.6575173619457818
781,left Ventral premammillary nucleus,2,2,10.213852052372054,76.6038903927904,10.213852052372054,76.6038903927904,2.906890595486103,1.8571428571428574,0.3144528418445153,0.6575173619457818
376,left Ectorhinal area/Layer 5,5,3,121.63852568275631,61.7007014332822,45.33112758363589,60.441503444847854,-0.9792414398216809,-1.1170631628095735,0.31919913542245404,0.6575173619457818
10380,right Main olfactory bulb,5,5,173.80039493245957,91.55317882084546,107.51667098785595,94.39599249442267,-0.9247494765673749,-1.1150856389991426,0.31434719555163126,0.6575173619457818
10154,"right Ventral auditory area, layer 5",5,2,65.55951884790899,28.14423788925386,33.11086810500454,28.14423788925386,-1.2199656839126531,-1.1129359563397883,0.31895443887903846,0.6575173619457818
105,"left Supplemental somatosensory area, layer 6a",5,3,51.845268794615265,9.636667062196144,15.418667299513833,3.8546668248784584,-2.4276061726600178,-1.1286285992964078,0.31849893265329776,0.6575173619457818
11192,"right corpus callosum, anterior forceps",5,4,77.1337752341181,49.66947647651544,95.83287226057098,50.2538232585921,-0.63500318321041,-1.1127780429655827,0.3192752574832883,0.6575173619457818
117,"left Visceral area, layer 4",5,3,118.23468477074297,47.43984265492773,65.68593598374609,54.73827998645507,-1.3174821898379614,-1.1434339146665866,0.3116312246268101,0.6575173619457818
193,"left Posterolateral visual area, layer 1",5,4,503.4891136760709,57.932847807916104,63.19947033590848,57.932847807916104,-3.1195070944340517,-1.1456629324801206,0.315724094341102,0.6575173619457818
77,"left Primary somatosensory area, mouth, layer 6a",4,4,116.51219420116728,19.06563177837283,51.446942894021916,2.421032606777502,-2.6114347120190597,-1.1748851830878222,0.3185682202152799,0.6575173619457818
11029,right Lobule III,5,4,81.81745544016601,49.0468760409521,87.92106668081784,40.69074160434545,-0.7382474201302549,-1.078493780894103,0.3171400997652325,0.6575173619457818
210,"left Laterointermediate area, layer 5",5,3,432.6151040822189,45.0640733418978,108.15377602055473,40.55766600770802,-3.263034405805114,-1.1503434161719552,0.31369368668557573,0.6575173619457818
10194,"right Posterolateral visual area, layer 2/3",4,3,170.2637808817293,67.14627978434395,134.2925595686879,19.184651366955414,-1.3423921974340653,-1.0930241083736936,0.3256847124126614,0.6626341920530598
10335,"right Retrosplenial area, ventral part, layer 2/3",5,4,71.89245254256875,26.517707905045853,27.499845234862367,26.517707905045857,-1.4388842411988738,-1.094950702319458,0.32484576697599493,0.6626341920530598
1195,left genu of corpus callosum,5,4,102.98405494080816,81.58948014676702,103.95104137217724,79.77638058794997,-0.33596592828397187,-1.067046256572861,0.32574204873762197,0.6626341920530598
209,"left Laterointermediate area, layer 4",5,2,525.7392959487684,52.57392959487683,105.14785918975366,52.57392959487683,-3.3219280948626655,-1.1228576973549083,0.32413512290808144,0.6626341920530598
717,left Supraoptic nucleus,3,2,71.68458440878514,215.0537532263554,43.01075064527109,215.0537532263554,1.584962500707739,1.5811388300841895,0.32410392276361655,0.6626341920530598
679,left Anterodorsal nucleus,5,4,97.23412081988195,56.096608165316496,74.79547755375533,56.0966081653165,-0.7935491225216934,-1.0866007179948611,0.3266394723642923,0.6628391244075394
10190,"right Primary visual area, layer 6a",5,4,47.892426839525854,22.917274561882486,26.191170927865702,17.772580272480297,-1.0633620609646008,-1.0739533146195115,0.32778911971225566,0.6635536437970723
10049,"right Primary somatosensory area, nose, layer 6a",5,3,75.02231526596012,24.84182624700666,9.936730498802664,4.968365249401332,-1.5945485495115093,-1.0706880891327883,0.329617903232078,0.663875510674071
1243,left cingulum bundle,5,4,49.42696366635545,24.159012689484634,39.604938835220715,12.673580427270629,-1.0327367863814714,-1.0467872304231827,0.330341900744069,0.663875510674071
208,"left Laterointermediate area, layer 2/3",5,3,497.285766694191,56.767781586094856,153.2730102824561,17.030334475828457,-3.130930869803936,-1.1068042114612646,0.32932518081644907,0.663875510674071
11259,right stria terminalis,4,4,17.975691108206412,37.585535953522495,13.07322989687739,32.683074742193476,1.0641303373778415,1.1109841197270618,0.33704710131969834,0.6719049702687608
10075,"right Primary somatosensory area, mouth, layer 4",5,4,190.10527497325637,72.34561853148922,42.245616660723634,13.729825414735181,-1.3938210133567952,-1.0260878607596968,0.34152678126531655,0.6719049702687608
1135,left vestibular nerve,5,4,100.6992959163408,63.93606089926399,135.864129410936,67.932064705468,-0.6553518286043166,-1.025349454483304,0.3400229291665289,0.6719049702687608
1084,left Copula pyramidis,5,5,94.59384909991478,63.32842848678949,82.94907509604668,50.24799741395135,-0.5788930973955162,-1.0104166723745605,0.34205984784485094,0.6719049702687608
1058,left Uvula (IX),5,4,89.86574158004385,55.01984178370031,97.20172048453722,42.64037738236774,-0.7078192484965226,-1.0078240230468047,0.3480661564733605,0.6719049702687608
10613,right Substantia innominata,5,3,4.359177906243383,2.6419260037838685,5.283852007567737,1.3209630018919343,-0.72246602425597,-1.0833333333333335,0.3428536661171429,0.6719049702687608
905,"left Superior olivary complex, lateral part",4,4,75.25592190741325,141.6582059433661,73.78031559550318,138.706993319546,0.9125371587406741,1.0503054109773544,0.33973046684594516,0.6719049702687608
10105,"right Supplemental somatosensory area, layer 6a",5,4,51.720288228820536,9.649307505376965,13.509030507527752,11.579169006452359,-2.422233000561429,-1.0621222555108418,0.3475698862914219,0.6719049702687608
669,left Posterior complex of the thalamus,4,4,3.9927131085870324,9.582511460608877,3.194170486869626,6.388340973739252,1.263034405623017,1.0844353369380766,0.34585162620033505,0.6719049702687608
732,"left Periventricular hypothalamic nucleus, intermediate part",4,3,98.30233971245782,196.6046794249156,20.69522941314901,175.90945001176658,0.9999999999926614,1.0705287226561204,0.3394863431190903,0.6719049702687608
10715,right Hypothalamus,5,4,19.125236798744794,32.41872525544809,14.488815756624843,36.58425978547773,0.7613497527622329,1.0836902879517243,0.3405714704419536,0.6719049702687608
10794,right Lateral hypothalamic area,3,3,2.5756339766447645,16.419666601110375,2.8975882237253603,9.658627412417868,2.6724253414992276,1.2123503300343919,0.3479915702103564,0.6719049702687608
11172,right cerebellar commissure,4,2,139.83439998195763,44.15823157324978,73.59705262208297,44.15823157324978,-1.6629650127000755,-1.127242960381356,0.33745431712328483,0.6719049702687608
10262,"right Orbital area, lateral part, layer 6a",5,2,52.75415162227249,16.747349721356347,16.747349721356347,16.747349721356347,-1.6553518285537567,-1.0637569963898807,0.3473931896241786,0.6719049702687608
10986,"right Medullary reticular nucleus, dorsal part",5,4,33.67457661043763,14.641120265407668,18.301400331759584,9.150700165879792,-1.2016338611139552,-1.0400346684000963,0.3400343387245965,0.6719049702687608
651,left Posterior triangular thalamic nucleus,2,2,25.05312485858087,7.158035673880248,25.05312485858087,7.158035673880248,-1.8073549219136404,-1.666666666666667,0.3440417392452613,0.6719049702687608
197,"left Posterolateral visual area, layer 6a",3,2,117.82945176774244,18.60465027911723,55.81395083735169,18.60465027911723,-2.662965012657128,-1.2199885626608375,0.346802735257819,0.6719049702687608
374,left Ectorhinal area/Layer 1,5,5,644.3104975783895,1060.2386356865047,627.6733720540649,846.9809357837984,0.7185610137839065,1.0306639764664627,0.35154290111394976,0.6721718993809869
1020,left Lingula (I),5,4,404.06989993111193,233.75944624113913,434.12468587640126,125.22827477203882,-0.7895802203270267,-1.0157428016537768,0.34999460131582844,0.6721718993809869
10814,"right Inferior colliculus, dorsal nucleus",5,4,232.31477095784186,96.41970474324489,65.03603614054165,97.5540542108125,-1.2686809689661835,-1.041240492500093,0.35278343167851756,0.6721718993809869
110,"left Gustatory areas, layer 4",4,2,136.05441530646965,47.619045357264376,81.63264918388178,47.619045357264376,-1.5145731728100655,-1.0947974973864745,0.3526197775169205,0.6721718993809869
10937,right Area postrema,5,3,441.1257688236411,232.81637799025506,441.1257688236411,330.84432661773087,-0.9219974879958006,-1.0143154759030648,0.3514406919475734,0.6721718993809869
365,"left Temporal association areas, layer 6a",5,3,35.20057225046344,17.855362735742325,19.13074578829535,19.13074578829535,-0.9792414397933882,-1.0395317765991938,0.3530518269585231,0.6721718993809869
10810,"right Superior colliculus, superficial gray layer",4,4,114.04102550558916,41.19352632331167,86.7232133122351,13.008481996835265,-1.469063380938983,-1.0327825484564799,0.3550514056555147,0.6744355468159549
11114,right brachium of the superior colliculus,5,4,152.0475076265211,85.02656676483087,90.02812951570328,80.02500401395847,-0.8385365772984046,-1.0222556411163557,0.3566168463786002,0.6754478740767416
11020,right Lingula (I),5,4,558.6523471254679,294.02755111866736,653.394558041483,73.50688777966684,-0.9259994185538988,-1.0213014358018848,0.35720801032904603,0.6754478740767416
1076,left Crus 2,5,5,31.375040534277293,56.56896335731292,29.340748629311683,40.29462811758804,0.8503934104757181,1.030498932646529,0.3596943805146568,0.6770717750864128
10259,"right Orbital area, lateral part, layer 1",5,4,310.7884708453485,218.94033169517678,336.42050967795456,234.96035596555555,-0.5053952434008906,-0.981858426159738,0.3593619290323962,0.6770717750864128
11302,right lateral recess,5,4,391.77507746125696,303.10792061292176,379.69390767170273,269.66896851683435,-0.3701940721815496,-0.967230195756196,0.3658889623526464,0.6778555404336412
1054,left Pyramus (VIII),3,2,3.219720636909232,17.708463503000775,1.609860318454616,17.708463503000775,2.4594316182706857,1.4795908857482156,0.3690727882409128,0.6778555404336412
10531,right Presubiculum,5,4,209.92830059298785,163.93885329813227,181.79357989495853,165.5620102614801,-0.3567388587122488,-0.9860505764885191,0.3641020988032941,0.6778555404336412
10495,"right Entorhinal area, lateral part, layer 1",5,5,564.334346404954,374.04976895288644,429.8720111604523,358.5662273186711,-0.5933199175214424,-0.9546200666339562,0.36774559664213097,0.6778555404336412
10712,right Medial habenula,5,4,385.1128077313723,221.94001094908631,431.3763593094917,109.40704765095805,-0.7951113263001026,-0.9953111949277659,0.3632108999479296,0.6778555404336412
844,left Anterior pretectal nucleus,4,4,9.008567503572554,5.87515271972123,7.050183263665476,5.483475871739815,-0.6166713603630827,-1.0052493799000695,0.3680707347239269,0.6778555404336412
10822,"right Substantia nigra, reticular part",5,3,5.683721599045683,10.33403927099215,6.458774544370094,12.917549088740188,0.8624964761358419,1.0618899231166596,0.3672941058459873,0.6778555404336412
10106,"right Supplemental somatosensory area, layer 6b",3,2,51.779932815666115,14.563106104406096,19.417474805874793,14.563106104406096,-1.8300749984864844,-1.1372768057985423,0.3690270737330209,0.6778555404336412
573,left Caudoputamen,5,4,8.563199070561105,13.183021908449096,7.379417511435062,10.185133544428602,0.6224593436611024,1.00725801154517,0.3619879754851604,0.6778555404336412
476,"left Dentate gyrus, granule cell layer",5,4,22.204029663020037,14.033445713987382,21.206095745580935,9.355630475991589,-0.6619522397115314,-1.0090565509008735,0.36256389763617924,0.6778555404336412
703,left Reticular nucleus of the thalamus,4,4,10.366274559459754,7.256392191621829,10.366274559459754,6.219764735675852,-0.5145731727701128,-0.9761870601839525,0.3669646668372548,0.6778555404336412
10496,"right Entorhinal area, lateral part, layer 2",5,4,126.04566216829144,304.5063521689417,117.30982419623163,226.50779884697917,1.2725258548043834,1.0409056090529112,0.3702704635602746,0.6785573252910759
621,left Bed nuclei of the stria terminalis,5,4,3.879239820408543,7.460076577708737,2.984030631083495,5.96806126216699,0.9434164714551199,1.0117789691748167,0.37576905576344205,0.681132580381664
10815,"right Inferior colliculus, external nucleus",5,4,134.30701953203192,47.53787949159103,71.05661987164133,41.53309471370585,-1.4983852529622668,-0.9932661738460551,0.37570982280756615,0.681132580381664
10978,right Intermediate reticular nucleus,4,3,13.867314350004982,7.203799662340251,12.606649409095438,2.161139898702075,-0.9448584457113057,-0.9980577791814086,0.3756886206520245,0.681132580381664
553,left Hippocampo-amygdalar transition area,4,3,300.85873608012787,12.63448760441482,33.1655299615889,14.213798554966672,-4.57364718738393,-1.0390598501788926,0.37513311135145605,0.681132580381664
241,"left Prelimbic area, layer 2/3",5,4,380.6655443346558,195.15132336143748,216.83480373493052,248.15538649664268,-0.9639307452888753,-0.978411357802488,0.3727997512213569,0.681132580381664
1142,left brachium of the inferior colliculus,5,4,594.8640579286125,350.74531717488946,489.0391850895602,296.63032538219227,-0.762136169899424,-0.9422071925642126,0.37757258326816145,0.6829138897371964
10679,right Anterodorsal nucleus,5,3,120.14078428188648,66.7448801566036,125.14665029363174,25.029330058726348,-0.8479969065453432,-0.9644527897227275,0.38075938870707227,0.6856965614811344
10590,right Septofimbrial nucleus,5,2,20.7792197922608,10.389609896130402,12.467531875356482,10.389609896130402,-0.9999999999305699,-0.9768308314557042,0.38039120626903267,0.6856965614811344
750,"left Periventricular hypothalamic nucleus, preoptic part",4,4,46.068657834004604,88.59357275770117,49.612400744312644,56.69988656492874,0.9434164716186011,1.0023228835014686,0.38669510503266635,0.6889300372316455
10775,"right Tuberomammillary nucleus, ventral part",3,2,123.20723257322796,295.6973581757471,73.92433954393678,295.6973581757471,1.2630344058269634,1.1393038422796233,0.38628932679940836,0.6889300372316455
11080,right Paramedian lobule,5,4,46.291611926865706,59.70798618000599,49.159233904636146,58.78625054429406,0.3671731107783059,0.9566802299892182,0.3858786713901578,0.6889300372316455
335,"left Retrosplenial area, ventral part, layer 2/3",5,4,59.22294117529509,21.08101382895438,15.688196337826513,2.9415368133424713,-1.490211889691543,-0.9410650767696659,0.3839648302223225,0.6889300372316455
10370,"right Perirhinal area, layer 5",5,2,245.23808358991133,47.61904535726434,59.52380669658042,47.61904535726434,-2.364572432271442,-0.9670468080442738,0.3853943986164759,0.6889300372316455
10265,"right Orbital area, medial part, layer 1",5,4,847.8909584228038,412.8134316172294,607.6242645152478,477.7503759165689,-1.0383888292025163,-0.9417316279987025,0.389124957860446,0.6890055567120644
593,left Anterior amygdalar area,3,2,13.489302763233903,24.28074497382103,8.093581657940343,24.28074497382103,0.8479969065074163,1.1094003924504585,0.3879768065234696,0.6890055567120644
10588,"right Lateral septal nucleus, rostral (rostroventral) part",5,4,17.20201670352145,9.82213916713416,22.29891054160188,10.618528829334227,-0.8084685423052986,-0.933446677866178,0.38922188900801713,0.6890055567120644
770,left Supramammillary nucleus,3,4,28.94260674896383,13.813516857460009,23.68031461278859,15.786876408525725,-1.067114195803943,-1.0758946203674724,0.3907894679304168,0.6903117565140271
10416,right Piriform area,5,5,94.30861351307557,64.70532302272255,101.32902001954947,30.26037287273235,-0.5435051416674802,-0.9495284174603392,0.3928204043379324,0.6913216252135732
1025,left Lobule II,5,5,102.58827479352935,67.28583905575601,99.57097259371966,73.92390389533732,-0.6084910362100188,-0.9064866189169738,0.3938054746413813,0.6913216252135732
665,"left Dorsal part of the lateral geniculate complex, ipsilateral zone",3,3,69.67123553250966,41.80274131950579,83.60548263901158,41.80274131950579,-0.7369655941524016,-1.0000000000000002,0.39385390667215586,0.6913216252135732
10834,"right Superior colliculus, motor related, intermediate gray layer",4,4,35.276823410183084,13.963742599864135,25.477705796243338,4.4096029262728855,-1.33703498721515,-0.9369293600996172,0.3954547135003087,0.6916422805652606
10077,"right Primary somatosensory area, mouth, layer 6a",5,4,82.85259656437215,30.888029420928216,8.479066899862648,7.267771628453698,-1.4234990779977454,-0.9166241197512188,0.3956991893618558,0.6916422805652606
108,"left Gustatory areas, layer 1",5,5,588.8817611669978,398.72202579015476,603.1948595286956,460.063875911717,-0.5625946876915332,-0.8933845361867035,0.39838106753014757,0.6934164187972444
935,left Medulla,5,5,67.72526488211466,46.840155264836845,49.942653432620865,65.07679083644537,-0.531948272927856,-0.8998251336801356,0.3977799026481763,0.6934164187972444
211,"left Laterointermediate area, layer 6a",3,2,276.0784182595283,37.647057035390226,50.19607604718697,37.647057035390226,-2.874469117883045,-1.0539303728279352,0.40186699236289053,0.6980236694069414
10992,"right Paragigantocellular reticular nucleus, lateral part",4,3,32.387237185561176,85.42720533003092,15.48954821918143,70.40703735991559,1.39927018339287,0.9837250853653741,0.40295602064994807,0.69845710245991
115,"left Visceral area, layer 1",5,5,572.3340043245637,393.98959971833506,728.5310645679273,454.6033842903866,-0.5386997780313678,-0.8862308578281877,0.4039841166348566,0.6987833368819142
10955,"right Spinal nucleus of the trigeminal, interpolar part",3,3,9.748171754695866,33.21599264563036,2.1662603899324147,19.496343509391732,1.7686744537889814,0.9714485613498385,0.4177762122834318,0.7032025069537586
246,"left Infralimbic area, layer 1",4,2,105.96025986782007,47.85302058546713,68.36145797923875,47.85302058546713,-1.1468413883127382,-0.8997354108424375,0.4193601509367169,0.7032025069537586
22,"left Primary motor area, Layer 6a",5,4,49.79299766755795,17.038106743787285,10.431493924767725,15.64724088715159,-1.5471778382059853,-0.9057228962786248,0.4131221636603428,0.7032025069537586
109,"left Gustatory areas, layer 2/3",5,5,141.22765451970758,73.59751010181944,69.6192663125319,24.864023683047108,-0.9402937538663451,-0.8751456548393902,0.4128376831987175,0.7032025069537586
127,"left Dorsal auditory area, layer 6a",4,2,46.06265657590075,21.67654427101212,27.09568033876515,21.67654427101212,-1.087462841215104,-0.9015037604471401,0.42031878621850194,0.7032025069537586
475,"left Dentate gyrus, polymorph layer",5,2,7.006979275780841,16.057660840331096,2.9195746982420174,16.057660840331096,1.1963972126874542,1.1708538406307718,0.4178185999292243,0.7032025069537586
438,"left Cortical amygdalar area, posterior part, medial zone",5,3,101.92065918759712,39.12106110231,40.15056271026553,32.42930065059908,-1.3814291066133018,-0.8990368780996341,0.41788622459412095,0.7032025069537586
375,left Ectorhinal area/Layer 2/3,5,4,419.17335920032986,267.2652718691619,435.23040320195537,204.93858791548382,-0.6492746408032466,-0.8853491528818499,0.4082853797343288,0.7032025069537586
569,left Posterior amygdalar nucleus,5,4,61.26976648730012,30.531387016475566,16.559396347918952,27.94398133711323,-1.0048822213560398,-0.8886919537195443,0.4205136351331238,0.7032025069537586
10144,"right Posterior auditory area, layer 1",5,3,288.6414116800239,172.2345872164752,231.6258241876735,71.269484365438,-0.7449034135874681,-0.959632045059097,0.4104478527309495,0.7032025069537586
799,left Retrochiasmatic area,2,2,47.337275858108924,148.7742955540566,47.337275858108924,148.7742955540566,1.6520766965589133,1.1538461538461537,0.41426333180989416,0.7032025069537586
84,"left Primary somatosensory area, upper limb, layer 6a",5,3,34.42802426547052,14.16791122035824,14.876306781376153,12.751120098322417,-1.2809563137711322,-0.8789147681934791,0.4209072697872257,0.7032025069537586
10512,"right Entorhinal area, medial part, dorsal zone, layer 3",5,4,42.28850779158792,87.93163278779697,14.231709352938239,71.1585467646912,1.056116604365286,0.8897790488574092,0.41821126977201234,0.7032025069537586
707,left Ventral part of the lateral geniculate complex,4,3,45.76729585477466,85.76213998011826,42.05643402871185,98.95631536167492,0.9060238517762859,0.9471193108770048,0.4131716633477577,0.7032025069537586
589,"left Lateral septal nucleus, ventral part",4,3,7.413127061022772,12.080651506851924,6.5894462764646855,16.473615691161715,0.7045441163986369,0.9260490081948333,0.41793728873731406,0.7032025069537586
806,left Midbrain,5,5,61.99754743941882,45.1323142279294,67.9953944618147,60.2753933438794,-0.4580503882302412,-0.8803884625847967,0.41087448793088016,0.7032025069537586
810,"left Superior colliculus, superficial gray layer",5,4,29.195176195577897,22.157053362715367,27.804929710074187,22.591505389435277,-0.39796398590420584,-0.8740724451921389,0.41854865994986107,0.7032025069537586
10057,"right Primary somatosensory area, barrel field, layer 6b",3,3,73.42080385477975,36.71040192738987,68.832003613856,27.5328014455424,-0.9999999999803508,-0.9299811099505546,0.4250327919763148,0.7044368185742907
10765,"right Medial mammillary nucleus, median part",3,3,24.931825851251812,33.242434468335745,24.93182585125181,24.93182585125181,0.41503749926437716,0.9999999999999996,0.4226497308103744,0.7044368185742907
523,left Parasubiculum,5,4,49.72038741840363,32.14680221017477,49.29176338893464,23.57432162079483,-0.6291623046158287,-0.8673809394763008,0.424682214785968,0.7044368185742907
508,"left Entorhinal area, medial part, dorsal zone, layer 1",5,4,192.0995742718347,112.03131526304742,149.37508701739657,79.50609470280784,-0.7779522674761876,-0.8507078837223844,0.424169743375469,0.7044368185742907
947,left Nucleus of the trapezoid body,3,2,215.48820525307494,58.18181541833024,64.64646157592249,58.18181541833024,-1.8889686875931546,-0.9607758571617172,0.4260473348108353,0.7047144782556958
10336,"right Retrosplenial area, ventral part, layer 5",5,3,44.6883963688829,16.32998441287165,8.364138357812308,17.92315362388352,-1.4523768610472836,-0.8616332004481098,0.43219245225094316,0.709425669106908
10682,right Lateral dorsal nucleus of thalamus,5,4,96.51012036215916,68.44340168540879,88.631743189738,68.93580025868512,-0.4957687713855708,-0.848832298041931,0.43062791543644907,0.709425669106908
1114,left brachium of the superior colliculus,5,4,361.9795586120784,271.4846689590588,341.86958313362953,276.51216282867097,-0.41503749927751526,-0.8402290714468037,0.432306267112022,0.709425669106908
664,"left Dorsal part of the lateral geniculate complex, core",5,4,40.03872603451043,57.19818004930062,38.13212003286708,54.814922547246425,0.5145731728189485,0.8510535243692268,0.43201649358931166,0.709425669106908
10449,right Postpiriform transition area,5,5,193.38890081161463,93.83366784942248,90.11465052612219,35.75978195481039,-1.0433274316561856,-0.8197032679784211,0.43937911545369485,0.718402718542877
967,left Facial motor nucleus,5,4,87.66824131252132,122.12491327117398,58.88165461288746,130.84812136197212,0.4782313257613948,0.819919509689699,0.4395035862239476,0.718402718542877
11084,right Copula pyramidis,5,4,98.01211716145023,113.13695120224406,96.57545746364396,113.33648727138382,0.20703817445744394,0.8190739253237631,0.44061434124320936,0.7188061410085297
10749,"right Periventricular hypothalamic nucleus, posterior part",5,2,43.7393193772168,70.29533471338414,31.242370983726282,70.29533471338414,0.6844981742596099,0.9670962107805762,0.4439013067691403,0.7227512470292069
10967,right Facial motor nucleus,5,4,63.21310281818516,116.07233534718485,47.954767655174955,86.1006055627005,0.8767286250878731,0.8326195594325303,0.44809299667890706,0.7239094625958266
867,left Pedunculopontine nucleus,3,3,6.737314579285907,4.4915430528572715,4.4915430528572715,4.4915430528572715,-0.5849625006140886,-0.8660254037844386,0.44653902333461293,0.7239094625958266
10326,"right Retrosplenial area, dorsal part, layer 1",5,4,521.023283950846,434.18606995903826,560.3183360923902,413.5682956872404,-0.2630344058332402,-0.8050861411429866,0.44726172256262803,0.7239094625958266
10467,right Field CA3,5,4,48.33561738841552,32.32484320064116,42.46127551294098,18.357318360857942,-0.5804432973115985,-0.8178067508088941,0.4460183590341325,0.7239094625958266
1295,left subependymal zone,5,4,295.40732499498426,221.5554937462382,324.94805749448267,184.62957812186517,-0.41503749927721584,-0.8136088739827494,0.4499618266596617,0.7255198445365088
10509,"right Entorhinal area, medial part, dorsal zone, layer 2",5,4,43.50716808188541,79.39264248519235,20.642087046150014,61.92626113845003,0.8677522016865722,0.8253673893231354,0.4509489721356704,0.7257051156999571
10229,"right Anterior cingulate area, dorsal part, layer 5",5,3,85.65901198202434,31.787523977704343,36.806606711026085,5.0190827333217385,-1.430144391640509,-0.8085264650594872,0.45267060577098456,0.7270693899642069
405,"left Taenia tecta, ventral part",5,4,65.7038423638356,90.48198630612954,50.11310010801021,103.01026133313209,0.4616528585479625,0.7905465436501481,0.45516287296491453,0.729663796352233
10047,"right Primary somatosensory area, nose, layer 4",5,3,154.04094403233273,74.22193985760107,69.35492740792232,7.3005186745181385,-1.0533962569680206,-0.7965918028866162,0.45851235760204445,0.7324360518657506
11159,right medial lemniscus,4,3,32.35971813751729,21.07144436861591,30.10206338373702,21.07144436861591,-0.6189098326206098,-0.8442613286950218,0.458652864209202,0.7324360518657506
10904,"right Superior olivary complex, medial part",2,3,92.29289739488378,47.855576426976775,92.29289739488378,61.52859826325585,-0.9475325800913496,-0.9827076298239907,0.46154827378465124,0.7328400072305913
10387,"right Accessory olfactory bulb, glomerular layer",5,4,1101.6605390064558,712.839172298295,738.7605967455057,693.3981039628869,-0.6280312226123277,-0.7819998892456529,0.4598501772057622,0.7328400072305913
283,"left Agranular insular area, dorsal part, layer 6a",4,3,12.157081722817543,6.825028335616866,7.678156877568974,7.678156877568974,-0.8328900140720299,-0.8384730886319218,0.4613324736949566,0.7328400072305913
10942,right Ventral cochlear nucleus,5,5,181.5518958749324,135.8685554812401,206.7564974714523,151.62143147906502,-0.4181703887611346,-0.7706663050064639,0.46381078104966006,0.735029656825366
749,"left Periventricular hypothalamic nucleus, posterior part",3,2,26.474723653579606,87.3665880568127,15.884834192147766,87.3665880568127,1.722466024433111,1.0758946203674724,0.46696166592059124,0.7386161711899847
10813,"right Inferior colliculus, central nucleus",4,3,11.102167170918438,56.843095915102396,10.658080484081701,5.32904024204085,2.356143810120708,0.8847478288068695,0.468483455040382,0.7396171434413621
10108,"right Gustatory areas, layer 1",5,4,260.935512258567,184.576476694529,232.61692953283108,182.0480318083026,-0.49947460165358704,-0.7642166240585759,0.4697159769158985,0.7401585090795977
1067,left Simple lobule,5,4,57.74879525484007,67.7073010059028,60.067177546092765,67.7951185169351,0.22952056111703925,0.7982097687683529,0.4731344572699217,0.742731827261462
904,"left Superior olivary complex, medial part",3,4,231.18192793047038,45.89641216266691,30.597608108444607,15.298804054222304,-2.3325753390616777,-0.8685052182930584,0.4730912811853749,0.742731827261462
10948,right Nucleus of the solitary tract,4,2,134.52288526524018,66.96772454252132,131.58570436425242,66.96772454252132,-1.0063137739213832,-0.9813301232987132,0.4755220613156372,0.7450741149051038
1296,left choroid plexus,5,4,662.3912491920548,558.0381206335761,665.4604588555395,621.5149568556453,-0.2473199349794123,-0.7367602560474787,0.48786890661277865,0.7458783863279423
10022,"right Primary motor area, Layer 6a",5,4,50.48075116312867,26.94392710153218,18.078505926189333,25.727104587269434,-0.9057732378091853,-0.7749582539046946,0.47752875533437655,0.7458783863279423
1080,left Paramedian lobule,5,5,33.01904147856719,43.83421139214254,32.36357663532019,43.424545865113174,0.4087590527497616,0.7635800398859793,0.4833998287107289,0.7458783863279423
1062,left Nodulus (X),5,4,180.24440325829153,134.65395030492778,164.09916302516996,136.96986591213783,-0.4206979088557518,-0.7339424687539212,0.488242393462609,0.7458783863279423
10754,right Ventromedial preoptic nucleus,3,2,173.0089333504103,59.88770769821895,39.9251384654793,59.88770769821895,-1.5305147166830286,-0.8405958999380528,0.48578429643194354,0.7458783863279423
10659,"right Medial geniculate complex, dorsal part",5,3,27.856364291692415,42.55833433453008,23.21363690974368,58.034092274359196,0.6114347120644559,0.7799077559781528,0.4796174729415342,0.7458783863279423
10663,"right Dorsal part of the lateral geniculate complex, shell",3,4,57.97101173927832,41.06279998198882,38.64734115951888,33.81642351457902,-0.4974996594605692,-0.7909057560124443,0.48858620258260643,0.7458783863279423
568,"left Basomedial amygdalar nucleus, posterior part",5,3,24.547791189009143,10.22824632875381,8.368565178071298,8.368565178071298,-1.2630344057515144,-0.7539966068321479,0.48801318756916795,0.7458783863279423
82,"left Primary somatosensory area, upper limb, layer 4",5,2,155.93907888770747,72.61868869770692,53.50850746146825,72.61868869770692,-1.1025697336299323,-0.7538154933567808,0.48719058388294884,0.7458783863279423
368,"left Perirhinal area, layer 1",5,5,799.5507761727306,600.1122679588584,610.892727862311,440.2021127243123,-0.4139572333791083,-0.730271059935628,0.48628615356294796,0.7458783863279423
361,"left Temporal association areas, layer 1",5,5,718.0925325123509,1015.8017282830966,661.9915534098235,905.0957961874423,0.5003771686356249,0.7544274745866505,0.4881123764702012,0.7458783863279423
10243,"right Prelimbic area, layer 6a",4,3,46.336204695700104,20.114941573327176,19.396550802851205,21.551723114279117,-1.203872333325063,-0.7975879837727377,0.47969202599621386,0.7458783863279423
712,left Medial habenula,5,4,287.0794597920537,243.393455041089,237.15259721952262,237.1525972195226,-0.23815973719386246,-0.7491881822459246,0.4801034008907137,0.7458783863279423
10274,"right Orbital area, ventrolateral part, layer 2/3",4,2,42.03486783865512,26.749461351871435,32.48148878441532,26.749461351871435,-0.6520766965600808,-0.7770286898858114,0.48265419320439645,0.7458783863279423
983,"left Lateral reticular nucleus, parvicellular part",2,2,210.29571837950732,122.67250238804594,210.29571837950732,122.67250238804594,-0.7776075786586516,-0.9284766908852594,0.4918852684498145,0.7481691834556593
809,"left Superior colliculus, optic layer",5,4,26.16822305614152,17.91277173485878,15.57632324770329,15.57632324770329,-0.5468273718089766,-0.743925290240744,0.4915019106070567,0.7481691834556593
1116,left optic chiasm,3,2,26.30497203459238,78.91491610377713,19.728729025944286,78.91491610377713,1.5849625006845927,0.967773406254614,0.4943010458710443,0.7494589393362768
10514,"right Entorhinal area, medial part, dorsal zone, layer 5",5,4,30.215530552523195,77.18097478090164,10.947655997291013,27.36913999322753,1.3529549904789324,0.7597967904813184,0.4945348049226154,0.7494589393362768
599,left Intercalated amygdalar nucleus,2,2,21.831825672919422,10.915912836459711,21.831825672919422,10.915912836459711,-0.9999999999339177,-1.0,0.5000000000000001,0.7522603978300182
861,left Lateral terminal nucleus of the accessory optic tract,2,2,112.28069642134001,168.42104463201002,112.28069642134001,168.42104463201002,0.5849625007168732,1.0000000000000002,0.49999999999999994,0.7522603978300182
619,left Triangular nucleus of septum,3,2,24.599372020641074,14.191945396523696,17.030334475828436,14.191945396523696,-0.7935491224895654,-0.7682733253465361,0.49913946023430633,0.7522603978300182
281,"left Agranular insular area, dorsal part, layer 2/3",5,4,297.52376968863433,123.60838762463217,56.13656031861025,88.52303742550077,-1.2672282897131626,-0.7337030485578981,0.49824080746929633,0.7522603978300182
986,"left Medullary reticular nucleus, dorsal part",5,4,71.77227523497066,37.076239120106024,38.44943316159143,35.70304507862061,-0.9529317463244107,-0.7195209670436258,0.5016853255265462,0.7534335574694702
998,left Parapyramidal nucleus,2,3,422.30285028151286,49.2686658661765,422.30285028151286,63.34542754222692,-3.0995356735250486,-0.9808090035118271,0.5058108559073041,0.7582605984051838
10375,right Ectorhinal area/Layer 2/3,5,4,591.5157572499566,391.13665702171807,472.71061222945605,338.8456600936809,-0.5967438500331503,-0.6973978963682648,0.5087357750917716,0.7599069387367217
903,"left Superior olivary complex, periolivary region",4,4,163.4615306975324,111.26373097899263,208.79119887415902,87.91208373648801,-0.5549677604191782,-0.7039451529143441,0.5082340711501364,0.7599069387367217
10085,"right Primary somatosensory area, upper limb, layer 6b",3,3,71.70868006740994,44.817925042131215,53.781510050557465,26.890755025278732,-0.6780719051005666,-0.7276068751089989,0.5175714653889206,0.764906750722353
10176,"right Anteromedial visual area, layer 6a",3,2,83.1232293011518,29.33761034158298,14.66880517079149,29.33761034158298,-1.502500340497364,-0.7682733253465361,0.5168606611607875,0.764906750722353
1240,left amygdalar capsule,4,2,56.88622484295954,35.92814200607971,41.916165673759664,35.92814200607971,-0.6629650127076354,-0.731126155013931,0.5176315374029739,0.764906750722353
10589,"right Lateral septal nucleus, ventral part",3,3,5.481047304880125,7.673466226832176,3.288628382928075,9.865885148784226,0.4854268270950376,0.7071067811865476,0.5185185185185182,0.764906750722353
531,left Presubiculum,5,4,134.6593535931992,102.29348002055727,110.41201018091895,124.48412912554588,-0.3966002510187775,-0.6820851010958549,0.5171831500453479,0.764906750722353
647,left Ventral posterolateral nucleus of the thalamus,5,3,5.469890413603213,9.876191024561356,2.2791210056680056,6.837363017004017,0.852442811468468,0.7448149705593954,0.5162078688954463,0.764906750722353
10286,"right Agranular insular area, posterior part, layer 1",5,5,465.40303121705875,353.0643685094928,486.171523482323,273.766488951211,-0.39854937648928873,-0.7010316881059044,0.5139068691569658,0.764906750722353
496,"left Entorhinal area, lateral part, layer 2",5,4,214.00260095411085,167.73513885971977,207.01883309080654,130.94564743695594,-0.35144338005369946,-0.7143237029240452,0.520231889908074,0.7656007816380024
10249,"right Infralimbic area, layer 5",2,2,50.92202322955984,14.977065655752895,50.92202322955984,14.977065655752895,-1.7655347462949813,-0.8994380267950337,0.5217495711403213,0.7656007816380024
10767,"right Medial mammillary nucleus, medial part",3,2,19.634912397657082,88.35710578945687,14.726184298242812,88.35710578945687,2.1699250013851645,0.9312661473328349,0.5215462595365911,0.7656007816380024
10573,right Caudoputamen,5,5,26.855876089748232,21.24488881284033,25.825914041658287,17.75531590364007,-0.3381219925143131,-0.6691359242945717,0.5250671146598392,0.7660522976219998
11117,right optic tract,5,4,195.08356988840325,147.31383943185875,180.2091628001379,164.4766168413957,-0.4051993069511936,-0.6666910149597102,0.5266609546151249,0.7660522976219998
822,"left Substantia nigra, reticular part",5,3,24.80670115342959,15.073516325868674,15.504188220893493,6.460078425372289,-0.7187138895724304,-0.6774670430731926,0.5256419715397019,0.7660522976219998
265,"left Orbital area, medial part, layer 1",5,4,581.773932996544,370.90520393801404,471.8400627145883,286.9955020635125,-0.6494081468590843,-0.6790488316810609,0.5262440411681075,0.7660522976219998
10569,right Posterior amygdalar nucleus,5,4,36.03650078010617,20.1928668164388,14.497442842571447,14.497442842571447,-0.8356131820677057,-0.6761114382639278,0.5264332632910778,0.7660522976219998
1265,left supraoptic commissures,5,2,425.1482597590946,303.6773283993533,379.5966604991916,303.6773283993533,-0.4854268271688844,-0.6785511437439766,0.5276240835456424,0.7661138525479484
945,left Gracile nucleus,3,2,253.28736190030193,147.07008110340112,343.1635225746026,147.07008110340112,-0.7842713089404493,-0.7019340213028505,0.5348337718513035,0.7752294393384749
10023,"right Primary motor area, Layer 6b",4,4,38.186155704154714,51.82406845563855,32.73099060356118,49.09648590534178,0.4405725913760396,0.6546536707079778,0.5370007506753918,0.7770167383685668
10230,"right Anterior cingulate area, dorsal part, layer 6a",5,3,49.68766496104056,21.893032454098332,11.422451715181737,8.566838786386302,-1.182415945588647,-0.655916500953056,0.5398313873199868,0.7784050506936377
10571,right Striatum,5,4,36.26820089249097,28.799032470984116,31.21443519435698,23.039225976787293,-0.33268483739096955,-0.6532277702206919,0.5394070088481174,0.7784050506936377
560,"left Endopiriform nucleus, ventral part",5,3,23.440209642930704,15.078497431125015,12.336952443647741,10.280793703039784,-0.6364928013271071,-0.6489361702127658,0.5437200593362258,0.7805567286431226
269,"left Orbital area, medial part, layer 6a",3,2,17.88208911991152,64.37552083168147,10.729253471946912,64.37552083168147,1.8479969064966826,0.8590641805916168,0.5441381041021768,0.7805567286431226
11300,right cerebral aqueduct,5,4,410.531792240922,366.37575644756697,396.2109157674014,365.1823500747736,-0.1641699093314953,-0.6566576051988835,0.5439658759617952,0.7805567286431226
329,"left Retrosplenial area, dorsal part, layer 5",5,4,74.57854994451529,41.432527746952935,21.544914428415527,9.943806659268704,-0.8479969065394747,-0.6342126209630792,0.5461045904253826,0.780685600058279
10268,"right Orbital area, medial part, layer 5",5,2,46.67196808285574,23.33598404142787,12.728718568051566,23.33598404142787,-0.9999999999690885,-0.6493094697110507,0.5459351438366199,0.780685600058279
11140,right lateral lemniscus,5,4,101.2104130304999,74.9484693650029,93.5356897675236,74.34888161008287,-0.4333868091527408,-0.6325474205917092,0.551649838841239,0.7872601473686291
10820,right Subcommissural organ,5,3,404.2105071168231,314.38594997975133,404.2105071168231,404.2105071168231,-0.36257007938368846,-0.6231769528497558,0.5564006798791051,0.7913254113836162
10231,"right Anterior cingulate area, dorsal part, layer 6b",2,2,320.8019897752556,120.30074616572085,320.8019897752556,120.30074616572085,-1.4150374992713484,-0.8219949365267863,0.5560685116356114,0.7913254113836162
111,"left Gustatory areas, layer 5",5,3,43.30026742330868,26.909770715050588,18.347570942079948,25.686599318911927,-0.686245836538044,-0.6373297459598782,0.557550446834477,0.7916074603520219
10246,"right Infralimbic area, layer 1",5,3,366.23374883859685,177.48916905889448,116.88311133146708,64.93506185081505,-1.0450337536103145,-0.6218262733493028,0.5589458377958485,0.7922366900275059
1177,left uncinate fascicle,2,3,35.38518077414117,47.180241032188235,35.38518077414117,47.18024103218823,0.4150374992686513,0.6546536707079776,0.561150881240085,0.7926613466752994
731,"left Periventricular hypothalamic nucleus, anterior part",2,3,60.95237805729857,81.26983740973142,60.95237805729857,81.26983740973142,0.4150374992729267,0.6546536707079772,0.5611508812400857,0.7926613466752994
11116,right optic chiasm,5,3,53.004744477662754,36.62929496423849,45.24795260288284,19.39197968694979,-0.5331235691893701,-0.6245895585978379,0.5630162412088081,0.7939483265859802
217,"left Postrhinal area, layer 5",5,3,99.79695781979494,65.83827078389248,51.97758219780986,67.57085685715282,-0.6000693931039084,-0.6105178423133075,0.566688416192508,0.7964269632975788
588,"left Lateral septal nucleus, rostral (rostroventral) part",5,3,13.202241890935507,10.292070291320693,13.841060046948519,9.582272340195129,-0.3592497210621979,-0.6210339345575037,0.5657365405030756,0.7964269632975788
10027,"right Secondary motor area, layer 5",5,4,88.89072734366258,50.19451519157065,46.87769700710563,6.85475758122771,-0.8245032038755019,-0.5960438373571622,0.5700957732904642,0.7971759384498592
336,"left Retrosplenial area, ventral part, layer 5",4,2,57.45329785904363,27.387064264414583,23.219467528525406,27.387064264414583,-1.0688950811835,-0.6189489320646631,0.5694968070957097,0.7971759384498592
10975,right Gigantocellular reticular nucleus,3,2,13.229973531816691,59.53488089317512,3.0530708150346215,59.53488089317512,2.1699250013574978,0.7843953234681561,0.5692956075490808,0.7971759384498592
10811,"right Superior colliculus, zonal layer",5,4,203.80070937494216,135.59321389865102,82.17770539312183,147.91986970761928,-0.5878740961374986,-0.5925196639867039,0.5767404804898197,0.7985093192475554
826,left Midbrain reticular nucleus,4,2,3.0129628873495964,2.527001131325468,2.9157705361447706,2.527001131325468,-0.25375659215370033,-0.6401843996644795,0.5763399523065681,0.7985093192475554
10554,right Area prostriata,5,4,153.64955707764267,116.1664998066855,136.3020264398443,108.4220664862398,-0.40344952500060194,-0.5854161042952133,0.5766485376492348,0.7985093192475554
1098,left Interposed nucleus,5,4,21.82319336255431,37.726265121436974,23.21616315165352,19.733738678905492,0.7897070562103121,0.6184256058064438,0.5724905227896652,0.7985093192475554
885,left Nucleus of the lateral lemniscus,5,4,77.96785529102316,53.91394248847346,38.70744588916043,51.149124924961995,-0.5322210386409276,-0.6042200899790298,0.5754541852122765,0.7985093192475554
918,left Tegmental reticular nucleus,2,2,13.060039285358911,7.255577380754951,13.060039285358911,7.255577380754951,-0.8479969064665768,-0.6859943405700354,0.5768078135430058,0.7985093192475554
874,"left Interpeduncular nucleus, lateral",5,4,219.35482829088278,298.38708260156847,225.80644088767346,290.32256685558013,0.4439186192642306,0.6037126445107259,0.5809739251454518,0.8002819631142647
282,"left Agranular insular area, dorsal part, layer 5",5,3,31.555830280751717,20.77204514279175,18.562253106324544,18.562253106324544,-0.603263317440365,-0.5997313012718405,0.5794755670242461,0.8002819631142647
509,"left Entorhinal area, medial part, dorsal zone, layer 2",5,4,127.47676837847457,73.72723544277447,84.03319308531285,21.404681257579686,-0.7899647851752841,-0.5795724273730459,0.5804034947035732,0.8002819631142647
10692,right Paraventricular nucleus of the thalamus,5,2,48.4414757147042,61.65278727325989,70.46032831229702,61.65278727325989,0.347923303413925,0.5894831189188946,0.5844776884582815,0.8012460440500613
514,"left Entorhinal area, medial part, dorsal zone, layer 5",5,3,59.10723167177726,154.70040881996022,26.269880743012113,10.945783642921715,1.388070451663492,0.6392137868129483,0.5828130348654075,0.8012460440500613
787,left Ventromedial hypothalamic nucleus,3,3,43.745725878443785,27.948658200116867,29.163817252295857,10.936431469610946,-0.6463630453666588,-0.5964809080634603,0.5845629191567154,0.8012460440500613
10508,"right Entorhinal area, medial part, dorsal zone, layer 1",5,4,90.22676673593155,123.21893855841185,73.85109021090483,105.96025986781996,0.44959662003233414,0.5802054855717756,0.5882555149803448,0.8023958419325455
11099,right Dentate nucleus,2,2,17.847182643659583,8.923591321829791,17.847182643659583,8.923591321829791,-0.9999999999191641,-0.7276068751089989,0.5882950283399673,0.8023958419325455
10028,"right Secondary motor area, layer 6a",5,4,39.531611585176606,27.75623792150698,25.232943565006344,19.765805792588303,-0.5101947323037012,-0.5684766528750089,0.5875487609875875,0.8023958419325455
10875,"right Interpeduncular nucleus, intermediate",4,2,122.48803245964277,306.2200811491069,122.48803245964277,306.2200811491069,1.3219280948802952,0.7423074889580902,0.5893847284117019,0.8025664386882749
10523,right Parasubiculum,5,4,123.16357077524967,92.80181944302349,109.43104720449011,59.006937218107424,-0.40835060414776836,-0.5834588551393299,0.5909760103284786,0.8034183669825068
987,"left Medullary reticular nucleus, ventral part",5,4,67.68207194323884,104.8220768303306,65.97937830944667,70.2361123939271,0.6310969590518309,0.5757364694848263,0.5936190725694057,0.8056950544498296
337,"left Retrosplenial area, ventral part, layer 6a",5,2,26.123687591124593,16.707009505951774,12.150552367964927,16.707009505951774,-0.6449050411463114,-0.5755563230532261,0.5971096189769303,0.8091127084508241
10826,right Midbrain reticular nucleus,5,3,2.4911355500449752,4.2816392266398,1.5569597187781092,2.724679507861691,0.7813597132824769,0.5955472274871373,0.5992080898754436,0.8106359850022261
11189,right supra-callosal cerebral white matter,5,4,37.89290198773271,26.933680334417858,18.574951954770935,17.64620435703239,-0.49251625194106907,-0.5463665640046447,0.6018986131630765,0.8116363795002911
1193,left external capsule,5,4,34.62291183380723,26.194966190051524,31.889524057454025,23.91714304309052,-0.40243746248580353,-0.5475825798499518,0.6011435102932077,0.8116363795002911
10668,right Lateral posterior nucleus of the thalamus,5,4,38.51321374408704,27.805876302304217,23.240732431776664,26.560837064887615,-0.46996370976801255,-0.5567054628957275,0.6035928730440817,0.8126039973667896
10287,"right Agranular insular area, posterior part, layer 2/3",5,4,157.8894045400347,244.05617736472237,109.57624289844678,183.04213302354177,0.6282989088599371,0.5627720197045987,0.6049043920052052,0.8130540454738784
10432,"right Cortical amygdalar area, posterior part, lateral zone",5,4,39.59963415187536,69.88170732683886,33.27700348897089,24.125827529503894,0.8194277543423921,0.5676957890705177,0.6073352472892504,0.8136923119881745
1129,left spinal tract of the trigeminal nerve,5,4,158.7985559573101,136.42909993236393,159.7818287496154,112.46182561992161,-0.2190463934549671,-0.5417114528643266,0.6070364874542326,0.8136923119881745
10261,"right Orbital area, lateral part, layer 5",5,3,28.141326064941683,19.864465457605895,16.55372121467158,14.898349093204422,-0.5025003405078223,-0.522422974410716,0.6209760379232524,0.8154776233310713
10557,right Claustrum,4,4,20.887727467416212,10.89794476560846,3.6326482552028194,5.448972382804229,-0.9385994552725433,-0.5456968661530743,0.6161647866306585,0.8154776233310713
956,"left Spinal nucleus of the trigeminal, oral part",5,2,20.05200894826057,58.15082594995565,8.020803579304228,58.15082594995565,1.5360529001930714,0.6694541352701405,0.619615268392204,0.8154776233310713
1117,left optic tract,5,3,217.38546453507973,251.7094852511449,237.40780995278442,268.87149560917754,0.2115041051928066,0.522232967867093,0.6253301967370475,0.8154776233310713
852,left Cuneiform nucleus,4,3,16.333011190423335,35.085727742390866,10.88867412694889,3.629558042316297,1.1030934929168925,0.575159934353966,0.6165022435665224,0.8154776233310713
10977,right Inferior olivary complex,4,3,46.174626322112154,35.367798885022076,49.12194289586399,43.22730974836031,-0.3846638502257782,-0.5270059502646854,0.6210201810682318,0.8154776233310713
10669,right Posterior complex of the thalamus,4,3,19.96655507030825,12.778595244997282,16.77190625905893,6.389297622498641,-0.6438561897340807,-0.5300234480580356,0.6189928417513406,0.8154776233310713
495,"left Entorhinal area, lateral part, layer 1",5,5,684.0535047940969,567.3932171547934,624.0917485599094,634.2893261507576,-0.26976026902167377,-0.5275756128011027,0.6162231609347745,0.8154776233310713
10516,"right Entorhinal area, medial part, dorsal zone, layer 6",4,2,56.5370997881301,149.70386986152758,17.518537962519186,149.70386986152758,1.4048417321570745,0.6356099123280519,0.6250286103563116,0.8154776233310713
267,"left Orbital area, medial part, layer 2/3",5,4,82.15660713756517,137.45432348015711,69.5171291164013,53.71778158994646,0.7425037777005714,0.53982613788038,0.6238750136727866,0.8154776233310713
10368,"right Perirhinal area, layer 1",5,4,906.8168583369612,1293.5210653216095,531.8309606548778,892.3943238107272,0.5124204317570472,0.5481645949806228,0.6106832414991327,0.8154776233310713
1159,left medial lemniscus,5,3,21.06054807827862,15.043248627341873,6.017299450936749,15.043248627341873,-0.48542682714284074,-0.5234239225902138,0.6207704869624552,0.8154776233310713
233,"left Anterior cingulate area, ventral part, layer 1",5,2,83.74949528770195,55.54813462959824,38.45640089741416,55.54813462959824,-0.592342031078008,-0.5416755181541189,0.6136417682874696,0.8154776233310713
10358,"right Rostrolateral area, layer 6a",5,2,87.20065646925634,59.454993047220235,26.424441354320106,59.454993047220235,-0.552541023021058,-0.5298234816482936,0.6193457423426115,0.8154776233310713
11229,right crossed tectospinal pathway,2,3,39.47692879358702,25.002054902605114,39.47692879358702,3.947692879358702,-0.6589630821437751,-0.5499999999999999,0.6207330392774725,0.8154776233310713
11202,right cerebal peduncle,5,3,137.3127922034305,162.38861564212075,90.6355064049046,174.47334982944136,0.24198446028109308,0.5197827235689604,0.6219449477393444,0.8154776233310713
10078,"right Primary somatosensory area, mouth, layer 6b",2,4,69.75476507919711,34.87738253959856,69.75476507919711,26.158036904698918,-0.9999999999793178,-0.6488856845230502,0.6244073963838517,0.8154776233310713
1254,left dorsal hippocampal commissure,5,2,49.16450309798826,29.414659973155366,14.707329986577683,29.414659973155366,-0.7410817026187356,-0.5236301589978865,0.63657741112165,0.8215760395157937
410,left Dorsal peduncular area,5,3,32.78155881525011,22.653922758506166,23.986506450183,11.9932532250915,-0.5331235691818635,-0.5095509619894124,0.6325011964369891,0.8215760395157937
11135,right vestibular nerve,4,4,47.91016615857513,59.887707698218904,51.90268000512306,59.88770769821891,0.32192809488133967,0.5119921115897165,0.6343158515542358,0.8215760395157937
649,left Ventral posteromedial nucleus of the thalamus,3,4,7.298714775355044,9.731619700473392,7.298714775355044,10.33984593175298,0.4150374992294277,0.5026246899500346,0.6369189248650083,0.8215760395157937
10874,"right Interpeduncular nucleus, lateral",5,3,187.19111566764875,139.85543124594446,193.64598172515386,96.82299086257693,-0.42057568281766544,-0.5147695419872744,0.6363099052052718,0.8215760395157937
11265,right supraoptic commissures,2,3,154.40288772053893,205.87051696071856,154.40288772053893,154.40288772053893,0.41503749927650796,0.5547001962252291,0.6348516283298893,0.8215760395157937
11137,right trapezoid body,5,3,33.11943539648276,24.28758595742069,19.871661237889654,19.871661237889654,-0.447458976955381,-0.5059644256269407,0.6321594790539664,0.8215760395157937
10302,"right Retrosplenial area, lateral agranular part, layer 6a",5,3,35.07649981831282,24.358680429383906,14.615208257630343,19.486944343507123,-0.52606881164949,-0.48860746768862573,0.6460314666313804,0.8281944225536342
10491,right Induseum griseum,5,2,245.12643078285004,196.41540928112983,188.55879290988463,196.41540928112983,-0.3196179341987018,-0.4925601497645509,0.6434113640998383,0.8281944225536342
10577,right Olfactory tubercle,5,4,44.714966133237965,36.65161158462128,48.17068951121654,32.98645042615915,-0.2868811477810637,-0.4818951548723506,0.6459463938340838,0.8281944225536342
814,"left Inferior colliculus, dorsal nucleus",5,5,29.329363405078006,21.77024912541873,19.65369712711413,18.14187427118227,-0.4299878407277353,-0.47997112580558093,0.6441714733234055,0.8281944225536342
815,"left Inferior colliculus, external nucleus",5,4,37.8467152437254,49.06055679742181,31.038311443266863,36.545108634814206,0.3743955147727849,0.4897230786782973,0.6511321129330855,0.8321688447931291
230,"left Anterior cingulate area, dorsal part, layer 6a",5,3,36.584492724637805,52.399664058726025,25.723471447010958,48.58877939990958,0.5183253076789637,0.48828598387509375,0.6509684804792791,0.8321688447931291
1140,left lateral lemniscus,5,4,186.22369658062428,152.3866589287325,247.17836015211728,151.18676397653775,-0.28930006052587937,-0.46514729627664175,0.6561215023030422,0.8347995409601014
10116,"right Visceral area, layer 2/3",5,4,208.7958860997891,159.548093176959,195.5155823902619,118.04714408468642,-0.38810192030566254,-0.46904537017112563,0.6562006007066182,0.8347995409601014
78,"left Primary somatosensory area, mouth, layer 6b",2,2,61.052054881594856,34.88688850376849,61.052054881594856,34.88688850376849,-0.8073549220398811,-0.6,0.6559582607547387,0.8347995409601014
11013,right Nucleus raphe obscurus,2,2,276.45787023828655,138.22893511914327,276.45787023828655,138.22893511914327,-0.9999999999947816,-0.5570860145311556,0.6574813428347565,0.8351518736465914
766,"left Medial mammillary nucleus, lateral part",4,3,39.876849007578635,28.148364005349624,32.839758006241226,9.382788001783208,-0.5025003405141086,-0.4649067955303078,0.6633709471835952,0.841348518379194
1106,left olfactory nerve layer of main olfactory bulb,5,5,303.64873743964574,251.28215568802048,248.28148279652254,359.1127879824946,-0.2730951458434744,-0.4416385391617793,0.6704685793744563,0.8490561005168152
10567,"right Basomedial amygdalar nucleus, anterior part",3,2,6.941619562370266,9.110875675610973,2.6031073358888497,9.110875675610973,0.3923174227292762,0.4789131426105755,0.6731097002551937,0.8511052744868103
10009,"right Frontal pole, layer 5",4,2,64.6029579005686,40.37684868785537,34.993268862807994,40.37684868785537,-0.6780719050992389,-0.4543754992377578,0.6769749564835681,0.8543436363277922
9,"left Frontal pole, layer 5",5,2,166.8488693772653,360.6088467186056,53.82221592815009,360.6088467186056,1.111892880066251,0.5374152029803834,0.6777245192023351,0.8543436363277922
242,"left Prelimbic area, layer 5",5,3,71.64858456056986,121.43827891622009,46.5513402512177,32.38354104432536,0.7612131404046276,0.4592803940330734,0.6806584976291077,0.8567441301473792
11104,right vomeronasal nerve,5,3,479.6252699590731,649.4925530695782,299.7657937244207,299.7657937244207,0.43740531230651186,0.44853476114194635,0.6871742354979504,0.8571648634697073
295,"left Agranular insular area, ventral part, layer 6a",3,3,19.786062251951794,15.828849801561438,11.871637351171078,11.871637351171078,-0.3219280948691334,-0.44721359549995754,0.6855984144761559,0.8571648634697073
600,left Medial amygdalar nucleus,5,4,60.20324478495472,77.72140207893744,28.621214733830932,75.50079059096781,0.36847068081899126,0.4231917075005208,0.6857133032204674,0.8571648634697073
527,left Postsubiculum,5,3,45.542375621059186,32.706584118104836,27.769741232353166,14.810528657255022,-0.4776284565974025,-0.4276053362015694,0.6861803336993172,0.8571648634697073
675,left Anteroventral nucleus of thalamus,5,4,47.157892496962404,60.150373082860206,48.12029846628817,43.30826861965935,0.3510744405402708,0.43999002137284265,0.6828339053476103,0.8571648634697073
10845,right Medial pretectal area,3,3,60.39159892442883,75.48949865553604,45.29369919332162,45.29369919332162,0.3219280948825849,0.4472135954999581,0.6855984144761554,0.8571648634697073
1247,left fimbria,5,4,269.9240545282554,323.5391064551007,258.83128516408055,313.6348480942303,0.26138655295142604,0.43722626418493726,0.689943885124376,0.8578417962225314
10593,right Anterior amygdalar area,3,3,28.288184550176354,17.511733292966312,8.08233844290753,8.08233844290753,-0.6918777046062836,-0.44582257006028236,0.6890679184444557,0.8578417962225314
1245,left alveus,5,4,169.82041541292315,148.30697053106715,181.54202657778822,175.824167472976,-0.19542349967788394,-0.42212999584590255,0.6908101003234328,0.8578417962225314
554,left Area prostriata,4,3,29.485934583974355,22.761072310436344,27.934043290080968,18.622695526720644,-0.3734583955129884,-0.41421444212015807,0.6960936362146991,0.857999859749081
1042,left Lobules IV-V,5,5,48.483942608521154,41.625820345323206,42.63962972336116,33.39607362948566,-0.22002831586047303,-0.4108571148311759,0.6940940462576279,0.857999859749081
10621,right Bed nuclei of the stria terminalis,5,4,6.266172161985353,7.832715202481691,5.967783011414622,6.713755887841449,0.3219280948413153,0.4238893661765669,0.6943899872337566,0.857999859749081
144,"left Posterior auditory area, layer 1",5,5,384.4585102594543,536.1256289856611,352.71422959582964,229.26424923728925,0.4797431886655979,0.4212953842803586,0.6929540673044067,0.857999859749081
505,"left Entorhinal area, lateral part, layer 6a",5,4,41.61173711508124,31.972320948514263,43.90229145169122,20.996748085591456,-0.3801670394213383,-0.4100555816202378,0.6952140499545442,0.857999859749081
10844,right Anterior pretectal nucleus,5,4,5.644844890645525,6.664052995900967,4.704037408871271,7.840062348118785,0.23946593465630106,0.38463334114443315,0.712092309284549,0.86342324516141
10871,"right Interpeduncular nucleus, rostral",4,3,134.14633509180564,162.60161829309774,97.56097097585865,170.73169920775263,0.27753397552702697,0.39192475766909807,0.7129455326000117,0.86342324516141
10500,"right Entorhinal area, lateral part, layer 3",5,4,98.80999981973378,132.63342283495035,85.1286152293091,113.25146133184873,0.4247154131774744,0.3998284822204862,0.7082329755426345,0.86342324516141
1046,left Declive (VI),5,5,33.34900799105555,27.690512050334934,26.486576743798633,21.670835517653426,-0.26825211509597274,-0.39260157174772636,0.7057902769138119,0.86342324516141
10329,"right Retrosplenial area, dorsal part, layer 5",5,3,78.42159544443682,59.259256444595614,14.953270317795154,76.4278260687308,-0.40421046878853967,-0.38527630260994317,0.7138780453280423,0.86342324516141
11142,right brachium of the inferior colliculus,3,2,60.06313169198841,94.18991106243637,40.95213524453755,94.18991106243637,0.6490928381321691,0.47270889603780303,0.7102781293198653,0.86342324516141
10165,"right Anterolateral visual area, layer 1",5,4,367.08655452894556,274.4572370309873,343.0715462887341,102.92146388662024,-0.4195388915124584,-0.4022390540037182,0.7047993858226136,0.86342324516141
10941,right Dorsal cochlear nucleus,5,4,113.98740438168188,126.10675484755033,124.46900478459514,113.00475434390873,0.14577113973231884,0.3983872112133525,0.7062840819922558,0.86342324516141
1200,left corticospinal tract,2,2,95.2380907145288,71.42856803589659,95.2380907145288,71.42856803589659,-0.4150374992737946,-0.44721359549995804,0.7117227912336695,0.86342324516141
276,"left Orbital area, ventrolateral part, layer 6a",4,2,33.61344378159835,50.42016567239753,29.411763308898557,50.42016567239753,0.5849625007068496,0.4692371322034652,0.7062384521503995,0.86342324516141
10295,"right Agranular insular area, ventral part, layer 6a",2,2,23.961062134093346,17.97079660057001,23.961062134093346,17.97079660057001,-0.4150374992587737,-0.44721359549995787,0.7117227912336697,0.86342324516141
29,"left Secondary motor area, layer 6b",2,3,133.00082493799516,106.40065995039613,133.00082493799516,106.40065995039613,-0.32192809488465035,-0.4803844614152614,0.705309289465293,0.86342324516141
618,left Diagonal band nucleus,4,4,92.73385453422337,73.64159036541267,95.46132084405346,60.00425881626218,-0.3325753390828376,-0.38436791420114247,0.7139846065757813,0.86342324516141
11242,"right anterior commissure, temporal limb",5,2,16.88654273355232,14.072118944626933,9.381412629751289,14.072118944626933,-0.26303440581670706,-0.3905667329424719,0.7169729694964673,0.8657786801466775
992,"left Paragigantocellular reticular nucleus, lateral part",5,3,128.45635201300433,91.08381685132616,47.889429478532314,112.68101053772308,-0.49601157780679955,-0.38320922349649345,0.7184595499310206,0.8660605071792706
577,left Olfactory tubercle,5,4,45.045337828379544,53.16397429744796,40.85507384434424,44.25966333137293,0.23907116247818763,0.37494818484371817,0.720286416331665,0.8660605071792706
838,left Periaqueductal gray,5,3,5.022014670573864,4.03001177268273,1.3950040751594066,4.1850122254782205,-0.3174821897854568,-0.3840814338968946,0.7203291718366049,0.8660605071792706
10872,"right Interpeduncular nucleus, caudal",5,3,96.15554116860612,131.97819376083194,113.12416608071308,56.56208304035654,0.4568576749693984,0.39144068062940646,0.7309851603849541,0.8687176281523065
922,left Parvicellular motor 5 nucleus,3,3,160.68526780723315,132.32904407654496,198.4935661148174,141.781118653441,-0.28010791919081124,-0.3905667329424714,0.726637379810607,0.8687176281523065
608,left Pallidum,5,4,35.828504797142635,31.039546235148325,30.152702057001232,33.70007876958961,-0.20700037091325313,-0.3658796348589313,0.7289003463741981,0.8687176281523065
1208,left pyramidal decussation,3,2,120.24424041364635,90.18318031023477,90.18318031023477,90.18318031023477,-0.41503749927484423,-0.39735970711951296,0.7272248096388146,0.8687176281523065
10912,right Pontine gray,4,4,67.41864064583515,52.37909773253346,47.71165338012949,48.74886323621926,-0.3641563302705159,-0.36311516916519465,0.7314976798505041,0.8687176281523065
112,"left Gustatory areas, layer 6a",4,3,18.192153769233446,22.740192211541807,9.096076884616723,22.740192211541807,0.32192809487150154,0.3779644730092272,0.7236773958894948,0.8687176281523065
802,left Zona incerta,3,3,7.269616930743369,5.131494304054142,2.565747152027071,3.8486207280406064,-0.5025003404464937,-0.3880752628531665,0.7319363669889024,0.8687176281523065
10770,right Supramammillary nucleus,3,3,33.833514720105825,28.628358609320316,39.03867083089134,39.03867083089134,-0.24100809949604166,-0.3713906763541035,0.7293728641070941,0.8687176281523065
10809,"right Superior colliculus, optic layer",5,4,45.956040706924284,34.15651674163291,31.05137885602992,23.288534142022442,-0.42809365209344546,-0.35900214755528115,0.7313246287414652,0.8687176281523065
10282,"right Agranular insular area, dorsal part, layer 5",5,5,66.16764914619253,51.87543693061493,68.81435511204023,9.263470880466954,-0.35107444054087217,-0.35590301524057155,0.7354425064430555,0.8705036447585919
10007,"right Frontal pole, layer 1",5,4,1312.0512513604463,1089.4288368696843,1373.6276638791674,848.6492750977615,-0.2682521151045887,-0.3521807973811322,0.7355337286842429,0.8705036447585919
955,"left Spinal nucleus of the trigeminal, interpolar part",5,4,29.261352625129682,20.59132221768385,10.83753800930729,4.335015203722916,-0.5069599886991236,-0.3450006940450631,0.7403338710645772,0.8746091292147872
10885,right Nucleus of the lateral lemniscus,3,4,30.371008048394998,25.53925676796852,27.610007316722722,15.185504024197497,-0.24997825299936047,-0.35675303400633795,0.7411050914620493,0.8746091292147872
10755,right Ventrolateral preoptic nucleus,3,3,138.8501406233205,188.43947656022067,119.01440624856042,59.50720312428021,0.44057259138324717,0.35623524993954814,0.748149126872479,0.8816714922916467
1097,left Fastigial nucleus,5,4,27.926691105918394,32.91360023197525,27.926691105918398,35.90574570760937,0.2370391972930219,0.3271866425420671,0.7535738806944463,0.885716262500331
833,"left Superior colliculus, motor related, intermediate white layer",4,2,3.1098617026572963,2.392201309736382,1.9137610477891054,2.392201309736382,-0.37851162311455677,-0.3418817293789138,0.7537104733776855,0.885716262500331
1101,left fiber tracts,5,4,115.3872412344936,103.3462735387066,104.31212656243282,94.00969430935304,-0.15899734004648192,-0.32330127056624314,0.7579679089829497,0.8882102820757947
11285,right stria medullaris,5,4,79.77838956253044,88.64265506947825,73.86887922456522,88.64265506947825,0.15200309344324148,0.3265180205884551,0.7575206858369594,0.8882102820757947
768,"left Medial mammillary nucleus, posterior part",3,2,256.14635718761866,192.109767890714,219.55402044653027,192.109767890714,-0.41503749927696637,-0.3411591251800055,0.759224374693532,0.8884313357876492
883,left Pons,5,4,54.94230240914891,48.24134346147437,55.05352164479496,48.65841559514706,-0.1876472841154069,-0.31693676153666495,0.7613703532466953,0.8896911992995092
10241,"right Prelimbic area, layer 2/3",5,2,190.16925698858478,146.64793449368477,156.10909155779348,146.64793449368477,-0.3749272859024397,-0.3426401616217831,0.7632344221946247,0.8906185683954105
1088,left Paraflocculus,5,5,105.936426994669,92.17028179813221,97.48107892979107,83.15590245623754,-0.2008251889175128,-0.30546141847216507,0.7698770173696007,0.8947783954489643
10738,right Anteroventral periventricular nucleus,5,4,71.18300976357897,62.01550093039076,86.28243607706541,43.141218038532706,-0.19890406841108257,-0.30587217214248563,0.7695274509617533,0.8947783954489643
10753,right Subfornical organ,3,3,208.85779893759738,179.02097051794058,179.0209705179406,179.0209705179406,-0.2223924213352969,-0.3162277660168383,0.7700256383911761,0.8947783954489643
10649,right Ventral posteromedial nucleus of the thalamus,3,3,17.018042876396688,14.18170239699724,20.664766349910266,12.15574491171192,-0.26303440581683896,-0.30521450413786316,0.7770347177610591,0.9016637171230143
10369,"right Perirhinal area, layer 2/3",5,4,240.17261266596603,322.73194826989186,150.10788291622876,84.0604144330881,0.42626475470056124,0.2973343668581034,0.780330786919836,0.9029697005803944
948,left Nucleus of the solitary tract,3,2,76.31128941421541,61.36371726091548,89.68543291979954,61.36371726091548,-0.31451062332027446,-0.3057366243682006,0.780098250738369,0.9029697005803944
10260,"right Orbital area, lateral part, layer 2/3",5,4,73.39670694088439,61.968710904036165,90.13630676950714,43.45857647815523,-0.24417537857885316,-0.2897251348111415,0.7817093910139765,0.9033086296161507
362,"left Temporal association areas, layer 2/3",5,4,565.8683696215618,475.58535085028245,574.3990485605802,240.2807901156883,-0.25076221990170394,-0.27207971698791034,0.7946450707385464,0.9050331654995789
1029,left Lobule III,5,5,15.53558064413421,18.320260193554493,13.190587339359237,17.587449785812314,0.23786383008477244,0.2828897340668877,0.7866965536182926,0.9050331654995789
330,"left Retrosplenial area, dorsal part, layer 6a",5,3,52.428628043493276,40.60129444445608,15.887463043482814,15.887463043482814,-0.36882906984837444,-0.2757143281128828,0.793754849070218,0.9050331654995789
275,"left Orbital area, ventrolateral part, layer 5",5,3,27.100870820455288,22.58405901704607,25.810353162338366,16.13147072646148,-0.2630344058231473,-0.2958480174337328,0.7855072491550207,0.9050331654995789
10330,"right Retrosplenial area, dorsal part, layer 6a",5,3,34.27394275930474,47.45622843596041,13.182285676655669,7.909371405993401,0.469485283289528,0.2897232533199049,0.790980225537696,0.9050331654995789
10019,"right Primary motor area, Layer 1",5,4,440.9853950849416,390.4088492614642,395.2936568075653,297.59750588554346,-0.17574512188139188,-0.2788392083478846,0.7909869765497378,0.9050331654995789
1137,left trapezoid body,3,3,57.92258148719875,49.01141510455278,46.78362350889129,40.10024872190682,-0.24100809949926646,-0.28942984211696887,0.795721424339881,0.9050331654995789
10389,"right Accessory olfactory bulb, mitral layer",5,3,332.1299481235909,271.96147926062156,173.28519032535178,267.148001751584,-0.28834549436202017,-0.2836955348344608,0.7877627877390982,0.9050331654995789
1189,left supra-callosal cerebral white matter,5,4,29.59234298002925,24.816363575024532,16.856397900016663,15.919931350015737,-0.25393219871715883,-0.27838942225060265,0.7888453791341693,0.9050331654995789
289,"left Agranular insular area, posterior part, layer 6a",4,3,35.53262958960279,30.565702872776594,34.38641573187367,27.509132585498932,-0.21723071621407106,-0.2751053211988153,0.795160346290684,0.9050331654995789
820,left Subcommissural organ,4,2,260.46510390764126,223.25580334940676,148.83720223293784,223.25580334940676,-0.22239242133552506,-0.27735009811261485,0.7954866629789089,0.9050331654995789
10802,right Zona incerta,4,3,10.577346346435093,8.54735058297785,5.76946164351005,6.410512937233388,-0.3074285251598539,-0.2742128155176675,0.7962551408001103,0.9050331654995789
10763,right Lateral mammillary nucleus,2,2,103.85395044245566,77.89046283184175,103.85395044245566,77.89046283184175,-0.4150374992742132,-0.3162277660168379,0.7973596407272063,0.9050521433629408
763,left Lateral mammillary nucleus,3,2,60.06972093337933,77.23249834291627,51.48833222861086,77.23249834291627,0.3625700793793712,0.3049971406652092,0.7994958369760752,0.905975733060805
1207,left pyramid,3,3,21.413036399987707,26.17148893331831,17.844196999989755,17.844196999989755,0.28950661718273507,0.28143901789211695,0.800351158413091,0.905975733060805
10839,right Precommissural nucleus,5,3,77.09435662293805,62.298469998333786,93.44770499750067,11.680963124687583,-0.3074285251878028,-0.27421281551766713,0.8045305854119809,0.9094693574222392
1100,left Vestibulocerebellar nucleus,4,3,52.747250241892864,46.886444659460324,35.16483349459524,46.886444659460324,-0.16992500143889347,-0.2641352718976871,0.8087814915354258,0.9117970202675804
366,"left Temporal association areas, layer 6b",3,2,38.45229329497918,46.142751953975015,23.071375976987508,46.142751953975015,0.2630344058275407,0.27735009811261463,0.8087684441414502,0.9117970202675804
567,"left Basomedial amygdalar nucleus, anterior part",2,2,9.115695656231289,7.813453419626818,9.115695656231289,7.813453419626818,-0.22239242131007067,-0.2773500981126148,0.8108923842234065,0.9129397343354184
875,"left Interpeduncular nucleus, intermediate",4,3,241.73747671449902,221.59268698829075,241.737476714499,181.30310753587426,-0.12553088208331645,-0.26261286571944537,0.8132091794815182,0.9143108612548961
243,"left Prelimbic area, layer 6a",4,3,58.319268239095784,79.19900625062391,6.479918693232865,21.599728977442886,0.4415097106335133,0.24648068283344476,0.8169097717272036,0.9172320243954567
1192,"left corpus callosum, anterior forceps",5,5,30.90430055143968,35.11852335390872,30.43605357338756,25.753583792866397,0.18442457113182506,0.24218412394577585,0.8195493526893921,0.9189556084064342
794,left Lateral hypothalamic area,5,2,18.724738206960964,25.57760631363224,24.12981727701155,25.57760631363224,0.4499357072427907,0.28193033406379336,0.8212390433394917,0.9196108802940204
11243,right cingulum bundle,5,2,46.74875774303069,41.852772979402474,23.69024885626555,41.852772979402474,-0.15960481617477823,-0.23228306181761557,0.8262668423250574,0.9239973290516771
913,"left Pontine reticular nucleus, caudal part",3,3,7.097766971445156,9.369052402307608,0.8517320365734188,2.5551961097202565,0.40053792953445355,0.22941573387056188,0.8302431508864272,0.9254956414153994
942,left Ventral cochlear nucleus,5,4,158.5187834707005,182.4535502818706,135.36876311235562,121.63570018791374,0.2028754232424049,0.2317181669590484,0.8294029748933642,0.9254956414153994
10553,right Hippocampo-amygdalar transition area,4,3,32.03321811368101,39.54718285639631,11.864154856918894,23.728309713837785,0.3040061868815431,0.22540915960300859,0.8320561776186524,0.9254956414153994
1300,left cerebral aqueduct,5,4,296.8705180677947,268.14931212459203,218.5861691252598,221.1278687662512,-0.1467972752849488,-0.2211598750033763,0.8312820843665918,0.9254956414153994
10267,"right Orbital area, medial part, layer 2/3",5,2,142.98822380886264,191.5020854582982,25.53361139443976,191.5020854582982,0.4214637684357209,0.2444930912100638,0.8361003097683759,0.9287522800097313
10476,"right Dentate gyrus, granule cell layer",5,4,17.48736181748123,15.301441590296074,17.487361817481226,8.119132272401998,-0.1926450779306104,-0.20615002241881633,0.8439382969502615,0.9298187475371693
912,left Pontine gray,4,4,57.574477765893946,69.50432451017828,52.9062768659566,22.822315510804806,0.27167332410336564,0.20832615460599246,0.8441518125300389,0.9298187475371693
941,left Dorsal cochlear nucleus,5,4,163.39868504943644,145.42482969399842,163.39868504943644,93.13725047817877,-0.16812275880723576,-0.20654955270078462,0.8460009517856216,0.9298187475371693
818,left Parabigeminal nucleus,4,3,200.836810544446,178.52160937284089,200.836810544446,89.26080468642044,-0.16992500144141437,-0.21483446221182986,0.8422031751016112,0.9298187475371693
10846,right Nucleus of the optic tract,5,3,50.6082701023189,42.17355841859908,38.9294385402453,9.732359635061325,-0.26303440582809257,-0.2111241053059167,0.8429685426862301,0.9298187475371693
11200,right corticospinal tract,2,3,71.37546129386246,63.44485448343329,71.37546129386246,47.58364086257497,-0.16992500143978614,-0.2132007163556106,0.8451643125467447,0.9298187475371693
11217,right auditory radiation,5,2,26.568264420731992,22.140220350609994,24.600244834011104,22.140220350609994,-0.2630344058229336,-0.2413120140772734,0.8421176441631496,0.9298187475371693
1202,left cerebal peduncle,5,3,298.87678841191644,284.96851095420465,265.31551019874223,278.9214337986777,-0.06874834757294547,-0.2065375091300609,0.8434707698922586,0.9298187475371693
954,"left Spinal nucleus of the trigeminal, caudal part",5,4,27.57698320039723,24.664758681389763,26.150587517618064,13.669625293300351,-0.16101346888710813,-0.20461534672823306,0.8495651353946955,0.9312756161375317
1230,left rubrospinal tract,5,4,119.20021345634352,134.10024013838648,73.62366125244748,99.91782598546443,0.16992500144096778,0.20071243929164778,0.8487731850597469,0.9312756161375317
839,left Precommissural nucleus,4,3,14.574603060703968,15.546243264750899,11.659682448563174,11.659682448563174,0.09310940438529483,0.2,0.8511627527132343,0.9317992240229092
516,"left Entorhinal area, medial part, dorsal zone, layer 6",5,3,73.27028024309384,88.13671391560563,41.41363665913999,22.299650508767687,0.2665149745654343,0.18042225877100698,0.8651404896931929,0.937715188660423
975,left Gigantocellular reticular nucleus,3,2,90.05388774728799,112.12091689782741,3.0613219630806117,112.12091689782741,0.3161949818690711,0.19321650595374412,0.8594301659414232,0.937715188660423
10799,right Retrochiasmatic area,3,3,94.97561558642006,113.06620903145244,40.70383525132288,54.271780335097176,0.2515387669935337,0.1871121078899951,0.8618554676482373,0.937715188660423
106,"left Supplemental somatosensory area, layer 6b",4,2,21.93784173680186,19.5003037660461,14.625227824534573,19.5003037660461,-0.16992500143409206,-0.18156825980064076,0.8681174133337042,0.937715188660423
207,"left Laterointermediate area, layer 1",5,4,444.518807338373,508.78658671259564,241.00417265333476,321.338896871113,0.19481617698361336,0.1846372364689992,0.8589746913649483,0.937715188660423
218,"left Postrhinal area, layer 6a",5,3,33.24675166761729,29.55266814899315,22.16450111174486,22.16450111174486,-0.16992500143688793,-0.17226024063738848,0.8689644356456564,0.937715188660423
262,"left Orbital area, lateral part, layer 6a",4,2,15.710918342538113,18.853102011045735,14.663523786368906,18.853102011045735,0.26303440581848914,0.19941002821319745,0.868183803822028,0.937715188660423
248,"left Infralimbic area, layer 2/3",4,2,31.441046541564944,27.947596925835505,20.960697694376627,27.947596925835505,-0.16992500143657674,-0.18156825980064076,0.8681174133337042,0.937715188660423
10587,"right Lateral septal nucleus, caudal (caudodorsal) part",5,2,38.41066780604409,32.008889838370074,14.22617326149781,32.008889838370074,-0.263034405826282,-0.18032487743269374,0.8675219950322204,0.937715188660423
641,left Thalamus,5,4,24.823924512465084,27.219215474194172,17.42029790348427,31.57428995006524,0.13289427049223104,0.17756569280901788,0.8641457984840554,0.937715188660423
10641,right Thalamus,5,4,22.171652650669614,23.367182940656697,21.736914363401578,20.6500686452315,0.07576750761463524,0.18163425462691776,0.8618038392764455,0.937715188660423
11025,right Lobule II,5,4,161.13178683659868,143.70810933208662,148.9203205513851,55.10051860401249,-0.16509965167028692,-0.1704055973485298,0.8725425418479518,0.9403567290382071
10998,right Parapyramidal nucleus,2,2,63.42913474743636,74.0006572053424,63.42913474743636,74.0006572053424,0.22239242133319864,0.18569533817705167,0.877230218388442,0.9441856943068353
467,left Field CA3,5,4,60.60871880570296,65.38269323217956,62.90789043584554,67.8574960285136,0.1093834595055235,0.16054243371489102,0.8805758480121813,0.9453407813498514
663,"left Dorsal part of the lateral geniculate complex, shell",5,4,59.62433976754509,67.31780296335735,57.70097396859202,24.04207248691334,0.17508670655532585,0.1623772855477363,0.8795433704961241,0.9453407813498514
28,"left Secondary motor area, layer 6a",5,4,44.73701286715657,39.7335311649088,33.63685177981697,23.12533559862417,-0.1711119163886938,-0.15165931346731423,0.884194609654332,0.9480024680829952
1302,left lateral recess,5,4,397.30092579858444,422.13223366099595,466.39673898094696,403.7786582844309,0.08746284125012564,0.14874082197218189,0.8870376784694999,0.9498267033289883
1072,left Crus 1,5,5,58.835722970766234,61.92494947519788,55.46565769320444,61.433481622220114,0.07382841185694572,0.14548694353190783,0.889855025737522,0.9503971520072122
11076,right Crus 2,5,4,35.518392552962965,33.34738948392173,33.64076827703541,27.77319241476179,-0.09099246337673564,-0.14441495504729424,0.889327107396766,0.9503971520072122
229,"left Anterior cingulate area, dorsal part, layer 5",5,3,94.58537786114206,83.2617762862166,33.30471051448664,54.95277234890296,-0.18396283484052064,-0.1330020504257314,0.8987352393887403,0.9574234560453674
10838,right Periaqueductal gray,5,4,15.210160639166997,13.911732291921032,6.492141736229815,9.970074809210073,-0.12873331411335023,-0.13197762495571289,0.898715601226564,0.9574234560453674
10505,"right Entorhinal area, lateral part, layer 6a",5,3,24.362824121638354,22.205699069201625,13.323419441520976,15.226765076023973,-0.13375138888307495,-0.1292523422866635,0.9015906633275976,0.9590009233078047
10703,right Reticular nucleus of the thalamus,5,4,11.606217065314581,12.43523256997991,11.053540062204362,13.126078823867681,0.09953567354262767,0.126322788159978,0.9036739469631236,0.9590009233078047
8,"left Frontal pole, layer 2/3",5,3,1020.2402719684236,1176.3239316665522,649.3991680871038,213.61814739707364,0.20537644432065902,0.13152472403204582,0.9034204279446009,0.9590009233078047
10575,right Nucleus accumbens,5,4,5.821530575757999,5.4576849147731235,6.367299067235311,3.411053071733202,-0.09310940437496017,-0.12241711755814927,0.9076464086810718,0.9607656641509564
613,left Substantia innominata,5,3,5.945315201237259,6.60590577915251,4.624134045406757,3.3029528895762548,0.152003093420784,0.12595484068974183,0.9076376098098986,0.9607656641509564
512,"left Entorhinal area, medial part, dorsal zone, layer 3",5,3,102.94033014985413,117.31671354364141,69.16939180029725,20.343938764793307,0.18860024710690343,0.12205446628135787,0.9104698371676572,0.9621693957860732
379,left Olfactory areas,5,4,184.9532101259071,177.95401596055063,164.17373283045785,189.5532470844417,-0.05565584960241363,-0.11552560695550548,0.9112854373550789,0.9621693957860732
715,left Hypothalamus,5,4,14.821877914621286,15.802737482500635,10.171877000230294,12.351564928851072,0.09244624875855341,0.11450996791263857,0.9143965209339122,0.963010006856981
10618,right Diagonal band nucleus,5,4,56.43501726489308,53.07579004674467,48.37287194133692,47.029181054077554,-0.08853667460003962,-0.11280236306279838,0.9134258982284915,0.963010006856981
10438,"right Cortical amygdalar area, posterior part, medial zone",5,4,59.6038285681063,63.30976609565695,72.57460991453358,37.05937527550651,0.08702306223594874,0.10616697910947344,0.9194162550620418,0.9649916093791577
462,left Field CA2,5,3,123.58620102652219,128.91077658095287,134.51559295403777,155.5336543531062,0.060855205386372443,0.11119194583051567,0.9193477572155734,0.9649916093791577
872,"left Interpeduncular nucleus, caudal",5,3,97.52380489167741,91.42856708594758,60.95237805729838,60.95237805729838,-0.09310940439049516,-0.10731409403834441,0.9197576276895097,0.9649916093791577
1217,left auditory radiation,4,3,17.01481119335902,17.825040297804687,12.153436566685013,14.584123880022016,0.06711419585468296,0.09853292781642932,0.9255060063650988,0.9688952835076449
1285,left stria medullaris,5,4,75.65186800251075,79.731135394803,51.91794862917404,63.04322333542562,0.07576750761698905,0.09612823957667543,0.9264005226879722,0.9688952835076449
377,left Ectorhinal area/Layer 6a,4,3,26.88645147162176,25.60614425868739,20.484915406949913,30.72737311042487,-0.07038932788871505,-0.09759000729485344,0.9269719298943333,0.9688952835076449
234,"left Anterior cingulate area, ventral part, layer 2/3",5,2,37.97500135245137,34.3390969676422,16.15957504359633,34.3390969676422,-0.1451979155359131,-0.10125150296315195,0.9290353903619042,0.9690540129219655
1229,left crossed tectospinal pathway,4,2,38.04517684259753,34.04042138548199,12.014266371346586,34.04042138548199,-0.1604646721887852,-0.09629937863026425,0.9296093810606362,0.9690540129219655
11201,right internal capsule,4,4,8.337303081845945,8.099094422364633,8.575511741327258,8.099094422364633,-0.04182017568953748,-0.09245003270420474,0.9306179763517433,0.9690540129219655
978,left Intermediate reticular nucleus,4,4,21.795664599436407,20.174499463941135,10.087249731970568,15.491133516954799,-0.11150831521167157,-0.08815765511824358,0.9327397068234652,0.9700492950964038
10273,"right Orbital area, ventrolateral part, layer 1",5,4,224.74309151801003,239.50156642184248,108.74665718613389,258.92061234793783,0.09175832295879945,0.0826849435984107,0.9364208043081181,0.9716550808902295
10647,right Ventral posterolateral nucleus of the thalamus,2,2,17.124508640785745,15.98287473140003,17.124508640785745,15.98287473140003,-0.09953567354489665,-0.09950371902099886,0.9366194409542837,0.9716550808902295
10831,"right Superior colliculus, motor related, deep gray layer",4,2,9.18748161931715,10.022707221073253,8.352256017561045,10.022707221073253,0.125530882070773,0.0924500327042046,0.9380960930126953,0.9719750303693182
10561,right Lateral amygdalar nucleus,4,2,30.346980595860074,33.32217477192479,27.371786419795363,33.32217477192479,0.13492958008186381,0.08976887338359091,0.9402326208645749,0.9729770404966746
10750,"right Periventricular hypothalamic nucleus, preoptic part",5,2,162.6534490910892,158.51819191080727,110.27352480751811,158.51819191080727,-0.03715299841723453,-0.07014785603174305,0.9468920281914462,0.9786511396960041
119,"left Visceral area, layer 6a",4,2,36.499764293495076,37.43565568563597,29.94852454850878,37.43565568563597,0.03652587602412565,0.0687343396623468,0.9495260015312773,0.9801558725484153
10675,right Anteroventral nucleus of thalamus,5,4,45.158382482024834,43.23674918491739,14.412249728305797,48.04083242768599,-0.0627357553465428,-0.061628478114951035,0.952764382538811,0.9822800077723552
123,"left Dorsal auditory area, layer 1",5,5,591.0827744728455,607.3885061824412,611.4649391098402,580.8916921543481,0.039259430447161715,0.06023556757523901,0.9545581581148668,0.9826022432321927
10503,"right Entorhinal area, lateral part, layer 5",5,4,73.31715180500109,76.25543460634655,46.17301544971443,72.7574788904591,0.056689418126080186,0.05792337615498986,0.9558199511624419,0.9826022432321927
10954,"right Spinal nucleus of the trigeminal, caudal part",5,4,24.987913883974052,24.392963553403245,17.848509917124325,27.367715206257298,-0.03476541815926819,-0.05639137593684729,0.9566199723774953,0.9826022432321927
738,left Anteroventral periventricular nucleus,5,4,112.99982153257149,110.78413875742302,132.94096650890762,88.62731100593842,-0.0285691521965156,-0.05025189076296072,0.9613367867015238,0.9855225309701857
10115,"right Visceral area, layer 1",5,4,500.8799612310102,492.79158865132285,377.4573870520771,539.2248386458244,-0.02348726345823157,-0.04846147314533,0.9630166077869724,0.9855225309701857
11108,"right lateral olfactory tract, body",5,5,322.893214009796,328.19378660640007,359.99722218602426,419.6286638978197,0.023490804586086787,0.04851108849340393,0.9628909136394262,0.9855225309701857
10833,"right Superior colliculus, motor related, intermediate white layer",5,4,14.69881963799553,14.078414913015198,5.726812845972284,3.3406408268171655,-0.06221539644137259,-0.04492321436421613,0.9657993103690641,0.9871560518759968
387,"left Accessory olfactory bulb, glomerular layer",5,3,535.4890610652302,551.8727843506398,594.9878456280336,284.5594044307987,0.04347863666680093,0.043026416973489905,0.9694040783492918,0.9884120014541798
10423,"right Nucleus of the lateral olfactory tract, molecular layer",4,3,98.73772322044836,101.7297754392498,71.80925325123516,71.80925325123516,0.04306872189145593,0.04120428217151621,0.9691511699729585,0.9884120014541798
10374,right Ectorhinal area/Layer 1,5,4,1463.3908329494884,1486.7428143263419,1229.871019180953,1552.90676156076,0.02283997635809586,0.03269630966135032,0.9748946339278436,0.9897948777448968
191,"left Primary visual area, layer 6b",4,3,38.221240374959706,39.20127217944586,29.40095413458439,23.52076330766751,0.03652587602417063,0.03551104121142197,0.9733241904136203,0.9897948777448968
931,left Pontine reticular nucleus,5,2,5.244999949149568,5.075806402402807,3.3838709349352047,5.075806402402807,-0.047305714769188024,-0.03584022203803145,0.9755189900851147,0.9897948777448968
444,left Piriform-amygdalar area,5,5,64.13935734392099,63.13193288302172,70.51971226294978,58.76642688579149,-0.022839976357752284,-0.0351243751148742,0.9729461311106171,0.9897948777448968
660,"left Medial geniculate complex, ventral part",5,3,53.411523345574416,52.93033845056923,43.30664055046574,50.52441397554336,-0.013056152825201036,-0.022510307860391852,0.9828291144498701,0.9954030215186391
1050,left Folium-tuber vermis (VII),4,5,15.695133168495198,15.9804992261042,8.560981728270107,5.7073211521800715,0.02599520853130297,0.021518972655847925,0.983439042894617,0.9954030215186391
10717,right Supraoptic nucleus,2,2,105.96025986782037,105.96025986782037,105.96025986782037,105.96025986782037,0.0,0.0,1.0,1.0
23,"left Primary motor area, Layer 6b",4,4,53.458066288141765,53.45806628814177,16.03741988644253,48.11225965932759,3.203426503814917e-16,1.6118421269086297e-16,0.9999999999999999,1.0
733,left Arcuate hypothalamic nucleus,3,3,23.48968544379478,23.48968544379478,28.18762253255374,14.09381126627687,0.0,0.0,1.0,1.0
753,left Subfornical organ,4,2,335.8320680068537,335.8320680068537,335.8320680068537,335.8320680068537,0.0,0.0,1.0,1.0
757,left Anterior hypothalamic nucleus,2,2,5.638766251996764,5.638766251996763,5.638766251996764,5.638766251996763,-1.6017132519074588e-16,-3.1502579820030997e-16,1.0,1.0
682,left Lateral dorsal nucleus of thalamus,5,4,74.38427835975067,74.77784597011973,35.42108493321461,80.68136012565549,0.007613184109773299,0.009234091916073052,0.9928961932647833,1.0
10665,"right Dorsal part of the lateral geniculate complex, ipsilateral zone",2,2,31.249998515704757,31.249998515704757,31.249998515704757,31.249998515704757,0.0,0.0,1.0,1.0
10661,"right Medial geniculate complex, medial part",3,2,15.96607133844662,15.96607133844662,7.98303566922331,15.96607133844662,0.0,0.0,1.0,1.0
1188,left arbor vitae,5,5,11.807423393163257,11.865302919600332,11.286507655229583,8.10313370119047,0.007054757533354308,0.011919552271883049,0.99082077216599,1.0
10594,right Bed nucleus of the accessory olfactory tract,4,2,360.90223849716256,360.90223849716256,240.6014923314417,360.90223849716256,0.0,0.0,1.0,1.0
10,"left Frontal pole, layer 6a",2,1,17.827297203388113,53.48189161016435,17.827297203388113,53.48189161016435,1.5849625006672057,,,
49,"left Primary somatosensory area, nose, layer 6a",4,1,120.5483650847768,37.282999510755715,88.23643217545519,37.282999510755715,-1.6930222465518812,,,
50,"left Primary somatosensory area, nose, layer 6b",3,1,112.14952738346373,37.38317579448792,37.38317579448792,37.38317579448792,-1.5849625006954282,,,
57,"left Primary somatosensory area, barrel field, layer 6b",3,0,99.01546646438771,,40.506327189976794,,,,,
71,"left Primary somatosensory area, lower limb, layer 6b",4,1,157.53845405578693,78.76922702789346,137.84614729881358,78.76922702789346,-0.999999999990842,,,
89,"left Primary somatosensory area, trunk, layer 4",5,1,276.4294397703473,13.163306655730823,263.2661331146165,13.163306655730823,-4.392317422674379,,,
91,"left Primary somatosensory area, trunk, layer 6a",3,0,57.36308771189681,,68.83570525427616,,,,,
92,"left Primary somatosensory area, trunk, layer 6b",3,0,96.969692363884,,58.18181541833039,,,,,
98,"left Primary somatosensory area, unassigned, layer 6a",4,1,98.6709150369343,6.804890692202367,37.42689880711302,6.804890692202367,-3.857980994930185,,,
99,"left Primary somatosensory area, unassigned, layer 6b",1,0,80.4020062313612,,80.4020062313612,,,,,
113,"left Gustatory areas, layer 6b",0,1,,348.9096407485539,,348.9096407485539,,,,
120,"left Visceral area, layer 6b",0,1,,40.37854697802109,,40.37854697802109,,,,
125,"left Dorsal auditory area, layer 4",4,1,147.51772348973816,30.260045844048854,90.78013753214657,30.260045844048854,-2.2854022188243515,,,
126,"left Dorsal auditory area, layer 5",3,1,168.94228216318365,34.95357561996903,139.81430247987612,34.95357561996903,-2.273018494373681,,,
128,"left Dorsal auditory area, layer 6b",1,0,196.9230675697342,,196.9230675697342,,,,,
139,"left Primary auditory area, layer 4",5,1,214.6964754254679,76.67731265195282,289.6698477962662,76.67731265195282,-1.4854268271581463,,,
140,"left Primary auditory area, layer 5",5,1,159.46843096386198,13.98845885647912,201.43380753329933,13.98845885647912,-3.5109619191832913,,,
141,"left Primary auditory area, layer 6a",5,0,34.85181528881025,,20.106816512775143,,,,,
142,"left Primary auditory area, layer 6b",1,2,110.15490010355123,36.71830003451707,110.15490010355123,36.71830003451707,-1.5849625006949628,,,
146,"left Posterior auditory area, layer 4",5,1,198.3249487040238,53.60133748757399,160.80401246272197,53.60133748757399,-1.887525270721947,,,
148,"left Posterior auditory area, layer 6a",2,1,138.96564677493032,25.26648123180551,138.96564677493032,25.26648123180551,-2.4594316185905796,,,
149,"left Posterior auditory area, layer 6b",2,0,330.46470031065365,,330.46470031065365,,,,,
153,"left Ventral auditory area, layer 4",5,1,148.00936065143145,18.735362107776137,103.04449159276874,18.735362107776137,-2.9818526532224836,,,
155,"left Ventral auditory area, layer 6a",5,1,42.35138212870628,7.0585636881177125,21.17569106435314,7.0585636881177125,-2.5849625005508314,,,
156,"left Ventral auditory area, layer 6b",0,1,,45.55159925990286,,45.55159925990286,,,,
167,"left Anterolateral visual area, layer 4",5,1,255.45810700760694,38.705773789031355,290.29330341773516,38.705773789031355,-2.722466024439465,,,
168,"left Anterolateral visual area, layer 5",5,0,224.04420861227126,,147.3975056659679,,,,,
169,"left Anterolateral visual area, layer 6a",3,1,147.98371476175382,17.75804577141046,71.03218308564183,17.75804577141046,-3.0588936889820757,,,
170,"left Anterolateral visual area, layer 6b",1,1,89.01251315739043,89.01251315739043,89.01251315739043,89.01251315739043,0.0,,,
175,"left Anteromedial visual area, layer 5",5,1,228.57141771486894,131.86812560473209,316.48350145135703,131.86812560473209,-0.7935491225279451,,,
176,"left Anteromedial visual area, layer 6a",5,1,91.44963843120827,73.74970841226472,29.499883364905887,73.74970841226472,-0.31034012060836447,,,
177,"left Anteromedial visual area, layer 6b",2,0,118.959102156438,,118.959102156438,,,,,
184,"left Lateral visual area, layer 6b",1,2,153.846146538854,128.20512211571167,153.846146538854,128.20512211571167,-0.2630344058319182,,,
198,"left Posterolateral visual area, layer 6b",1,0,455.51599259903685,,455.51599259903685,,,,,
202,"left posteromedial visual area, layer 4",5,1,271.65028801589733,20.272409553425174,141.90686687397624,20.272409553425174,-3.7441610955045554,,,
212,"left Laterointermediate area, layer 6b",1,1,127.74450491050693,127.74450491050693,127.74450491050693,127.74450491050693,0.0,,,
219,"left Postrhinal area, layer 6b",2,1,61.42034257213395,307.10171286066975,61.42034257213395,307.10171286066975,2.3219280948685714,,,
231,"left Anterior cingulate area, dorsal part, layer 6b",2,1,81.42493251929217,81.42493251929217,81.42493251929217,81.42493251929217,0.0,,,
235,"left Anterior cingulate area, ventral part, layer 5",2,1,96.19734876399784,27.768306859710716,96.19734876399784,27.768306859710716,-1.7925579200925663,,,
236,"left Anterior cingulate area, ventral part, 6a",4,1,48.28002184683408,5.517716782495324,8.276575173742986,5.517716782495324,-3.1292830167133823,,,
237,"left Anterior cingulate area, ventral part, 6b",2,1,80.88978382224883,129.4236541155981,80.88978382224883,129.4236541155981,0.678071905105949,,,
244,"left Prelimbic area, layer 6b",1,1,373.7226099863569,93.43065249658922,373.7226099863569,93.43065249658922,-1.999999999988419,,,
249,"left Infralimbic area, layer 5",4,1,22.406870376305882,5.9751654336815685,11.950330867363137,5.9751654336815685,-1.9068905954314563,,,
250,"left Infralimbic area, layer 6a",2,1,48.817694096234376,9.763538819246875,48.817694096234376,9.763538819246875,-2.3219280947691514,,,
251,"left Infralimbic area, layer 6b",1,1,188.23528517695112,188.23528517695112,188.23528517695112,188.23528517695112,0.0,,,
263,"left Orbital area, lateral part, layer 6b",2,1,88.21501993130735,44.107509965653676,88.21501993130735,44.107509965653676,-0.9999999999836459,,,
268,"left Orbital area, medial part, layer 5",4,1,29.668872762989594,250.06621328805517,31.788077960345994,250.06621328805517,3.0752881272613797,,,
290,"left Agranular insular area, posterior part, layer 6b",1,0,97.41247634728069,,97.41247634728069,,,,,
303,"left Retrosplenial area, lateral agranular part, layer 6b",1,1,384.219535781428,54.88850511163257,384.219535781428,54.88850511163257,-2.807354922035075,,,
331,"left Retrosplenial area, dorsal part, layer 6b",1,2,62.56109184766721,93.84163777150081,62.56109184766721,93.84163777150081,0.5849625007134694,,,
338,"left Retrosplenial area, ventral part, layer 6b",2,1,60.60605772742738,121.21211545485477,60.60605772742738,121.21211545485477,0.999999999988098,,,
349,"left Anterior area, layer 4",4,1,383.48437252061575,25.780462018192658,406.04227678653433,25.780462018192658,-3.8948177632557446,,,
350,"left Anterior area, layer 5",4,1,346.57038065070367,5.635290742287864,247.95279266066606,5.635290742287864,-5.9425145050873915,,,
351,"left Anterior area, layer 6a",4,1,82.9131613279426,17.927170016852457,58.263302554770476,17.927170016852457,-2.2094533655658743,,,
352,"left Anterior area, layer 6b",1,0,148.83720223293784,,148.83720223293784,,,,,
356,"left Rostrolateral area, layer 4",5,1,351.5435217313632,27.25143579312893,408.771536896934,27.25143579312893,-3.6892991604870558,,,
357,"left Rostrolateral area, layer 5",4,1,301.7705784303312,8.211444311029421,324.35205028566213,8.211444311029421,-5.199672344665452,,,
358,"left Rostrolateral area, layer 6a",3,0,110.10183897633378,,26.424441354320106,,,,,
359,"left Rostrolateral area, layer 6b",1,0,68.89127767509544,,68.89127767509544,,,,,
371,"left Perirhinal area, layer 6a",0,1,,74.89759737877525,,74.89759737877525,,,,
378,left Ectorhinal area/Layer 6b,0,1,,37.25261755539189,,37.25261755539189,,,,
388,"left Accessory olfactory bulb, granular layer",5,1,210.5800495640035,36.30690509724198,127.07416784034693,36.30690509724198,-2.536052900207325,,,
424,"left Nucleus of the lateral olfactory tract, pyramidal layer",1,3,26.755851571974638,17.837234381316424,26.755851571974638,13.377925785987319,-0.5849625006941959,,,
425,"left Nucleus of the lateral olfactory tract, layer 3",0,1,,34.63203298710134,,34.63203298710134,,,,
563,"left Basolateral amygdalar nucleus, anterior part",4,0,21.410322976414054,,18.16633464665435,,,,,
564,"left Basolateral amygdalar nucleus, posterior part",4,1,21.084997900339317,11.245332213514303,15.462331793582166,11.245332213514303,-0.9068905955486486,,,
565,"left Basolateral amygdalar nucleus, ventral part",4,0,20.29396307399044,,16.71267547269801,,,,,
576,left Fundus of striatum,3,1,15.427634017973986,4.628290205392196,13.884870616176588,4.628290205392196,-1.7369655939480075,,,
591,left Septohippocampal nucleus,3,0,71.28933106116791,,53.46699829587594,,,,,
594,left Bed nucleus of the accessory olfactory tract,3,1,556.5217126970754,79.50310181386791,397.51550906933954,79.50310181386791,-2.80735492204205,,,
596,"left Central amygdalar nucleus, capsular part",3,0,21.559709267361725,,19.403738340625555,,,,,
597,"left Central amygdalar nucleus, lateral part",1,3,15.382765763769564,7.691382881884782,15.382765763769564,7.691382881884782,-0.9999999999062136,,,
610,"left Globus pallidus, external segment",2,0,5.117747947716066,,5.117747947716066,,,,,
611,"left Globus pallidus, internal segment",2,1,7.082257133179263,4.721504755452842,7.082257133179263,4.721504755452842,-0.5849625006193034,,,
614,left Magnocellular nucleus,2,1,5.484147125978,5.484147125978,5.484147125978,5.484147125978,0.0,,,
617,left Medial septal nucleus,1,3,4.977832850599929,8.296388084333216,4.977832850599929,4.977832850599929,0.7369655940502766,,,
645,left Ventral medial nucleus of the thalamus,1,1,21.60264529810412,2.160264529810412,21.60264529810412,2.160264529810412,-3.3219280942863127,,,
648,"left Ventral posterolateral nucleus of the thalamus, parvicellular part",1,1,20.24035324483344,20.24035324483344,20.24035324483344,20.24035324483344,0.0,,,
654,"left Subparafascicular nucleus, parvicellular part",2,0,14.86988776955466,,14.86988776955466,,,,,
656,left Peripeduncular nucleus,2,1,49.079752270063935,229.03884392696506,49.079752270063935,229.03884392696506,2.222392421313352,,,
661,"left Medial geniculate complex, medial part",1,2,15.992003238421605,23.988004857632408,15.992003238421605,23.988004857632408,0.584962500691085,,,
670,left Posterior limiting nucleus of the thalamus,3,1,13.00218334301656,19.50327501452484,9.75163750726242,19.50327501452484,0.5849625006841701,,,
671,left Suprageniculate nucleus,1,2,11.002234306371546,22.004468612743096,11.002234306371546,22.004468612743096,0.9999999999344364,,,
672,left Ethmoid nucleus of the thalamus,0,2,,16.9738753375317,,16.9738753375317,,,,
684,left Intermediodorsal nucleus of the thalamus,1,0,11.760381653833756,,11.760381653833756,,,,,
685,left Mediodorsal nucleus of thalamus,1,1,2.903547634523331,2.903547634523331,2.903547634523331,2.903547634523331,0.0,,,
690,left Perireunensis nucleus,1,0,13.195875661889337,,13.195875661889337,,,,,
693,left Parataenial nucleus,0,1,,26.083411340916975,,26.083411340916975,,,,
694,left Nucleus of reuniens,0,1,,19.01790266998389,,19.01790266998389,,,,
700,left Central lateral nucleus of the thalamus,2,1,11.006964822454771,11.006964822454771,11.006964822454771,11.006964822454771,0.0,,,
701,left Parafascicular nucleus,1,0,4.089979355838655,,4.089979355838655,,,,,
702,left Posterior intralaminar thalamic nucleus,1,0,11.375754880939082,,11.375754880939082,,,,,
705,left Intergeniculate leaflet of the lateral geniculate complex,0,2,,43.55716671517473,,43.55716671517473,,,,
710,left Subgeniculate nucleus,0,1,,75.1173673241354,,75.1173673241354,,,,
720,left Paraventricular hypothalamic nucleus,1,1,43.104897767410876,140.09091774408535,43.104897767410876,140.09091774408535,1.700439718117921,,,
737,left Anteroventral preoptic nucleus,1,1,21.776113290290333,43.552226580580665,21.776113290290333,43.552226580580665,0.9999999999668742,,,
739,left Dorsomedial nucleus of the hypothalamus,2,1,32.23639873748989,16.118199368744946,32.23639873748989,16.118199368744946,-0.9999999999552462,,,
743,left Median preoptic nucleus,0,2,,109.77701022326514,,109.77701022326514,,,,
744,left Medial preoptic area,1,0,10.758712926173363,,10.758712926173363,,,,,
745,left Vascular organ of the lamina terminalis,2,3,239.7003631466806,239.7003631466806,239.7003631466806,239.7003631466806,0.0,,,
751,left Subparaventricular zone,1,1,18.497108948024085,166.47398053221676,18.497108948024085,166.47398053221676,3.1699250013729827,,,
765,"left Medial mammillary nucleus, median part",3,1,44.44444233344674,53.33333080013608,53.33333080013608,53.33333080013608,0.2630344058283837,,,
767,"left Medial mammillary nucleus, medial part",2,1,58.66177539886647,87.9926630982997,58.66177539886647,87.9926630982997,0.5849625007129586,,,
769,"left Medial mammillary nucleus, dorsal part",2,1,119.30405398539162,79.53603599026108,119.30405398539162,79.53603599026108,-0.5849625007151097,,,
774,"left Tuberomammillary nucleus, dorsal part",1,2,173.12893677230892,173.12893677230892,173.12893677230892,173.12893677230892,0.0,,,
776,left Medial preoptic nucleus,1,0,4.971645844804107,,4.971645844804107,,,,,
780,left Dorsal premammillary nucleus,0,2,,22.775799629951358,,22.775799629951358,,,,
792,left Posterior hypothalamic nucleus,4,0,5.680052980711183,,5.680052980711183,,,,,
795,left Lateral preoptic area,1,1,18.033247945946254,3.606649589189251,18.033247945946254,3.606649589189251,-2.321928094567354,,,
797,left Parasubthalamic nucleus,4,1,12.021036243456665,12.021036243456665,12.021036243456665,12.021036243456665,0.0,,,
800,left Subthalamic nucleus,1,2,10.282775861208755,10.282775861208755,10.282775861208755,10.282775861208755,0.0,,,
804,left Fields of Forel,1,1,8.267665283576191,8.267665283576191,8.267665283576191,8.267665283576191,0.0,,,
813,"left Inferior colliculus, central nucleus",4,1,11.53824763524328,5.325345062419975,12.425805145646608,5.325345062419975,-1.1154772172740608,,,
816,left Nucleus of the brachium of the inferior colliculus,1,1,22.881657833451317,68.64497350035396,22.881657833451317,68.64497350035396,1.5849625006791228,,,
817,left Nucleus sagulum,1,1,81.63264918388174,81.63264918388174,81.63264918388174,81.63264918388174,0.0,,,
823,left Ventral tegmental area,2,0,7.016004928761596,,7.016004928761596,,,,,
824,left Paranigral nucleus,3,1,153.698359654572,92.21901579274319,92.21901579274319,92.21901579274319,-0.7369655941599483,,,
825,"left Midbrain reticular nucleus, retrorubral area",0,1,,43.44874199603757,,43.44874199603757,,,,
832,"left Superior colliculus, motor related, deep white layer",2,0,9.061732626037841,,9.061732626037841,,,,,
847,left Nucleus of the posterior commissure,1,0,6.94519771678386,,6.94519771678386,,,,,
848,left Olivary pretectal nucleus,1,0,34.22459730490021,,34.22459730490021,,,,,
849,left Posterior pretectal nucleus,3,0,23.153171608481045,,27.78380593017725,,,,,
850,left Retroparafascicular nucleus,1,0,63.87225245525284,,63.87225245525284,,,,,
853,left Red nucleus,1,1,2.539077876702502,2.539077876702502,2.539077876702502,2.539077876702502,0.0,,,
862,left Dorsal terminal nucleus of the accessory optic tract,1,2,176.3085315706979,352.6170631413958,176.3085315706979,352.6170631413958,0.9999999999959086,,,
863,left Medial terminal nucleus of the accessory optic tract,2,1,46.41044014515112,139.23132043545337,46.41044014515112,139.23132043545337,1.5849625007004327,,,
866,"left Substantia nigra, compact part",1,1,30.48102728694869,10.160342428982897,30.48102728694869,10.160342428982897,-1.5849625006264942,,,
869,left Interfascicular nucleus raphe,3,0,54.80122063867193,,23.486237416573687,,,,,
881,left Dorsal nucleus raphe,1,0,13.819908650434755,,13.819908650434755,,,,,
890,left Parabrachial nucleus,1,2,19.03754536757897,12.691696911719314,19.03754536757897,12.691696911719314,-0.5849625006832656,,,
908,left Dorsal tegmental nucleus,1,0,19.288727233322295,,19.288727233322295,,,,,
911,left Pontine central gray,1,1,3.688760631709698,3.688760631709698,3.688760631709698,3.688760631709698,0.0,,,
917,left Supratrigeminal nucleus,0,1,,15.358770568793682,,15.358770568793682,,,,
919,left Motor nucleus of trigeminal,0,1,,5.6342985262930965,,5.6342985262930965,,,,
925,left Superior central nucleus raphe,3,1,7.8646158753097195,6.741099321694045,10.111648982541068,6.741099321694045,-0.2223924213058744,,,
929,left Laterodorsal tegmental nucleus,1,1,29.375763598606152,29.375763598606152,29.375763598606152,29.375763598606152,0.0,,,
934,left Sublaterodorsal nucleus,1,0,42.2442224159494,,42.2442224159494,,,,,
937,left Area postrema,4,0,183.57487050771502,,173.91303521783527,,,,,
944,left Cuneate nucleus,1,2,77.87345193580333,8.985398300284999,77.87345193580333,8.985398300284999,-3.1154772172779026,,,
946,left External cuneate nucleus,2,1,43.86231896447377,87.72463792894754,43.86231896447377,87.72463792894754,0.9999999999835544,,,
962,left Paratrigeminal nucleus,1,1,39.14372902762279,39.14372902762279,39.14372902762279,39.14372902762279,0.0,,,
972,"left Nucleus ambiguus, ventral division",1,1,729.3446947027198,638.1766078648799,729.3446947027198,638.1766078648799,-0.19264507794211325,,,
980,left Linear nucleus of the medulla,0,2,,162.02530875990732,,162.02530875990732,,,,
984,left Magnocellular reticular nucleus,1,3,643.3862128270381,20.066626520921265,643.3862128270381,15.04996989069095,-5.002815015537402,,,
989,left Parasolitary nucleus,1,0,71.34893752526595,,71.34893752526595,,,,,
991,"left Paragigantocellular reticular nucleus, dorsal part",0,1,,8.384645219463287,,8.384645219463287,,,,
995,left Nucleus of Roller,1,1,859.5040914071541,132.2313986780237,859.5040914071541,132.2313986780237,-2.7004397181318605,,,
996,left Nucleus prepositus,2,0,20.8550563608457,,20.8550563608457,,,,,
1003,left Medial vestibular nucleus,2,0,2.749376963663685,,2.749376963663685,,,,,
1004,left Spinal vestibular nucleus,0,1,,5.344021122258122,,5.344021122258122,,,,
1005,left Superior vestibular nucleus,1,1,5.645730148214827,5.645730148214827,5.645730148214827,5.645730148214827,0.0,,,
1007,left Hypoglossal nucleus,2,1,465.9679866928599,416.5471396193748,465.9679866928599,416.5471396193748,-0.16175106999624472,,,
1011,left Nucleus raphe magnus,4,1,102.1474124436734,130.00579765558433,92.8612840397031,130.00579765558433,0.34792330341728017,,,
1012,left Nucleus raphe pallidus,2,1,49.45903938188822,32.97269292125881,49.45903938188822,32.97269292125881,-0.5849625007065714,,,
1013,left Nucleus raphe obscurus,2,1,480.30016480422785,60.037520600528474,480.30016480422785,60.037520600528474,-2.999999999978974,,,
1099,left Dentate nucleus,1,0,23.80952267863217,,23.80952267863217,,,,,
1112,left optic nerve,2,0,70.48457814995959,,70.48457814995959,,,,,
1115,left superior colliculus commissure,1,0,75.38279971750723,,75.38279971750723,,,,,
1119,left oculomotor nerve,0,1,,245.21071632246722,,245.21071632246722,,,,
1120,left medial longitudinal fascicle,2,1,88.54831422755676,163.47381088164326,88.54831422755676,163.47381088164326,0.8845227825725965,,,
1130,left facial nerve,0,1,,25.366625826461913,,25.366625826461913,,,,
1141,left inferior colliculus commissure,0,1,,111.69283937201291,,111.69283937201291,,,,
1145,left solitary tract,1,1,1066.6666160027216,213.33332320054433,1066.6666160027216,213.33332320054433,-2.3219280948819523,,,
1174,left superior cerebelar peduncles,1,0,4.563279640653353,,4.563279640653353,,,,,
1181,left dorsal spinocerebellar tract,1,3,27.29210957789478,45.4868492964913,27.29210957789478,40.93816436684217,0.7369655941450615,,,
1212,left external medullary lamina of the thalamus,0,1,,36.36363463645641,,36.36363463645641,,,,
1221,left nigrostriatal tract,0,1,,17.837234381316424,,17.837234381316424,,,,
1242,"left anterior commissure, temporal limb",1,2,9.432571401645292,23.581428504113234,9.432571401645292,23.581428504113234,1.3219280947955936,,,
1246,left dorsal fornix,2,0,81.42493251929173,,81.42493251929173,,,,,
1252,left columns of the fornix,0,2,,14.89411146384996,,14.89411146384996,,,,
1259,left stria terminalis,3,1,8.698606450582842,58.71559354143418,6.523954837937132,58.71559354143418,2.7548875020221857,,,
1280,left mammillotegmental tract,1,0,59.86903363906766,,59.86903363906766,,,,,
1281,left mammillary peduncle,2,1,249.75608569819917,124.87804284909959,249.75608569819917,124.87804284909959,-0.9999999999942236,,,
1286,left fasciculus retroflexus,0,1,,12.014266371346595,,12.014266371346595,,,,
10010,"right Frontal pole, layer 6a",4,0,31.163048046824095,,26.71118404013494,,,,,
10050,"right Primary somatosensory area, nose, layer 6b",4,1,102.32557653514476,74.41860111646892,74.41860111646892,74.41860111646892,-0.45943161863201004,,,
10071,"right Primary somatosensory area, lower limb, layer 6b",3,1,106.80016180252562,200.25030337973556,120.15018202784134,200.25030337973556,0.9068905956022145,,,
10091,"right Primary somatosensory area, trunk, layer 6a",3,1,111.84298433688976,77.42975838707753,51.61983892471835,77.42975838707753,-0.5305147166930467,,,
10092,"right Primary somatosensory area, trunk, layer 6b",0,3,,77.9299810778244,,58.4474858083683,,,,
10096,"right Primary somatosensory area, unassigned, layer 4",4,1,218.37548896194198,31.957388628576876,175.76563745717283,31.957388628576876,-2.7725895038583896,,,
10097,"right Primary somatosensory area, unassigned, layer 5",4,1,252.30469446934825,62.10577094630111,260.06791583763584,62.10577094630111,-2.022367813010943,,,
10098,"right Primary somatosensory area, unassigned, layer 6a",4,1,59.35346829903854,33.91626759945059,57.657654919066005,33.91626759945059,-0.8073549220393741,,,
10099,"right Primary somatosensory area, unassigned, layer 6b",1,0,82.05127815405606,,82.05127815405606,,,,,
10113,"right Gustatory areas, layer 6b",0,1,,51.86385491099139,,51.86385491099139,,,,
10120,"right Visceral area, layer 6b",1,0,118.15384054184021,,118.15384054184021,,,,,
10126,"right Dorsal auditory area, layer 5",5,1,99.28818655984446,11.680963124687583,46.72385249875033,11.680963124687583,-3.087462841141362,,,
10127,"right Dorsal auditory area, layer 6a",4,1,62.40460955077819,10.852975574048381,32.558926722145145,10.852975574048381,-2.5235619559472005,,,
10128,"right Dorsal auditory area, layer 6b",2,1,199.3769375706022,132.91795838040147,199.3769375706022,132.91795838040147,-0.584962500717538,,,
10142,"right Primary auditory area, layer 6b",3,1,73.52096147060686,36.76048073530343,73.52096147060686,36.76048073530343,-0.9999999999803774,,,
10146,"right Posterior auditory area, layer 4",5,0,161.34453015167236,,107.56302010111493,,,,,
10147,"right Posterior auditory area, layer 5",5,1,163.1696735590727,11.024977943180588,121.27475737498646,11.024977943180588,-3.887525270619572,,,
10148,"right Posterior auditory area, layer 6a",4,0,127.18600349793988,,76.31160209876393,,,,,
10149,"right Posterior auditory area, layer 6b",4,0,143.11269445474875,,114.49015556379901,,,,,
10155,"right Ventral auditory area, layer 6a",4,0,53.114969259845594,,21.24598770393824,,,,,
10156,"right Ventral auditory area, layer 6b",1,0,85.84841979901208,,85.84841979901208,,,,,
10170,"right Anterolateral visual area, layer 6b",4,0,136.55760375568283,,136.55760375568283,,,,,
10174,"right Anteromedial visual area, layer 4",4,1,240.66388898401658,33.195019170209186,248.96264377656888,33.195019170209186,-2.8579809950901054,,,
10177,"right Anteromedial visual area, layer 6b",1,0,162.4365405080295,,162.4365405080295,,,,,
10181,"right Lateral visual area, layer 4",5,1,520.034848882931,44.638184453470465,256.6695606074552,44.638184453470465,-3.542258049737373,,,
10184,"right Lateral visual area, layer 6b",3,0,122.70610208741259,,105.17665893206792,,,,,
10195,"right Posterolateral visual area, layer 4",4,1,251.74823979085258,55.944053286856125,167.83215986056837,55.944053286856125,-2.169925001422255,,,
10196,"right Posterolateral visual area, layer 5",5,1,54.341950332828745,41.16814419153693,24.700886514922157,41.16814419153693,-0.40053792957523304,,,
10198,"right Posterolateral visual area, layer 6b",1,0,474.0740515567731,,474.0740515567731,,,,,
10203,"right posteromedial visual area, layer 5",5,1,201.28862208722322,13.978376533834945,48.92431786842231,13.978376533834945,-3.8479969064589086,,,
10204,"right posteromedial visual area, layer 6a",3,1,61.72073826839469,13.225872486084578,39.677617458253735,13.225872486084578,-2.222392421250741,,,
10205,"right posteromedial visual area, layer 6b",1,1,72.89293503435484,145.78587006870967,72.89293503435484,145.78587006870967,0.9999999999901038,,,
10212,"right Laterointermediate area, layer 6b",2,0,182.50949703468785,,182.50949703468785,,,,,
10216,"right Postrhinal area, layer 4",3,1,154.26996512436048,66.11569933901164,99.17354900851745,66.11569933901164,-1.2223924213239785,,,
10218,"right Postrhinal area, layer 6a",5,1,31.078735950131307,22.19909710723665,33.29864566085497,22.19909710723665,-0.48542682715167335,,,
10219,"right Postrhinal area, layer 6b",3,1,81.424932519292,183.206098168407,61.068699389469,183.206098168407,1.169925001432469,,,
10234,"right Anterior cingulate area, ventral part, layer 2/3",5,1,59.57395743054758,15.275373700140404,26.731903975245707,15.275373700140404,-1.9634741239046571,,,
10235,"right Anterior cingulate area, ventral part, layer 5",5,1,27.698675219540018,32.1144060516406,8.02860151291015,32.1144060516406,0.2134036381020315,,,
10236,"right Anterior cingulate area, ventral part, 6a",3,1,45.87024236702164,11.008858168085194,16.51328725212779,11.008858168085194,-2.0588936889539715,,,
10237,"right Anterior cingulate area, ventral part, 6b",2,1,64.38631484925898,32.19315742462949,64.38631484925898,32.19315742462949,-0.9999999999775934,,,
10242,"right Prelimbic area, layer 5",5,1,47.25501828317965,234.23823717955432,14.257979654407654,234.23823717955432,2.3094371506797944,,,
10244,"right Prelimbic area, layer 6b",1,3,186.58891242030117,217.6870644903514,186.58891242030117,279.88336863045174,0.22239242133534365,,,
10250,"right Infralimbic area, layer 6a",2,1,68.30309173976869,9.757584534252672,68.30309173976869,9.757584534252672,-2.807354921930872,,,
10251,"right Infralimbic area, layer 6b",2,0,275.0716201726234,,275.0716201726234,,,,,
10263,"right Orbital area, lateral part, layer 6b",0,3,,73.31042034382985,,43.986252206297905,,,,
10269,"right Orbital area, medial part, layer 6a",2,0,37.54609275235862,,37.54609275235862,,,,,
10270,"right Orbital area, medial part, layer 6b",1,0,520.32517853793,,520.32517853793,,,,,
10290,"right Agranular insular area, posterior part, layer 6b",1,0,96.09609153177715,,96.09609153177715,,,,,
10303,"right Retrosplenial area, lateral agranular part, layer 6b",1,2,55.89519385167125,55.89519385167125,55.89519385167125,55.89519385167125,0.0,,,
10331,"right Retrosplenial area, dorsal part, layer 6b",2,1,62.499997031409514,62.499997031409514,62.499997031409514,62.499997031409514,0.0,,,
10337,"right Retrosplenial area, ventral part, layer 6a",5,1,26.68435389223144,27.290816480691245,6.064625884598055,27.290816480691245,0.0324214776911759,,,
10338,"right Retrosplenial area, ventral part, layer 6b",2,1,41.63955560192809,124.91866680578427,41.63955560192809,124.91866680578427,1.584962500698058,,,
10351,"right Anterior area, layer 6a",4,1,51.641872371728724,71.84956156066605,26.943585585249767,71.84956156066605,0.4764380439351302,,,
10352,"right Anterior area, layer 6b",1,1,152.62320419752825,101.74880279835216,152.62320419752825,101.74880279835216,-0.58496250071643,,,
10359,"right Rostrolateral area, layer 6b",4,0,123.62030317912414,,105.96025986782068,,,,,
10366,"right Temporal association areas, layer 6b",4,0,126.52767191980526,,126.52767191980526,,,,,
10371,"right Perirhinal area, layer 6a",1,0,37.03703527787238,,37.03703527787238,,,,,
10372,"right Perirhinal area, layer 6b",1,0,153.47721093564525,,153.47721093564525,,,,,
10378,right Ectorhinal area/Layer 6b,3,1,79.09604144087977,33.89830347466276,67.79660694932552,33.89830347466276,-1.2223924213121284,,,
10388,"right Accessory olfactory bulb, granular layer",4,1,204.08162295970428,9.070294353764634,31.746030238176218,9.070294353764634,-4.491853096177687,,,
10424,"right Nucleus of the lateral olfactory tract, pyramidal layer",0,1,,53.56768944144239,,53.56768944144239,,,,
10475,"right Dentate gyrus, polymorph layer",5,1,15.795967986876985,8.775537770487215,11.700717027316287,8.775537770487215,-0.8479969064818834,,,
10490,right Fasciola cinerea,4,1,248.9959721090695,64.25702506040503,273.0923565067214,64.25702506040503,-1.9541963103702173,,,
10563,"right Basolateral amygdalar nucleus, anterior part",5,1,18.178866203584764,2.596980886226395,5.19396177245279,2.596980886226395,-2.8073549215814375,,,
10565,"right Basolateral amygdalar nucleus, ventral part",4,0,89.59904002113501,,28.671692806763208,,,,,
10568,"right Basomedial amygdalar nucleus, posterior part",4,1,14.630322391398465,5.573456149104177,15.327004410036489,5.573456149104177,-1.392317422618519,,,
10591,right Septohippocampal nucleus,2,0,243.44884727027443,,243.44884727027443,,,,,
10596,"right Central amygdalar nucleus, capsular part",3,1,15.065912655405674,19.370459128378723,12.913639418919148,19.370459128378723,0.3625700793634285,,,
10597,"right Central amygdalar nucleus, lateral part",1,1,7.697858667327797,38.48929333663899,7.697858667327797,38.48929333663899,2.32192809473743,,,
10598,"right Central amygdalar nucleus, medial part",1,1,8.023401206873789,10.69786827583172,8.023401206873789,10.69786827583172,0.41503749923389116,,,
10599,right Intercalated amygdalar nucleus,2,1,21.925315847949054,10.962657923974527,21.925315847949054,10.962657923974527,-0.9999999999341997,,,
10610,"right Globus pallidus, external segment",2,0,3.832947194771416,,3.832947194771416,,,,,
10611,"right Globus pallidus, internal segment",1,1,4.724990547077393,4.724990547077393,4.724990547077393,4.724990547077393,0.0,,,
10614,right Magnocellular nucleus,1,1,5.4874386487321685,5.4874386487321685,5.4874386487321685,5.4874386487321685,0.0,,,
10617,right Medial septal nucleus,0,1,,23.374724967188918,,23.374724967188918,,,,
10644,right Ventral anterior-lateral complex of the thalamus,0,1,,4.8989587385305615,,4.8989587385305615,,,,
10645,right Ventral medial nucleus of the thalamus,1,0,4.313685637459189,,4.313685637459189,,,,,
10648,"right Ventral posterolateral nucleus of the thalamus, parvicellular part",1,1,80.91023635924567,40.455118179622836,80.91023635924567,40.455118179622836,-0.9999999999821694,,,
10651,right Posterior triangular thalamic nucleus,2,1,92.77430424644544,21.409454826102795,92.77430424644544,21.409454826102795,-2.1154772173681007,,,
10654,"right Subparafascicular nucleus, parvicellular part",1,0,29.815978085331157,,29.815978085331157,,,,,
10656,right Peripeduncular nucleus,1,1,32.38866242923243,97.16598728769729,32.38866242923243,97.16598728769729,1.584962500691461,,,
10660,"right Medial geniculate complex, ventral part",5,1,15.873730925857853,14.430664478052595,7.2153322390262975,14.430664478052595,-0.1375035237408461,,,
10670,right Posterior limiting nucleus of the thalamus,3,2,9.717582289730224,9.717582289730224,9.717582289730224,9.717582289730224,0.0,,,
10672,right Ethmoid nucleus of the thalamus,2,0,21.083145658243268,,21.083145658243268,,,,,
10678,"right Anteromedial nucleus, ventral part",0,1,,12.050460734355728,,12.050460734355728,,,,
10681,right Interanterodorsal nucleus of the thalamus,1,0,17.694220890285685,,17.694220890285685,,,,,
10689,right Submedial nucleus of the thalamus,0,1,,12.993604093018634,,12.993604093018634,,,,
10694,right Nucleus of reuniens,1,1,14.008462781299418,4.669487593766473,14.008462781299418,4.669487593766473,-1.5849625005151813,,,
10698,right Central medial nucleus of the thalamus,1,0,7.8595108633382385,,7.8595108633382385,,,,,
10699,right Paracentral nucleus,1,0,16.753925905801907,,16.753925905801907,,,,,
10700,right Central lateral nucleus of the thalamus,1,1,11.117866231245246,5.558933115622623,11.117866231245246,5.558933115622623,-0.9999999998702362,,,
10701,right Parafascicular nucleus,3,0,14.959307421469921,,16.319244459785367,,,,,
10702,right Posterior intralaminar thalamic nucleus,0,1,,34.20021212691306,,34.20021212691306,,,,
10706,right Intermediate geniculate nucleus,1,0,87.31241058685337,,87.31241058685337,,,,,
10731,"right Periventricular hypothalamic nucleus, anterior part",2,1,356.4356266345733,277.22770960466806,356.4356266345733,277.22770960466806,-0.3625700793835521,,,
10735,right Anterodorsal preoptic nucleus,1,0,20.253163594988397,,20.253163594988397,,,,,
10739,right Dorsomedial nucleus of the hypothalamus,4,0,28.956892339659266,,15.794668548905054,,,,,
10743,right Median preoptic nucleus,1,2,134.35968571062983,67.17984285531492,134.35968571062983,67.17984285531492,-0.9999999999892621,,,
10744,right Medial preoptic area,3,1,4.794276604315843,3.595707453236882,3.595707453236882,3.595707453236882,-0.41503749917853705,,,
10745,right Vascular organ of the lamina terminalis,3,1,218.43002375482672,218.43002375482672,218.43002375482672,218.43002375482672,0.0,,,
10757,right Anterior hypothalamic nucleus,0,3,,3.748279420197561,,2.8112095651481708,,,,
10769,"right Medial mammillary nucleus, dorsal part",1,3,25.984570426375683,60.630664328209924,25.984570426375683,77.95371127912705,1.2223924213047215,,,
10776,right Medial preoptic nucleus,0,1,,4.914382013373513,,4.914382013373513,,,,
10780,right Dorsal premammillary nucleus,1,1,15.173067083964737,30.346134167929474,15.173067083964737,30.346134167929474,0.9999999999524587,,,
10781,right Ventral premammillary nucleus,1,2,10.220376390955494,76.6528229321662,10.220376390955494,76.6528229321662,2.906890595486181,,,
10795,right Lateral preoptic area,1,3,3.600764991569892,3.6007649915698914,3.600764991569892,3.600764991569892,-1.6017132519074588e-16,,,
10798,right Perifornical nucleus,1,0,27.919149466408303,,27.919149466408303,,,,,
10800,right Subthalamic nucleus,1,0,20.516107376234427,,20.516107376234427,,,,,
10816,right Nucleus of the brachium of the inferior colliculus,1,1,22.775799629951376,22.775799629951376,22.775799629951376,22.775799629951376,0.0,,,
10818,right Parabigeminal nucleus,2,0,203.10295227132212,,203.10295227132212,,,,,
10819,right Midbrain trigeminal nucleus,0,1,,214.76509047034688,,214.76509047034688,,,,
10823,right Ventral tegmental area,2,1,16.37187467918224,9.355356959532708,16.37187467918224,9.355356959532708,-0.8073549219915139,,,
10824,right Paranigral nucleus,1,0,359.5505447200198,,359.5505447200198,,,,,
10832,"right Superior colliculus, motor related, deep white layer",3,1,19.958211544629453,29.93731731694418,23.949853853555346,29.93731731694418,0.5849625006970611,,,
10841,right Nucleus of Darkschewitsch,1,0,21.828102646713297,,21.828102646713297,,,,,
10850,right Retroparafascicular nucleus,1,1,128.70788730047929,32.17697182511982,128.70788730047929,32.17697182511982,-1.999999999966373,,,
10852,right Cuneiform nucleus,2,1,3.6283234287750594,47.16820457407577,3.6283234287750594,47.16820457407577,3.700439717774058,,,
10861,right Lateral terminal nucleus of the accessory optic tract,1,0,110.91853892575966,,110.91853892575966,,,,,
10862,right Dorsal terminal nucleus of the accessory optic tract,1,1,176.79557171316003,353.59114342632006,176.79557171316003,353.59114342632006,0.9999999999959199,,,
10863,right Medial terminal nucleus of the accessory optic tract,1,1,232.8966410486291,93.15865641945165,232.8966410486291,93.15865641945165,-1.3219280948780703,,,
10866,"right Substantia nigra, compact part",1,2,10.110584037940484,40.442336151761936,10.110584037940484,40.442336151761936,1.9999999998929812,,,
10867,right Pedunculopontine nucleus,2,1,3.369721486898273,4.492961982531031,3.369721486898273,4.492961982531031,0.4150374991718102,,,
10869,right Interfascicular nucleus raphe,1,2,22.58292059285931,33.874380889288965,22.58292059285931,33.874380889288965,0.5849625006998613,,,
10877,"right Interpeduncular nucleus, dorsolateral",4,1,118.32374129857642,210.35331786413585,78.88249419905094,210.35331786413585,0.8300749985523531,,,
10878,"right Interpeduncular nucleus, rostrolateral",4,1,238.01651762044304,740.4958325969338,211.57023788483824,740.4958325969338,1.6374299206111786,,,
10890,right Parabrachial nucleus,1,2,4.226095942958483,2.1130479714792414,4.226095942958483,2.1130479714792414,-0.9999999996586224,,,
10913,"right Pontine reticular nucleus, caudal part",1,2,5.962441656189931,31.08987435013321,5.962441656189931,31.08987435013321,2.3824696366268534,,,
10918,right Tegmental reticular nucleus,1,1,2.896976143407716,17.381856860446295,2.896976143407716,17.381856860446295,2.584962500306156,,,
10922,right Parvicellular motor 5 nucleus,3,1,86.09865061905377,57.39910041270251,57.39910041270251,57.39910041270251,-0.5849625007127782,,,
10931,right Pontine reticular nucleus,3,0,3.3857505897376448,,2.5393129423032335,,,,,
10944,right Cuneate nucleus,2,1,357.2902813970458,30.024393394709737,357.2902813970458,30.024393394709737,-3.572889668376568,,,
10945,right Gracile nucleus,3,1,699.9872489601995,244.1815984744882,756.9629552709134,244.1815984744882,-1.5193741590897323,,,
10946,right External cuneate nucleus,2,0,34.12553159058067,,34.12553159058067,,,,,
10956,"right Spinal nucleus of the trigeminal, oral part",1,3,9.98097329468252,30.608318103693062,9.98097329468252,15.969557271492034,1.6166713603510838,,,
10962,right Paratrigeminal nucleus,1,0,19.435164579460448,,19.435164579460448,,,,,
10972,"right Nucleus ambiguus, ventral division",0,1,,182.33617367567996,,182.33617367567996,,,,
10973,right Dorsal motor nucleus of the vagus nerve,4,1,238.42009639558142,298.7432533149454,178.09693947621747,298.7432533149454,0.3254002867929454,,,
10976,right Infracerebellar nucleus,2,0,445.9930101753538,,445.9930101753538,,,,,
10989,right Parasolitary nucleus,1,0,71.66852963064234,,71.66852963064234,,,,,
10995,right Nucleus of Roller,1,1,328.2051126162237,393.8461351394684,328.2051126162237,393.8461351394684,0.26303440583306126,,,
10996,right Nucleus prepositus,2,0,285.78823390184226,,285.78823390184226,,,,,
11002,right Lateral vestibular nucleus,0,2,,10.414406101133103,,10.414406101133103,,,,
11003,right Medial vestibular nucleus,3,1,1.4678477557446923,1.1008858168085192,1.1008858168085192,1.1008858168085192,-0.41503749895122255,,,
11004,right Spinal vestibular nucleus,0,1,,2.669447214188249,,2.669447214188249,,,,
11005,right Superior vestibular nucleus,0,1,,5.652212042759276,,5.652212042759276,,,,
11007,right Hypoglossal nucleus,4,1,223.66359930721342,386.49069960286477,225.45290810167114,386.49069960286477,0.789103217498664,,,
11008,right Nucleus y,0,1,,85.10637893638769,,85.10637893638769,,,,
11012,right Nucleus raphe pallidus,2,1,93.52817927372521,26.722336935350064,93.52817927372521,26.722336935350064,-1.8073549220190408,,,
11112,right optic nerve,1,0,253.74448133985453,,253.74448133985453,,,,,
11115,right superior colliculus commissure,2,0,176.99114203584972,,176.99114203584972,,,,,
11119,right oculomotor nerve,0,1,,246.15383446217223,,246.15383446217223,,,,
11120,right medial longitudinal fascicle,2,1,67.31173428708804,107.69877485934086,67.31173428708804,107.69877485934086,0.6780719051046001,,,
11122,right trochlear nerve,0,1,,283.1858272573656,,283.1858272573656,,,,
11141,right inferior colliculus commissure,1,0,773.7478043543058,,773.7478043543058,,,,,
11145,right solitary tract,1,0,642.1404377273982,,642.1404377273982,,,,,
11156,right cuneate fascicle,1,0,270.04218126651404,,270.04218126651404,,,,,
11174,right superior cerebelar peduncles,0,1,,4.536433013904399,,4.536433013904399,,,,
11177,right uncinate fascicle,3,1,117.73362207535574,23.54672441507115,47.0934488301423,23.54672441507115,-2.3219280948383467,,,
11194,"right corpus callosum, extreme capsule",4,1,37.433153302234565,21.39037331556261,21.39037331556261,21.39037331556261,-0.8073549220286985,,,
11231,right ventral tegmental decussation,1,0,52.71828415169978,,52.71828415169978,,,,,
11240,right amygdalar capsule,4,1,46.35889291107056,12.362371442952151,43.26830005033253,12.362371442952151,-1.9068905955229378,,,
11246,right dorsal fornix,3,1,70.17543526333719,52.631576447502894,52.631576447502894,52.631576447502894,-0.41503749927199124,,,
11251,right medial corticohypothalamic tract,1,0,249.99998812563805,,249.99998812563805,,,,,
11252,right columns of the fornix,1,1,14.842299851614863,74.21149925807431,14.842299851614863,74.21149925807431,2.3219280948096013,,,
11254,right dorsal hippocampal commissure,5,1,68.2454501145271,10.467093575847715,27.21444329720406,10.467093575847715,-2.7048719643396613,,,
11255,right ventral hippocampal commissure,2,0,74.83629204883458,,74.83629204883458,,,,,
11260,right commissural branch of stria terminalis,1,0,112.57695155701545,,112.57695155701545,,,,,
11281,right mammillary peduncle,3,0,226.29378545862994,,185.14946082978813,,,,,
11286,right fasciculus retroflexus,1,0,47.814715696797386,,47.814715696797386,,,,,
