index,name,n_PBS,n_Lecanemab,mean_PBS,mean_Lecanemab,median_PBS,median_Lecanemab,log2fc_Lec_over_PBS,t_stat,p_value,p_value_fdr
690,left Perireunensis nucleus,2,2,13.195875661889337,39.58762698566801,13.195875661889337,39.58762698566801,1.58496250064827,inf,0.0,0.0
215,"left Postrhinal area, layer 2/3",3,3,486.7530065503434,237.13608011426982,486.7530065503434,235.3531020682979,-1.0374747054155433,-32.11820274187863,0.0009679804596805389,0.2531802076442861
347,"left Anterior area, layer 1",3,3,880.4766493818466,243.9537213255435,916.9295042925601,227.1293267513681,-1.8516772530386234,-9.52470841666742,0.0007041376605426523,0.2531802076442861
10181,"right Lateral visual area, layer 4",3,3,636.0941284619541,290.148198947558,624.9345823485866,267.8291067208228,-1.1324502960209455,-8.48969964133008,0.001067145237699836,0.2531802076442861
10355,"right Rostrolateral area, layer 2/3",3,3,672.2587151411391,174.1101708279209,696.4406833116836,166.85558037675753,-1.9490160712750553,-12.874999999999998,0.0016908797359022677,0.2810616560414502
52,"left Primary somatosensory area, barrel field, layer 1",3,3,952.2105856715798,326.6765865701329,910.8792413853341,317.1385840425378,-1.543417609104202,-13.44366494766133,0.0020731629002003703,0.2810616560414502
53,"left Primary somatosensory area, barrel field, layer 2/3",3,3,874.8574231733154,258.5005853396529,910.0275708385742,253.2250631898641,-1.7588803705907154,-12.334841251212897,0.001967825913946045,0.2810616560414502
516,"left Entorhinal area, medial part, dorsal zone, layer 6",3,3,129.5503505747456,207.06818329569992,124.24090997741997,200.69685457890918,0.6765929761825554,6.555593523977283,0.0028641950312130785,0.3397651355776515
167,"left Anterolateral visual area, layer 4",3,3,896.683759445893,303.19522801407896,890.2327971477212,270.9404165232195,-1.5643522210427203,-6.147008563985759,0.0037648957472801725,0.35728860641688837
10335,"right Retrosplenial area, ventral part, layer 2/3",3,3,178.74899402660537,273.68893590886836,182.67754334587144,269.10562836972457,0.6146019911582309,6.550432296063071,0.0035260925908709565,0.35728860641688837
45,"left Primary somatosensory area, nose, layer 1",3,3,808.6286210683188,251.4637785029528,833.2819326862553,231.74112920860355,-1.685126662642635,-7.012459112070428,0.004392574451530987,0.3789593776820824
182,"left Lateral visual area, layer 5",3,3,772.8237424860481,339.7027439499113,764.3311738873003,388.535013392711,-1.1858665453089539,-8.057515556440316,0.0050451432626153385,0.3989867463518297
216,"left Postrhinal area, layer 4",3,3,925.619790746163,385.6749128109013,958.6776404156687,363.636346364564,-1.2630344058316116,-5.856620185738529,0.006655739235456717,0.41199058458286425
833,"left Superior colliculus, motor related, intermediate white layer",3,3,13.39632733452374,40.188982003571205,13.396327334523738,42.10274305136032,1.58496250064936,5.056205829602304,0.010419150716531867,0.41199058458286425
794,left Lateral hypothalamic area,3,3,10.938850498911902,72.71118272806147,1.930385382160924,65.63310299347141,2.732716121052803,4.830284212095625,0.008684273939609587,0.41199058458286425
10196,"right Posterolateral visual area, layer 5",3,3,227.79706452650433,87.82537427527878,222.30797863429942,98.80354605968863,-1.375039431336831,-5.074689670070944,0.007123763394832251,0.41199058458286425
358,"left Rostrolateral area, layer 6a",3,3,471.23587081870863,211.39553083456084,449.2155030234418,237.81997218888094,-1.156504485676228,-4.801351906749842,0.008914699195777072,0.41199058458286425
10180,"right Lateral visual area, layer 2/3",3,3,925.4235678748113,282.7069610691547,960.7619380084557,284.91560920250754,-1.7108064336958078,-9.97535152627994,0.008516931801152913,0.41199058458286425
354,"left Rostrolateral area, layer 1",3,3,923.9463868803518,334.19337397799956,943.6048206437636,271.286385935082,-1.4671260104245427,-6.986196492489337,0.00605124010943105,0.41199058458286425
355,"left Rostrolateral area, layer 2/3",3,3,981.342955126002,290.05210496335036,1015.1823673717263,268.2981970910991,-1.758445321573154,-7.755263867016959,0.010004754978658062,0.41199058458286425
55,"left Primary somatosensory area, barrel field, layer 5",3,3,753.8826011950417,400.6725977068816,806.3122110878155,435.4417074252474,-0.9119160302926528,-4.616878854598089,0.009926485813996709,0.41199058458286425
90,"left Primary somatosensory area, trunk, layer 5",3,3,602.5618036211583,379.6706035355888,589.3394442940482,408.00423066511036,-0.6663609225845352,-5.466244444422539,0.008338514206043616,0.41199058458286425
10210,"right Laterointermediate area, layer 5",3,3,520.4346054944926,174.97370357142427,511.46159505493245,201.89273489010492,-1.5725787762598507,-4.730072399621425,0.009411006590076793,0.41199058458286425
46,"left Primary somatosensory area, nose, layer 2/3",3,3,682.9331447372488,292.53691108409583,655.8656725372967,277.9621183610448,-1.2231256843943388,-6.416117914023328,0.007647365073224078,0.41199058458286425
10166,"right Anterolateral visual area, layer 2/3",3,3,790.9960705605541,279.3730802405362,858.3148850763461,302.9346653210633,-1.5014775152147346,-4.445660892363337,0.01209899770952117,0.4166772107707838
73,"left Primary somatosensory area, mouth, layer 1",3,3,659.0896650825202,287.71142115648877,676.1645268722228,340.64349270456677,-1.1958522560833964,-4.4350826846811335,0.011756166683061849,0.4166772107707838
189,"left Primary visual area, layer 5",3,3,686.246453035549,233.1863729651458,663.4860888234813,242.2046304831349,-1.5572433051195311,-5.337412323373617,0.013136351085353194,0.4166772107707838
208,"left Laterointermediate area, layer 2/3",3,3,1214.8305259424299,527.9403687506821,1141.0324098805065,579.0313721781675,-1.2023081752915705,-4.304986805137163,0.01293753449506616,0.4166772107707838
359,"left Rostrolateral area, layer 6b",3,3,344.4563883754772,114.81879612515907,344.4563883754772,137.78255535019088,-1.5849625007127794,-4.999999999999999,0.013172093069677045,0.4166772107707838
10106,"right Supplemental somatosensory area, layer 6b",3,3,145.63106104406094,22.653720606853923,155.33979844699834,19.417474805874793,-2.6844981742182923,-8.101627221513198,0.011341293500134337,0.4166772107707838
10356,"right Rostrolateral area, layer 4",3,3,739.0932069822107,273.7382248082263,684.3455620205656,273.7382248082263,-1.4329594072727876,-4.195719355927607,0.015285016973360007,0.43110537577306485
217,"left Postrhinal area, layer 5",3,3,526.70616627114,206.1777427179791,540.5668548572226,192.31705413189647,-1.353109750131384,-6.35292608262687,0.016249193695328047,0.43110537577306485
166,"left Anterolateral visual area, layer 2/3",3,3,1040.5687502410494,334.5880225855464,1063.9899118220376,260.9786576167262,-1.6369145803529526,-5.669667217199842,0.016012029001508086,0.43110537577306485
10187,"right Primary visual area, layer 2/3",3,3,682.9892958514946,206.66342773446877,745.9883084995826,222.9965050876768,-1.724579863732141,-5.256021402009458,0.016353839333857045,0.43110537577306485
187,"left Primary visual area, layer 2/3",3,3,932.2621544633203,341.09591703003457,975.2742495726795,330.09282293229154,-1.4505582156274257,-5.345115895171695,0.014210719104500426,0.43110537577306485
10354,"right Rostrolateral area, layer 1",3,3,777.6141015041936,286.69610813033404,801.1781651861388,270.9867323423705,-1.4395320611964153,-4.051273272201028,0.015627388263085594,0.43110537577306485
144,"left Posterior auditory area, layer 1",3,3,587.8570493263827,323.32137712951044,599.6141903129103,317.44280663624664,-0.8624964762480573,-4.233243907726189,0.016893851086101693,0.4333044508300137
11111,"right anterior commissure, olfactory limb",3,3,90.22844121732868,34.164167062872025,97.23647548663577,39.42019276485234,-1.4010983082947313,-4.314879119764749,0.01764994199096273,0.4394232409395099
183,"left Lateral visual area, layer 6a",3,3,434.65135273277195,180.29982039285355,453.96919063200625,173.86054109310876,-1.2694606749885444,-3.9499999999999997,0.019076193695770707,0.4394232409395099
81,"left Primary somatosensory area, upper limb, layer 2/3",3,3,669.1367170784926,303.22386873719876,625.5269921365134,318.8961136382225,-1.1419176884583313,-5.911458921674636,0.019317036560056684,0.4394232409395099
10231,"right Anterior cingulate area, dorsal part, layer 6b",3,2,133.66749573968983,441.10273594097646,80.2004974438139,441.10273594097646,1.7224660244635688,4.6,0.019447603919346065,0.4394232409395099
207,"left Laterointermediate area, layer 1",3,3,1062.2035757684014,276.7084945279029,990.7949320192652,294.5606554651869,-1.9406214529172128,-5.014265364224069,0.019058959149319814,0.4394232409395099
10505,"right Entorhinal area, lateral part, layer 6a",3,3,150.99875367057106,45.68029522807192,171.3011071052697,45.68029522807192,-1.724892761843603,-4.400536605622996,0.021795541591530444,0.4810225341944742
87,"left Primary somatosensory area, trunk, layer 1",3,3,814.7468805398122,286.79090195001385,870.1496684165194,254.20102672842137,-1.5063526660215303,-3.8780847782478847,0.023284378643820495,0.5022017121133102
10087,"right Primary somatosensory area, trunk, layer 1",3,3,992.3998508487448,186.07497203413968,861.820923105489,146.9012937111629,-2.415037499272544,-4.645516949982929,0.024791667837751642,0.5228287284005847
10189,"right Primary visual area, layer 5",3,3,412.784044609437,187.70720863093027,458.74439088749085,145.6126858715912,-1.136903151268961,-3.458764711379764,0.026138230716443497,0.5277698074447846
10274,"right Orbital area, ventrolateral part, layer 2/3",3,3,184.6986617153028,95.533790542398,187.24622946310006,106.99784540748574,-0.9510903995117631,-5.696519211398117,0.026085985493434376,0.5277698074447846
10350,"right Anterior area, layer 5",3,3,467.7703194517041,193.49535302620689,495.9492543584332,163.43782245902912,-1.2735014048804911,-3.838120364664954,0.02767930310293773,0.5360746662181205
95,"left Primary somatosensory area, unassigned, layer 2/3",3,3,767.8790376892524,312.39173449300296,695.323538065071,302.3145817674222,-1.297522782216345,-4.948246055124156,0.02716596241533567,0.5360746662181205
10211,"right Laterointermediate area, layer 6a",3,3,463.76809391422677,177.07509040361387,480.6323882383805,151.7786489173833,-1.3890422907408628,-3.564168444854523,0.02954490420718605,0.5607622818523912
180,"left Lateral visual area, layer 2/3",3,3,1234.9828233831695,369.6095546684396,1354.497290162186,358.5434003370492,-1.7404170193524002,-4.90361647617904,0.03153920947393456,0.5649216563022333
211,"left Laterointermediate area, layer 6a",3,3,384.8365830284335,125.49019011796742,401.56860837749576,100.39215209437394,-1.616671360440747,-3.304611103511963,0.030379597370249485,0.5649216563022333
10201,"right posteromedial visual area, layer 2/3",3,3,361.62045190710586,127.36317803017563,327.5053149347374,156.92963007289498,-1.5055280332194134,-3.4032157923437127,0.03154989229085181,0.5649216563022333
181,"left Lateral visual area, layer 4",3,3,977.9791528977363,412.759262249615,1048.6316392287517,323.5140163578064,-1.2445031229401762,-3.3971251876343227,0.03270005366476017,0.5746731653306927
10168,"right Anterolateral visual area, layer 5",3,3,735.4057309467821,242.94653611634763,699.2920566592169,137.88857455252165,-1.597901556424678,-4.192627457812106,0.033863131772836785,0.5842929464076747
88,"left Primary somatosensory area, trunk, layer 2/3",3,3,656.458547539955,241.85314909366764,598.3509727577102,235.57124911720874,-1.4405725913822138,-3.3882372319701455,0.035783049808227316,0.5854847287587538
10347,"right Anterior area, layer 1",3,3,942.1573288820288,366.8577209806129,933.8196534051966,500.2605286099268,-1.3607473437754893,-3.7792856467856466,0.035396143730316576,0.5854847287587538
10074,"right Primary somatosensory area, mouth, layer 2/3",3,3,437.0618717953668,333.4653141877163,432.1710471872803,316.125117849955,-0.39030082095631197,-3.1980883985081148,0.03474463801608203,0.5854847287587538
337,"left Retrosplenial area, ventral part, layer 6a",3,3,114.41770146500305,216.6848505620412,127.58079986363173,197.44647597943006,0.9212880239800083,3.4683542397043983,0.03663092877998618,0.5891991764780828
102,"left Supplemental somatosensory area, layer 2/3",3,3,492.31484134335005,231.5495939398963,499.7741571212796,235.9008614770219,-1.0882600047267856,-4.742081134102812,0.038907269773318015,0.6052950658176851
101,"left Supplemental somatosensory area, layer 1",3,3,470.0854477576095,166.66665875042517,423.0769029818485,168.26922277687154,-1.4959574946568241,-4.707739188924441,0.0386761793292107,0.6052950658176851
361,"left Temporal association areas, layer 1",3,3,477.4816665837334,178.27644470358712,411.40718008520105,149.6026109400731,-1.421329245141497,-3.1900906641081037,0.03971028055566153,0.6078234878600451
214,"left Postrhinal area, layer 1",3,3,357.0655172229943,146.55674214376631,327.754168794241,119.91006175399062,-1.2847294769273094,-3.4412940507653533,0.04367035778837816,0.6392747437572859
10822,"right Substantia nigra, reticular part",3,2,10.33403927099215,137.571897795083,10.33403927099215,137.571897795083,3.734709620096719,9.92052100995935,0.043492824042801914,0.6392747437572859
363,"left Temporal association areas, layer 4",3,3,420.4348206333256,198.47938232943798,416.1664468197893,179.27170016852463,-1.0828930083445076,-3.278946637821044,0.04378594135323876,0.6392747437572859
357,"left Rostrolateral area, layer 5",3,3,1174.2365364772074,279.1891065750003,1248.139535276472,270.9776622639709,-2.0724084955241113,-4.211037380610095,0.0470989714074824,0.6772261191772848
10207,"right Laterointermediate area, layer 1",3,3,1223.8972059662728,518.1462623798819,1286.4320997017758,428.81069990059194,-1.240051087831349,-3.091508896769588,0.04787090882728017,0.6780521265237147
374,left Ectorhinal area/Layer 1,3,3,794.044627297311,244.51532967567985,778.9199677297431,310.05552113514045,-1.699295176196068,-3.3827938164088898,0.04898561891214797,0.6836375345239474
11042,right Lobules IV-V,3,3,67.61659510630996,107.55388227436437,57.23685462946413,104.3905327957066,0.6696103263565187,2.6809698028928355,0.057024454097716316,0.70432651855575
10090,"right Primary somatosensory area, trunk, layer 5",3,3,482.74843754388166,224.40259401453875,480.8627014597259,231.9455383511619,-1.105182236688616,-3.6973051740275302,0.051218645457784505,0.70432651855575
94,"left Primary somatosensory area, unassigned, layer 1",3,3,873.8569045042965,248.5281104553504,805.7121000246036,240.51107463421005,-1.813988014385897,-4.066031074112957,0.05387127037832683,0.70432651855575
10068,"right Primary somatosensory area, lower limb, layer 4",3,3,510.9633801159036,251.8144887652539,476.73616805072345,278.7072982450383,-1.0208586048947588,-2.6692547153791595,0.057380286520712774,0.70432651855575
356,"left Rostrolateral area, layer 4",3,3,872.0459453801259,258.88864003472486,981.0516885526415,272.51435793128934,-1.7520724865524966,-3.7941711344055635,0.0571307158861146,0.70432651855575
11188,right arbor vitae,3,3,31.065345154354038,53.3785342435495,33.469783633793206,57.41799088900731,0.7809536065241302,2.9487819560341575,0.05788985084019863,0.70432651855575
10167,"right Anterolateral visual area, layer 4",3,3,800.320090038057,326.53059673552724,883.5533794020148,268.9075502527871,-1.293358942687976,-3.245114671436008,0.05491242344154119,0.70432651855575
168,"left Anterolateral visual area, layer 5",3,3,1041.6090400395067,337.376512968771,884.3850339958075,265.31551019874223,-1.626382428098246,-3.317127151598422,0.05577423341035044,0.70432651855575
210,"left Laterointermediate area, layer 5",3,3,847.2045788276787,374.0318087377518,838.1917641592992,270.38444005138683,-1.1795494203285581,-3.039968456182577,0.05673205055754487,0.70432651855575
179,"left Lateral visual area, layer 1",3,3,833.2210603118898,290.90907709165117,754.2087183857624,312.4578976169587,-1.5181309922397197,-3.9250580990707737,0.05467895392293654,0.70432651855575
576,left Fundus of striatum,2,3,53.22533736201025,98.73685771503351,53.22533736201025,92.56580410784392,0.8914755432093372,2.9611251180481237,0.06510855247389101,0.7120685093843018
10508,"right Entorhinal area, medial part, dorsal zone, layer 1",3,3,203.89322732141113,129.50698428289107,189.44410097579933,128.43667862766057,-0.6547839502146633,-2.69560114136919,0.06856427919233657,0.7120685093843018
10363,"right Temporal association areas, layer 4",3,3,448.8977742696822,196.65997729909887,436.0721235762627,198.79758574800212,-1.1906835616049878,-3.511842548691852,0.06580422360962511,0.7120685093843018
10349,"right Anterior area, layer 4",3,3,377.88511355974043,223.2957489216648,373.5909645420161,257.64894106345935,-0.7589919004935619,-2.646772639537708,0.06406456304095086,0.7120685093843018
10188,"right Primary visual area, layer 4",3,3,507.6265774753645,234.28918960401438,429.530180940693,230.3843697772808,-1.1154772174166203,-2.8705243970224927,0.06517019772399175,0.7120685093843018
287,"left Agranular insular area, posterior part, layer 2/3",3,3,287.1890507640973,73.04230192844092,271.4185537568203,74.70235424499641,-1.9751966089846995,-3.7161752523561193,0.06337644148573905,0.7120685093843018
10194,"right Posterolateral visual area, layer 2/3",3,3,326.139073238242,150.27976904115073,354.91605028867514,105.51558251825477,-1.1178364902886817,-2.515641445604915,0.06566540729528572,0.7120685093843018
10348,"right Anterior area, layer 2/3",3,3,486.87652099045454,198.82095873243645,413.2971110658521,220.73822977380738,-1.2920860833541434,-3.2122897195465066,0.06698104055585115,0.7120685093843018
188,"left Primary visual area, layer 4",3,3,656.0097308912403,285.7026506560064,698.9627489853095,312.3855861386858,-1.199202793961708,-2.9370896190692193,0.068633282357557,0.7120685093843018
169,"left Anterolateral visual area, layer 6a",3,3,562.3381160946645,189.4191548950449,497.22528159949286,88.7902288570523,-1.569855608325897,-2.471063302741119,0.06963824651655795,0.7120685093843018
10148,"right Posterior auditory area, layer 6a",3,3,288.2882745953304,169.5813379972532,279.80920769546776,178.06040489711583,-0.7655347463594737,-3.130495168499704,0.07803490513800566,0.7120685093843018
137,"left Primary auditory area, layer 1",3,3,349.4101342955417,179.0946416992224,305.5143887810264,200.16459954618972,-0.9641992785682265,-2.681031465190493,0.06917515325616737,0.7120685093843018
10094,"right Primary somatosensory area, unassigned, layer 1",3,3,770.9391691041689,240.91849034505276,698.6636220006529,96.36739613802109,-1.678071905108521,-2.380407835522021,0.07642087830626057,0.7120685093843018
681,left Interanterodorsal nucleus of the thalamus,2,2,106.43015015548217,26.607537538870538,106.43015015548217,26.607537538870538,-1.9999999999593345,-9.0,0.07044657495455456,0.7120685093843018
10514,"right Entorhinal area, medial part, dorsal zone, layer 5",3,3,130.64202823433942,67.87546718320428,133.56140316695036,76.63359198103709,-0.9446569661460129,-2.442235887262379,0.07663152358440883,0.7120685093843018
10113,"right Gustatory areas, layer 6b",3,2,190.16746800696842,77.79578236648709,207.45541964396557,77.79578236648709,-1.2895066171840264,-3.6055512754639887,0.07453617898481656,0.7120685093843018
587,"left Lateral septal nucleus, caudal (caudodorsal) part",3,3,134.9386830431229,249.75493089560464,152.693772917218,248.57125823733165,0.8882091745375285,2.462214450449026,0.0761337130698428,0.7120685093843018
348,"left Anterior area, layer 2/3",3,3,682.4792257586959,206.1493313504527,665.3001148128247,206.1493313504527,-1.7270953501372608,-3.2402832693939314,0.07762815355554176,0.7120685093843018
335,"left Retrosplenial area, ventral part, layer 2/3",3,3,224.86414750884668,303.3051291979793,227.47884689848445,300.03675496093206,0.431716240423815,2.767593624086657,0.06013318610251214,0.7120685093843018
364,"left Temporal association areas, layer 5",3,3,413.0615626729801,233.53056090000402,370.2826911567631,260.88098695135585,-0.8227454567565133,-2.5402626293502126,0.06624484393303504,0.7120685093843018
165,"left Anterolateral visual area, layer 1",3,3,1006.983068939192,305.489245633238,984.3542359293224,237.60274660362956,-1.7208459287996394,-2.9440479384362273,0.07717238918815728,0.7120685093843018
10208,"right Laterointermediate area, layer 2/3",3,3,889.8395299274039,422.10336676043516,889.8395299274039,359.35827170145154,-1.075948853231502,-3.0795746413735867,0.059586610058712096,0.7120685093843018
140,"left Primary auditory area, layer 5",3,3,512.910158070901,379.55351697246675,500.7868270619525,388.87915621011956,-0.43440282414478687,-3.0073623356028834,0.07119548454947434,0.7120685093843018
1180,left inferior cerebellar peduncle,2,3,96.72265182459151,55.27008675690943,96.72265182459151,49.743078081218485,-0.8073549220464175,-2.9230641110773394,0.07258586180748469,0.7120685093843018
241,"left Prelimbic area, layer 2/3",3,3,287.5068879152041,197.56059895849225,289.11307164657404,192.74204776438268,-0.5413012719227318,-2.821239242415318,0.0742204038951906,0.7120685093843018
218,"left Postrhinal area, layer 6a",3,3,280.7503474154349,132.98700667046916,277.0562638968107,132.98700667046916,-1.0780025119955634,-2.7153769332085225,0.07149357970357047,0.7120685093843018
10701,right Parafascicular nucleus,2,2,14.279338902312196,42.838016706936585,14.279338902312196,42.838016706936585,1.5849625006538002,3.299831645537221,0.08085496998194212,0.7187104945673942
10182,"right Lateral visual area, layer 5",3,3,464.3211864531822,228.98031112759668,426.15780126524936,209.8986185336303,-1.0198995574345116,-2.386682886583295,0.08129017678820044,0.7187104945673942
67,"left Primary somatosensory area, lower limb, layer 2/3",3,3,489.81693986977234,239.23690536797304,544.4701984236627,232.01855046462904,-1.0338027080876528,-3.1350271885109806,0.08338491941366419,0.7187104945673942
126,"left Dorsal auditory area, layer 5",3,3,545.664152733961,322.3496418286033,512.6524424262125,308.75658464305974,-0.7593868888721699,-2.3064671748456314,0.08238978452571023,0.7187104945673942
201,"left posteromedial visual area, layer 2/3",3,3,538.4451288448244,252.18316161086707,490.73480097249814,238.55163936163103,-1.0943273825451119,-3.0686104521039437,0.0843929641085016,0.7187104945673942
10052,"right Primary somatosensory area, barrel field, layer 1",3,3,859.8176849548867,322.6302958333493,686.5826985222014,252.70057653942135,-1.4141488666388455,-2.644663519779354,0.08219108414216635,0.7187104945673942
116,"left Visceral area, layer 2/3",3,3,353.3445522877614,127.6999610022436,394.25813202634436,126.46015555561988,-1.4683175818616712,-3.183686999863004,0.08482147038097804,0.7187104945673942
97,"left Primary somatosensory area, unassigned, layer 5",3,3,733.1396876688596,462.0845214532601,727.9767321218958,449.1771325858506,-0.6659313422392713,-3.0361533928227606,0.0845424156962176,0.7187104945673942
350,"left Anterior area, layer 5",3,3,539.1094810122057,242.31750191837818,563.5290742287865,219.77633894922673,-1.1536796712491562,-2.85578443461933,0.08760394910005802,0.7292644534732899
10200,"right posteromedial visual area, layer 1",3,3,929.3798907030501,356.91014814071514,964.717529132824,159.01937293398197,-1.3807075065380177,-2.4064124396403415,0.08742538238154726,0.7292644534732899
10047,"right Primary somatosensory area, nose, layer 4",3,3,341.9076245899328,438.0311204710883,332.1735996905753,467.23319516916087,0.35742677610782253,2.230001875903665,0.08970517468942056,0.7390294189745235
338,"left Retrosplenial area, ventral part, layer 6b",2,2,80.80807696990317,222.22221166723375,80.80807696990317,222.22221166723375,1.4594316186259362,6.999999999999999,0.09033447060173311,0.7390294189745235
10147,"right Posterior auditory area, layer 5",3,3,525.5239486249412,169.04966179543567,463.04907361358465,176.3996470908894,-1.6363093807155875,-2.8297808350591533,0.0911512716018649,0.7393380918817931
10179,"right Lateral visual area, layer 1",3,3,995.6036050617219,479.7655053377139,930.6729351663922,541.0889157944141,-1.0532420212754212,-2.607770231502883,0.09233888970726598,0.7426237824762323
10089,"right Primary somatosensory area, trunk, layer 4",3,3,500.2718631334132,234.910266166994,587.275665417485,208.80912548177247,-1.0906025487776492,-2.1954380397835185,0.09321457336398213,0.7433666396841937
10190,"right Primary visual area, layer 6a",3,3,177.72580272480297,103.51748509585015,190.82138818873582,108.50627955830076,-0.77977867769936,-2.7087461489556133,0.09482846016472404,0.7471401028021808
10186,"right Primary visual area, layer 1",3,3,897.8675218878124,321.6478357821633,1002.970837685268,320.06336368471426,-1.4810206131158534,-2.7479277688423425,0.09526233133726436,0.7471401028021808
503,"left Entorhinal area, lateral part, layer 5",3,3,309.30061313788934,136.428669239069,318.17782106782875,126.14979689913915,-1.1808628479212904,-2.758813590432064,0.09996742928362028,0.7771824683796074
10053,"right Primary somatosensory area, barrel field, layer 2/3",3,3,552.2623643593789,258.9829081271292,457.72700740295664,279.6487768571378,-1.0924969250582077,-2.605508507208037,0.10073070981105554,0.7771824683796074
10557,right Claustrum,3,3,116.24474416649024,41.17001355896529,90.81620638007048,58.12237208324511,-1.4974996594481855,-2.227105745132009,0.10633257437314458,0.7883563521883923
69,"left Primary somatosensory area, lower limb, layer 5",3,3,564.7481746147502,359.71221313041406,564.7481746147502,287.7697705043313,-0.6507645591154464,-2.2916405432157876,0.10516165039301696,0.7883563521883923
11072,right Crus 1,3,3,65.92312558285018,86.99979095569749,62.17616284989955,90.62966110324341,0.4002272884530651,2.1009923696505193,0.10388774130680072,0.7883563521883923
869,left Interfascicular nucleus raphe,2,2,35.22935612486053,82.2018309580079,35.22935612486053,82.2018309580079,1.2223924213130473,2.8284271247461903,0.1055728090000841,0.7883563521883923
330,"left Retrosplenial area, dorsal part, layer 6a",3,3,149.16562524158863,201.24119855078231,148.2829884058396,201.24119855078231,0.43201057788005465,2.6491782048949304,0.10526665369153862,0.7883563521883923
10362,"right Temporal association areas, layer 2/3",3,3,437.4252005682372,212.49101646859663,465.18303605287366,215.3625166911452,-1.0416344887044724,-2.639949558204419,0.11659263971498904,0.7979733331190598
600,left Medial amygdalar nucleus,3,3,45.070188718791236,103.95751558494914,43.42529132029521,121.39342800900707,1.2057486651984441,2.2060132665510586,0.10858276245592367,0.7979733331190598
10081,"right Primary somatosensory area, upper limb, layer 2/3",3,3,511.5694671550186,271.1113820608487,474.1043264179666,286.0974383556695,-0.9160444769681217,-2.2752422249260245,0.11947594207955309,0.7979733331190598
10366,"right Temporal association areas, layer 6b",3,3,107.35681253801658,283.7287188504724,115.02515629073204,299.06540635590335,1.4020984435629917,2.6210932585716726,0.11679778478807655,0.7979733331190598
1229,left crossed tectospinal pathway,3,2,21.35869577128282,4.004755457115529,28.033288199808702,4.004755457115529,-2.4150374989861443,-2.6,0.12154140808066827,0.7979733331190598
10273,"right Orbital area, ventrolateral part, layer 1",3,3,196.77966538443275,93.21142044525762,186.42284089051523,98.38983269221637,-1.078002511993127,-2.5891911120126188,0.1131373595768767,0.7979733331190598
190,"left Primary visual area, layer 6a",3,3,292.12626988282966,137.32431490218485,252.8015797062949,153.55355211789762,-1.0890050060531782,-2.1814055057823714,0.12192427112988796,0.7979733331190598
203,"left posteromedial visual area, layer 5",3,3,437.52282779668536,276.0839234225073,449.22129912814756,266.7251463573376,-0.6642514105238674,-2.2421987247869257,0.11500028000343424,0.7979733331190598
47,"left Primary somatosensory area, nose, layer 4",3,3,333.20031098984845,451.15808531837143,317.391537110768,470.6150377849319,0.43724329365914444,2.2681140116930347,0.11468663408200634,0.7979733331190598
10209,"right Laterointermediate area, layer 4",3,3,934.1360621808177,361.9777240950669,1015.8729676216393,385.3311256495873,-1.3677317844980459,-2.5969948060155814,0.11313158312120326,0.7979733331190598
146,"left Posterior auditory area, layer 4",3,3,580.6811561153849,330.5415811733729,589.6147123633139,321.60802492544394,-0.8129144473976246,-2.3172964880866305,0.11734602045339564,0.7979733331190598
10045,"right Primary somatosensory area, nose, layer 1",3,3,836.1494343482485,390.0933384656198,676.4909793644293,286.39764089880947,-1.099941437871934,-2.1140929490159306,0.11876850191923291,0.7979733331190598
246,"left Infralimbic area, layer 1",3,3,401.053886811534,227.87152659746252,437.51333106712804,191.4120823418685,-0.8155754288598386,-1.9728617002744269,0.12081673423190127,0.7979733331190598
753,left Subfornical organ,3,2,223.88804533790247,575.7121165831778,95.95201943052963,575.7121165831778,1.3625700793807705,2.2,0.11545821501296122,0.7979733331190598
10364,"right Temporal association areas, layer 5",3,3,334.79981774857225,174.40408916191316,357.21319466897876,126.07524517728663,-0.9408648759087046,-2.0010878226699282,0.11733589955072338,0.7979733331190598
125,"left Dorsal auditory area, layer 4",3,3,479.1173925307735,342.94718623255375,423.64064181668397,363.1205501285863,-0.48239276707941237,-2.0527719874282035,0.12041861900498411,0.7979733331190598
80,"left Primary somatosensory area, upper limb, layer 1",3,3,674.9316573040727,332.4074543467596,676.3769071055804,346.85995236183606,-1.021788688763084,-2.3809778051971295,0.11723040470486099,0.7979733331190598
138,"left Primary auditory area, layer 2/3",3,3,452.6967070568578,335.2784986639853,483.8196056670168,364.9867200645916,-0.4331848459879871,-1.947691506025318,0.12331452993090312,0.8015444445508703
267,"left Orbital area, medial part, layer 2/3",3,3,216.97770602997983,147.46057691357854,189.5921703174581,145.35399724338455,-0.5572175102351173,-2.5309844631963223,0.12558875474628162,0.8107736615933419
10215,"right Postrhinal area, layer 2/3",3,3,406.6209470801211,258.5966549413051,363.8187421243188,256.81322973481326,-0.6529809241477763,-2.4443502658231053,0.12665577566410885,0.8121373723326979
10738,right Anteroventral periventricular nucleus,3,2,25.16571052247741,43.141218038532706,32.35591352889953,43.141218038532706,0.7776075786396655,2.5,0.12961172022151082,0.8127629894624862
1003,left Medial vestibular nucleus,2,3,30.79302199303327,10.99750785465474,30.79302199303327,9.897757069189266,-1.4854268270859092,-3.3234702564419836,0.13150268884940647,0.8127629894624862
454,left Hippocampal formation,3,3,212.54026251950134,164.9566216569264,209.36801979532967,171.30110710526975,-0.36564947231472256,-2.4096579867074976,0.13124984390471445,0.8127629894624862
10516,"right Entorhinal area, medial part, dorsal zone, layer 6",3,3,125.28408967134935,44.59264208641247,130.59273753877937,44.592642086412475,-1.4903256265622442,-2.212445537010412,0.12916786144449696,0.8127629894624862
10292,"right Agranular insular area, ventral part, layer 1",3,3,378.38286153481494,194.52076684536257,423.68221819743354,183.86209468945228,-0.9599225606210613,-2.0471983603843977,0.13216746300587873,0.8127629894624862
845,left Medial pretectal area,2,3,45.45454329557055,666.6666350017015,45.45454329557055,590.9090628424173,3.874469117886566,2.4634512493170493,0.1327484334738518,0.8127629894624862
811,"left Superior colliculus, zonal layer",3,3,130.91327525703232,355.862846825454,127.22557736246804,403.80291945478984,1.4427099177564322,2.2300082629120896,0.1321722007135973,0.8127629894624862
10293,"right Agranular insular area, ventral part, layer 2/3",3,3,311.8121127747176,80.75709395604197,272.55519210164164,80.75709395604197,-1.9490160712679572,-2.2000964339017,0.1533341058772847,0.8143418478792632
27,"left Secondary motor area, layer 5",3,3,324.2550959923155,256.8984692339117,324.992039392298,263.08879379376503,-0.33593095428517067,-1.9626753072138865,0.13393990301136965,0.8143418478792632
186,"left Primary visual area, layer 1",3,3,742.2128256066511,400.1817015557229,669.2602829188179,347.3175401877278,-0.8911777303171677,-1.952945596100983,0.14161005323410455,0.8143418478792632
10329,"right Retrosplenial area, dorsal part, layer 5",3,3,214.88403271498223,253.0979457493476,222.6375802871723,262.5129678012927,0.23613751286992812,1.9129800568549236,0.13782219428310535,0.8143418478792632
11259,right stria terminalis,3,3,159.05763041200825,82.79712268022347,189.56183350472216,78.43937938126433,-0.9418970454280775,-2.23606797749979,0.15076188636366933,0.8143418478792632
10523,right Parasubiculum,3,3,181.6698430715065,148.05376974725132,195.25931952173727,158.78230378690722,-0.295197729271038,-1.784095602302643,0.15222324848610486,0.8143418478792632
26,"left Secondary motor area, layer 2/3",3,3,371.6089274764009,293.43082292240337,363.37042766914107,306.5773651680307,-0.3407647368991833,-2.1002716899902523,0.14160819246874493,0.8143418478792632
10219,"right Postrhinal area, layer 6b",2,3,580.1526441999556,223.91856442805303,580.1526441999556,244.274797557876,-1.3734583955234885,-3.7962830118264828,0.14605189854563572,0.8143418478792632
10218,"right Postrhinal area, layer 6a",3,3,318.18705853705865,85.09653891107382,377.38465082302304,88.7963884289466,-1.9027027986326654,-2.315926059595494,0.1462016913628235,0.8143418478792632
66,"left Primary somatosensory area, lower limb, layer 1",3,3,422.0663465393371,245.64707999643954,408.66741490316764,241.18076945104974,-0.7808827106939583,-1.84169699627462,0.15352932616144577,0.8143418478792632
10046,"right Primary somatosensory area, nose, layer 2/3",3,3,525.7849107675687,318.5944211779724,443.53340987521636,318.5944211779723,-0.7227517349447206,-2.29586518302789,0.14816633976171897,0.8143418478792632
713,left Lateral habenula,3,3,17.342605986856636,63.589555285140996,23.12347464914218,52.027817960569905,1.8744691178556407,2.1380899352993956,0.1488147724941347,0.8143418478792632
10358,"right Rostrolateral area, layer 6a",3,3,330.3055169290013,88.08147118106702,237.81997218888094,26.424441354320106,-1.9068905955965072,-1.9756583222945239,0.13650552749712935,0.8143418478792632
509,"left Entorhinal area, medial part, dorsal zone, layer 2",3,3,249.98553666259735,164.89532228061387,241.0008556408972,139.52681116051943,-0.600294154474169,-1.8478911278373191,0.14444798844605056,0.8143418478792632
474,"left Dentate gyrus, molecular layer",3,3,228.68691057276,156.274546467177,232.55509241600697,168.49800109183738,-0.5492909765040707,-1.8416920287910692,0.14071375395211516,0.8143418478792632
500,"left Entorhinal area, lateral part, layer 3",3,3,373.7632191683313,154.2595153536415,332.29016913882776,139.59221717247559,-1.27676512169041,-2.1986030009478355,0.13743935983521305,0.8143418478792632
508,"left Entorhinal area, medial part, dorsal zone, layer 1",3,3,310.52885473150536,212.5516471179442,303.5687252289027,179.89257791342382,-0.5469138928698349,-1.8418256480976352,0.13943646408533356,0.8143418478792632
10183,"right Lateral visual area, layer 6a",3,3,350.51751927734904,186.51390934024076,414.83266042915625,212.23996580096366,-0.9102033296457351,-1.9345402666177482,0.14494994122530494,0.8143418478792632
644,left Ventral anterior-lateral complex of the thalamus,3,3,22.811170280360646,63.54540292386181,7.332161875830208,65.98945688247187,1.4780472967641025,2.245066275334686,0.14934884323403702,0.8143418478792632
645,left Ventral medial nucleus of the thalamus,2,3,20.522513033198916,110.89357919693448,20.522513033198916,77.76952307317484,2.4338965264728714,2.2317504200838565,0.14688107529127542,0.8143418478792632
10357,"right Rostrolateral area, layer 5",3,3,670.3282348618457,250.69186019223494,596.7556237184724,212.54309885863398,-1.4189525492786246,-1.9322596109297083,0.15122959376489503,0.8143418478792632
11076,right Crus 2,3,3,86.05777931334639,61.54435126651439,92.31652689977159,65.32567793331295,-0.48367916487729723,-1.8928199490049862,0.15130902050294986,0.8143418478792632
10229,"right Anterior cingulate area, dorsal part, layer 5",3,3,322.3366466511072,217.49358511060868,336.2785431325565,170.6488129329391,-0.5675953687489103,-2.0337699013661172,0.15264287847180388,0.8143418478792632
10069,"right Primary somatosensory area, lower limb, layer 5",3,3,436.9419853983688,202.86592179209978,464.5509570032107,190.8620210943424,-1.1069152039127022,-2.1732500487606026,0.15360083326700538,0.8143418478792632
10712,right Medial habenula,3,3,202.14254518367486,423.04058425037107,162.54761365285194,456.38368448685355,1.0654230749943217,1.6428679597938842,0.17759026394376942,0.818122138265229
814,"left Inferior colliculus, dorsal nucleus",3,3,150.17440368923104,66.52020566100167,158.74139987284488,63.49655994913795,-1.1747744010916266,-1.973535150282177,0.16963571406328234,0.818122138265229
145,"left Posterior auditory area, layer 2/3",3,3,655.1503207694261,350.3234354114292,614.203425721337,382.1710204488319,-0.9031384607454952,-1.975722212475622,0.1656490814393127,0.818122138265229
10020,"right Primary motor area, Layer 2/3",3,3,483.5630016726295,313.701558633664,432.06245777251763,276.4766040953375,-0.6243111681953664,-1.7980628148466125,0.17411186572785806,0.818122138265229
883,left Pons,3,3,25.209693413104763,12.975577492039216,22.243847129210085,10.56582738637479,-0.9581798242514152,-1.9012989663217352,0.1660182569000026,0.818122138265229
10165,"right Anterolateral visual area, layer 1",3,3,960.6003296084555,325.9179689742975,840.5252884073986,360.22512360317086,-1.5594274086110935,-2.0205209650431555,0.17115295833569577,0.818122138265229
10153,"right Ventral auditory area, layer 4",3,3,587.6694080294834,226.9834221489539,718.2626098138131,242.53023188518364,-1.3724178653371546,-2.055755494524174,0.1727156916040047,0.818122138265229
115,"left Visceral area, layer 1",3,3,211.75969610107754,87.42372774815128,174.84745549630253,93.25197626469469,-1.276331228437562,-2.0808194840395364,0.1627686837828663,0.818122138265229
123,"left Dorsal auditory area, layer 1",3,3,509.55411592486684,159.66028965645827,356.68788114740676,183.43948173295206,-1.674229838812039,-2.057532440719448,0.1709847156257126,0.818122138265229
147,"left Posterior auditory area, layer 5",3,3,529.2901195878422,363.88695721664163,485.1826096221888,363.88695721664163,-0.5405683813614636,-1.7131207221604812,0.17741287661439317,0.818122138265229
10202,"right posteromedial visual area, layer 4",3,3,331.6412702038922,175.97291888369787,324.87308101605765,142.13197294452522,-0.9142701259702681,-1.8655463430037695,0.17455294329938625,0.818122138265229
10204,"right posteromedial visual area, layer 6a",3,3,233.6570805874942,48.494865782310114,158.71046983301494,66.12936243042289,-2.268488835902327,-2.0518342687333324,0.16718315443710938,0.818122138265229
10019,"right Primary motor area, Layer 1",3,3,530.5652503919032,272.0462048751685,422.34797552443285,225.45265597389655,-0.9636784861853911,-1.7974621108784699,0.1666708115853883,0.818122138265229
766,"left Medial mammillary nucleus, lateral part",2,2,14.074182002674812,60.988122011590846,14.074182002674812,60.988122011590846,2.1154772173410845,3.1622776601683786,0.15775809687741604,0.818122138265229
10359,"right Rostrolateral area, layer 6b",3,3,353.20086622606897,188.3737953205701,282.56069298085515,211.92051973564136,-0.9068905956049444,-1.7500000000000002,0.15613490349643455,0.818122138265229
10645,right Ventral medial nucleus of the thalamus,3,3,6.4705284561887835,23.006323399782342,6.4705284561887835,17.254742549836756,1.8300749983974323,2.040919971657061,0.17213411583392127,0.818122138265229
10080,"right Primary somatosensory area, upper limb, layer 1",3,3,622.6606014636519,237.82175750347815,484.2915789161737,190.25740600278252,-1.3885652879139037,-1.8848206707749984,0.16616332046106602,0.818122138265229
301,"left Retrosplenial area, lateral agranular part, layer 5",3,3,333.5747501793691,234.50214045307146,357.20674882967865,226.32183322796433,-0.5084089974181315,-1.9847729359871515,0.1736404295153432,0.818122138265229
10066,"right Primary somatosensory area, lower limb, layer 1",3,3,780.1624968054908,175.59212891063757,553.4486088449208,133.36111056504117,-2.151546472121091,-1.963399999528682,0.16544741366101234,0.818122138265229
10427,"right Cortical amygdalar area, anterior part",2,3,5.206850015064335,46.86165013557902,5.206850015064335,44.258225128046845,3.1699250011960225,2.0485900789263356,0.17704880020217648,0.818122138265229
349,"left Anterior area, layer 4",3,3,554.2799333911422,240.61764550313146,476.93854733656417,257.80462018192657,-1.2038723333622574,-1.955902950862988,0.17045837322956275,0.818122138265229
10174,"right Anteromedial visual area, layer 4",3,3,431.5352492127194,232.36513419146425,365.145210872301,199.1701150212551,-0.8930847960806226,-1.643167672515499,0.17587105046822418,0.818122138265229
388,"left Accessory olfactory bulb, granular layer",3,3,75.63938561925413,27.23017882293148,99.84398901741545,27.230178822931485,-1.4739311882985047,-1.8353258709644942,0.17302322595590056,0.818122138265229
10124,"right Dorsal auditory area, layer 2/3",3,3,640.3466540958885,242.6791459790151,740.2733612637184,220.24661988011454,-1.3998029855799916,-2.1153208396477714,0.16144133837239216,0.818122138265229
96,"left Primary somatosensory area, unassigned, layer 4",3,3,634.1193100780042,421.5653513926397,648.2895739903619,435.73561530499734,-0.5889980139551658,-1.9749240560299,0.17323412469355182,0.818122138265229
11121,right posterior commissure,2,2,240.6014923314411,37.01561420483709,240.6014923314411,37.01561420483709,-2.7004397181081132,-3.6666666666666674,0.16950131892286416,0.818122138265229
74,"left Primary somatosensory area, mouth, layer 2/3",3,3,552.2458366538909,344.43052181314397,596.7459040716099,367.1255561961806,-0.6810976439843699,-2.009238777496527,0.16182607487307435,0.818122138265229
10145,"right Posterior auditory area, layer 2/3",3,3,678.0431987389311,186.57564529057836,491.46755344835276,177.47439430079405,-1.861616515838473,-1.832615535388445,0.2028763425020342,0.8217250967154887
75,"left Primary somatosensory area, mouth, layer 4",3,3,386.33063213187353,520.7370997770245,441.2191372435058,544.6628584154282,0.4307191215101498,1.5700103287661626,0.19372373859126504,0.8217250967154887
11193,right external capsule,3,3,155.00434736286368,81.70179885628774,160.34932485813482,77.88395778823691,-0.9238689307756787,-1.92307939251601,0.18945980580884703,0.8217250967154887
10117,"right Visceral area, layer 4",3,3,329.27455132994305,190.2475185461893,384.1536432182669,175.61309404263628,-0.7914133781853808,-1.7272727272727273,0.2110234581441928,0.8217250967154887
496,"left Entorhinal area, lateral part, layer 2",3,3,381.61302967341453,141.33815913830168,429.00288303155094,135.9340530536019,-1.4329594072696794,-1.8923377533300085,0.19827390624891994,0.8217250967154887
377,left Ectorhinal area/Layer 6a,3,3,160.46517068777433,332.8798753629361,189.4854675142867,276.54635799382385,1.0527414620673166,1.6264954816620978,0.2032161033776467,0.8217250967154887
369,"left Perirhinal area, layer 2/3",3,3,482.93566495708404,124.24071048688471,414.80366243201826,120.23294563246907,-1.9586930258344613,-1.8800488193541651,0.20007134139001329,0.8217250967154887
535,left Subiculum,3,3,372.1446083765809,251.05496578726743,345.2005779574928,231.08468441782574,-0.5678600730285731,-1.7511884714507562,0.20065590809277742,0.8217250967154887
375,left Ectorhinal area/Layer 2/3,3,3,491.5709084708169,176.0640789651923,595.8008432182107,190.14920528240768,-1.4812989415423061,-1.9344157651086011,0.19022401907028721,0.8217250967154887
362,"left Temporal association areas, layer 2/3",3,3,544.0677456662922,230.32833135349998,540.2763328045062,244.54612958519755,-1.2400944230662954,-1.997240140503714,0.18032690188163036,0.8217250967154887
10067,"right Primary somatosensory area, lower limb, layer 2/3",3,3,534.0033894746394,193.80817996376877,420.60498630434927,210.30249315217463,-1.4622194360041743,-1.9568465875250791,0.1844701322721464,0.8217250967154887
649,left Ventral posteromedial nucleus of the thalamus,3,3,130.9713818022044,37.304542185148,164.2210824454885,38.926478801893566,-1.811828398609254,-1.8893848789395242,0.1896732362658877,0.8217250967154887
571,left Striatum,3,3,55.17456340236427,80.88940516907704,61.41602985059552,77.14452530013828,0.5519474434848809,1.5440352793314749,0.20899933936832651,0.8217250967154887
10454,right Hippocampal formation,3,3,210.18839903453872,123.26838439619563,218.09021854711534,104.30401756601168,-0.7698802166341016,-1.7686807638069117,0.1859782132656784,0.8217250967154887
10503,"right Entorhinal area, lateral part, layer 5",3,3,177.22975627163115,74.62305527226573,180.49451493979277,76.95502574952404,-1.2479275134323928,-1.8705968155914485,0.19248056166014454,0.8217250967154887
10500,"right Entorhinal area, lateral part, layer 3",3,3,320.75246095328964,90.70251265503767,325.31292248343124,92.7293844462117,-1.822245912152677,-1.9347547348404224,0.18914999235588012,0.8217250967154887
621,left Bed nuclei of the stria terminalis,3,3,25.861598802723623,57.193920429100324,32.824336941918446,44.76045946625243,1.1450503327727226,1.7039478236754608,0.1865798979065009,0.8217250967154887
336,"left Retrosplenial area, ventral part, layer 5",3,3,211.1582346183849,293.3194274116286,192.90019177544184,266.72619109690726,0.4741481186430473,1.499803126352658,0.20848059088742046,0.8217250967154887
684,left Intermediodorsal nucleus of the thalamus,2,3,29.40095413458439,15.680508871778342,29.40095413458439,11.760381653833756,-0.9068905955655825,-1.9414506867883015,0.19843776646742192,0.8217250967154887
10073,"right Primary somatosensory area, mouth, layer 1",3,3,554.9623936337956,329.74794598761514,512.4691016250823,249.86055701123414,-0.7510263393575278,-1.5060221896552939,0.21127599957700657,0.8217250967154887
286,"left Agranular insular area, posterior part, layer 1",3,3,165.91362814648656,56.884672507366815,218.0579112782395,37.92311500491121,-1.544320516207144,-1.736983093227938,0.18655678360098438,0.8217250967154887
668,left Lateral posterior nucleus of the thalamus,3,3,50.42424002921954,75.91341630772611,49.87012750142592,73.14285366875801,0.5902374427522238,1.6202808934555972,0.20271590870047126,0.8217250967154887
685,left Mediodorsal nucleus of thalamus,3,3,24.680154893448314,47.42461136388107,17.421285807139984,53.715631238681624,0.9422845021156776,1.600826352731903,0.19409747634919194,0.8217250967154887
299,"left Retrosplenial area, lateral agranular part, layer 1",3,3,384.4080862360932,251.4450153119651,383.09162018733946,264.60967579950255,-0.6123957308422837,-1.7722025760175806,0.186932242449507,0.8217250967154887
209,"left Laterointermediate area, layer 4",3,3,1098.2109737596493,443.957627690071,841.1828735180293,455.6407231555992,-1.306661338232116,-1.8402741837221694,0.19728321041242863,0.8217250967154887
10934,right Sublaterodorsal nucleus,2,2,63.999996960163294,127.9999939203266,63.999996960163294,127.9999939203266,0.9999999999887292,3.000000000000001,0.2048327646991334,0.8217250967154887
243,"left Prelimbic area, layer 6a",3,3,142.55821125112303,251.996838070167,116.63853647819158,254.87680193382604,0.8218544917483244,1.4890515344234756,0.21072731004064865,0.8217250967154887
230,"left Anterior cingulate area, dorsal part, layer 6a",3,3,144.81361703502466,209.5986562349041,122.90103024683013,197.21328109375068,0.5334322000779946,1.5887156659543922,0.19978328851114413,0.8217250967154887
1097,left Fastigial nucleus,3,3,55.853382211836795,138.30361309597683,43.88480030930034,123.67534632621005,1.3081222953469331,1.5892212491381499,0.20731465417491338,0.8217250967154887
10243,"right Prelimbic area, layer 6a",3,3,112.0689601942514,172.4137849142329,133.62068330853052,168.1034402913771,0.6214883767417642,1.498090387513485,0.20848602678831152,0.8217250967154887
10820,right Subcommissural organ,3,2,628.7718999595027,269.47367141121543,808.4210142336462,269.47367141121543,-1.2223924213333885,-1.6,0.20819275323664924,0.8217250967154887
10333,"right Retrosplenial area, ventral part, layer 1",3,3,201.24484840265848,341.84056440999524,167.47430877344524,301.8672726039877,0.7643717515039097,1.5327518438975078,0.20668063808299614,0.8217250967154887
10233,"right Anterior cingulate area, ventral part, layer 1",3,3,220.03175837643445,158.75709148679448,217.24654624508716,154.57927328977357,-0.4708907340098306,-1.8710703244752744,0.20041460056654678,0.8217250967154887
10026,"right Secondary motor area, layer 2/3",3,3,348.5981731186478,254.00369398092437,318.99360464776777,248.57327017857355,-0.4567155305271727,-1.6027479133929994,0.184456432388111,0.8217250967154887
200,"left posteromedial visual area, layer 1",3,3,422.26655789861553,266.1343852302199,447.1057671867694,308.7158868670551,-0.6659990728100583,-1.615290816071575,0.18195448916980714,0.8217250967154887
124,"left Dorsal auditory area, layer 2/3",3,3,530.4877796812314,280.4877915555936,439.0243693913639,292.68291292757596,-0.9193815397892913,-1.6990182019628368,0.2087520518595192,0.8217250967154887
103,"left Supplemental somatosensory area, layer 4",3,3,416.10400624262184,344.0860051621681,420.10500630264704,330.9398621077995,-0.2741749634382685,-1.6642457411543676,0.1929859683504772,0.8217250967154887
10217,"right Postrhinal area, layer 5",3,3,380.7669244208968,169.61435724203582,290.7674695577757,171.34511598940355,-1.166649869404735,-1.8367162941620179,0.18300274080568826,0.8217250967154887
10083,"right Primary somatosensory area, upper limb, layer 5",3,3,461.9024863428726,346.6372028656894,456.85437173803246,363.46425154848987,-0.41416181182094175,-1.6315305483571751,0.21421627904030646,0.829760199221432
139,"left Primary auditory area, layer 4",3,3,471.42347778608035,587.8593969983049,511.1820843463521,613.4185012156225,0.3184475261517939,1.5875263399578492,0.21806121879413884,0.8311666382994857
11007,right Hypoglossal nucleus,2,3,17.893087944577072,140.75895849733965,17.893087944577072,171.7736442679399,2.9757524536829436,1.7368049193378698,0.2189585453897486,0.8311666382994857
10096,"right Primary somatosensory area, unassigned, layer 4",3,3,305.3706024508457,241.45582519369194,298.2689605333842,223.70172040003814,-0.3388019134505079,-1.4896905994842629,0.2179779948380574,0.8311666382994857
10140,"right Primary auditory area, layer 5",3,3,490.0673609883859,286.5727234732085,492.8677459083195,277.2381070734297,-0.7740787671812153,-1.6328786357651452,0.21825467755882846,0.8311666382994857
10025,"right Secondary motor area, layer 1",3,3,365.56154047647505,289.69027735871606,348.31807158607535,274.1711553573563,-0.33560303178340534,-1.5606009793378792,0.21844502584397998,0.8311666382994857
792,left Posterior hypothalamic nucleus,2,3,39.760370864978285,14.200132451777959,39.760370864978285,19.880185432489142,-1.485426827104929,-2.01246117974981,0.22096432819040573,0.8321236010027582
682,left Lateral dorsal nucleus of thalamus,3,3,92.48838843672702,64.93865571089344,92.48838843672704,62.970817659048194,-0.5101947323125663,-1.6773184340448304,0.22076906279363223,0.8321236010027582
410,left Dorsal peduncular area,3,3,146.58420608445167,214.54597435997016,159.91004300122,211.8808069766165,0.5495571645868396,1.5131466141971628,0.22383351729108295,0.8362913697214083
20,"left Primary motor area, Layer 2/3",3,3,483.97770283204346,381.1459952474905,445.12213669728266,382.2303366279955,-0.3445968655298151,-1.6295499049190347,0.22314907069928244,0.8362913697214083
372,"left Perirhinal area, layer 6b",3,2,300.4694692965416,150.2347346482708,300.4694692965416,150.2347346482708,-0.9999999999951987,-1.7320508075688776,0.22540333075851654,0.8367493158299977
10125,"right Dorsal auditory area, layer 4",3,3,567.3491532516244,301.2473380097121,572.369942218453,286.1849711092265,-0.9132883668044229,-1.5836779073680716,0.23515434815711106,0.8367493158299977
10535,right Subiculum,3,3,270.2748068292478,223.0638499505163,276.6118480210238,210.07291550737543,-0.2769703126798634,-1.4290634788698813,0.24191699049309648,0.8367493158299977
10095,"right Primary somatosensory area, unassigned, layer 2/3",3,3,534.3377021783876,237.03702577838249,361.581903729736,222.97550730000387,-1.172639386135962,-1.6482131907201047,0.236878104176006,0.8367493158299977
672,left Ethmoid nucleus of the thalamus,3,2,67.89550135012679,46.678157178212174,76.38243901889265,46.678157178212174,-0.5405683813530442,-1.5554275420956374,0.23960050431173002,0.8367493158299977
10496,"right Entorhinal area, lateral part, layer 2",3,3,305.33833673770926,87.77437200498183,294.52253734373045,79.87051860168962,-1.7985370641243157,-1.6356133597655804,0.23972546403900769,0.8367493158299977
91,"left Primary somatosensory area, trunk, layer 6a",3,3,186.43003506366463,295.41990171626855,163.4847999789059,352.78298942816537,0.6641327141519089,1.5224378524085072,0.23626634186312964,0.8367493158299977
847,left Nucleus of the posterior commissure,3,2,113.43822937413638,13.89039543356772,62.50677945105474,13.89039543356772,-3.0297473433029074,-1.7037220312632038,0.2270907680129003,0.8367493158299977
715,left Hypothalamus,3,3,23.97656721482855,36.08594459605509,22.523441929081365,35.60156950080603,0.5898119003623603,1.3948208816291772,0.2384784986376497,0.8367493158299977
151,"left Ventral auditory area, layer 1",3,3,310.66850792669476,182.74618113334986,274.1192717000248,226.14839915252045,-0.7655347463597264,-1.4021926403411762,0.23948955524267426,0.8367493158299977
128,"left Dorsal auditory area, layer 6b",3,2,218.80340841081576,426.6666464010908,196.9230675697342,426.6666464010908,0.963474123971674,1.5163650804884825,0.23975719833897066,0.8367493158299977
10172,"right Anteromedial visual area, layer 1",3,3,804.3796364026997,419.4617735842299,799.444792007591,222.0679977798864,-0.9393372180917301,-1.5279438578846003,0.2385728938143829,0.8367493158299977
11062,right Nodulus (X),3,3,45.91292722812401,98.38484406026573,41.97753346571338,119.37361079312242,1.099535673534156,1.5100612688329749,0.22645879821783427,0.8367493158299977
196,"left Posterolateral visual area, layer 5",3,3,361.6283377741344,161.63690855056007,295.87773090611,172.59534302856414,-1.1617510699916762,-1.5813614055253247,0.24230685831609114,0.8367493158299977
10141,"right Primary auditory area, layer 6a",3,3,248.27006579220392,163.27670993541338,268.40007112670696,181.17004801052718,-0.604591307467064,-1.3894176058415484,0.24335385792316055,0.8367493158299977
10119,"right Visceral area, layer 6a",3,3,149.89450152294208,73.08905446159986,122.64095579149806,37.163925997423654,-1.036220187902639,-1.3781180958705999,0.24066333378968519,0.8367493158299977
10295,"right Agranular insular area, ventral part, layer 6a",3,3,87.85722782500893,47.922124268186685,71.88318640228003,35.941593201140016,-0.8744691179024572,-1.3867504905630728,0.24027144243959217,0.8367493158299977
10802,right Zona incerta,3,2,17.522068695104597,41.66833409201703,21.79574398659352,41.66833409201703,1.2497783090838142,2.018823009913422,0.23023333366336557,0.8367493158299977
10299,"right Retrosplenial area, lateral agranular part, layer 1",3,3,486.31615655155883,305.7597515446115,529.8078453488528,256.9963428931002,-0.6694960109310722,-1.394045557045035,0.23982215604629828,0.8367493158299977
10847,right Nucleus of the posterior commissure,2,3,62.142623005876516,32.22210081786189,62.142623005876516,13.80947177908367,-0.9475325800843072,-1.5215349135496974,0.24270395613536044,0.8367493158299977
242,"left Prelimbic area, layer 5",3,3,228.70875862554786,159.89373390635646,216.56493073392585,123.46225023149043,-0.5163982142353701,-1.5256201291682967,0.23487492347134836,0.8367493158299977
10720,right Paraventricular hypothalamic nucleus,3,3,62.57128593139644,166.85676248372383,31.28564296569822,114.71402420756014,1.4150374992644332,1.4334554477024897,0.2413000448240359,0.8367493158299977
333,"left Retrosplenial area, ventral part, layer 1",3,3,229.08082926242,310.48376544686477,181.53575149097432,293.91502622348224,0.4386611038030914,1.4425662523565654,0.24831328215154894,0.8507195117755233
10379,right Olfactory areas,3,3,112.05612243556259,81.35035223079988,99.29528286994693,65.7980790102058,-0.462000978244571,-1.3228105838061668,0.2565755406217385,0.8543856099385675
10102,"right Supplemental somatosensory area, layer 2/3",3,3,426.7909846340481,281.936943236039,454.14539588517425,286.2887813896273,-0.5981571696168416,-1.3866345752826246,0.2603981947432299,0.8543856099385675
694,left Nucleus of reuniens,2,3,11.886189168739932,34.866154894970464,11.886189168739932,33.281329672471806,1.5525410229487806,1.5015630819276433,0.2664618614599801,0.8543856099385675
467,left Field CA3,3,3,131.03149429192192,102.50473517718994,131.88303934012288,90.68954763340169,-0.35422305863793346,-1.3046654217598483,0.26305185132820286,0.8543856099385675
10613,right Substantia innominata,3,3,15.191074521757244,7.265296510405638,15.851556022703212,7.265296510405639,-1.0641303373161122,-1.5199211913146968,0.26285271648177505,0.8543856099385675
10146,"right Posterior auditory area, layer 4",3,3,510.92434548029587,161.3445301516724,322.6890603033448,107.56302010111493,-1.6629650127163111,-1.4814874939752931,0.26482734758651333,0.8543856099385675
292,"left Agranular insular area, ventral part, layer 1",3,3,255.04357443651622,132.83519501901887,310.83435634450416,95.64134041369358,-0.9411063109412274,-1.3391117724010384,0.26241406599088957,0.8543856099385675
10495,"right Entorhinal area, lateral part, layer 1",3,3,292.01416239967534,141.25336227705225,283.18582725735956,114.0892541468499,-1.0477531314430952,-1.4312456784892629,0.2615965588443046,0.8543856099385675
10449,right Postpiriform transition area,3,3,227.4322132325941,67.22839007504355,193.10282255597613,60.076433684081465,-1.7582941035916015,-1.5318529788033521,0.25479747126857105,0.8543856099385675
10564,"right Basolateral amygdalar nucleus, posterior part",3,3,60.02256422752376,32.824839811927056,53.45759626513835,33.76269237798211,-0.8707169830351182,-1.392044546138226,0.25839980603256313,0.8543856099385675
10110,"right Gustatory areas, layer 4",3,3,352.3184249342042,180.67611535087397,433.6226768420975,189.70992111841767,-0.9634741239709957,-1.5500523312512076,0.2561275000035739,0.8543856099385675
170,"left Anterolateral visual area, layer 6b",3,3,118.68335087652058,356.05005262956166,89.01251315739043,356.0500526295617,1.584962500713052,1.5118578920369083,0.2613934852197791,0.8543856099385675
10955,"right Spinal nucleus of the trigeminal, interpolar part",3,2,23.828864289256558,7.58191136476345,24.911994484222767,7.58191136476345,-1.652076696449956,-1.4501047335684953,0.2558953404817339,0.8543856099385675
197,"left Posterolateral visual area, layer 6a",3,3,198.44960297725046,136.4341020468597,223.25580334940676,167.44185251205508,-0.5405683813593984,-1.336306209562122,0.25315519463303604,0.8543856099385675
173,"left Anteromedial visual area, layer 2/3",3,3,493.58972014549005,243.58973201985225,576.9230495207026,249.99998812563783,-1.018859027248316,-1.5098031105897043,0.2574638032444478,0.8543856099385675
10300,"right Retrosplenial area, lateral agranular part, layer 2/3",3,3,233.67824625770436,141.20132327061285,277.43076896127457,137.22382120665193,-0.7267698270562742,-1.4963066100887508,0.2664890838164552,0.8543856099385675
250,"left Infralimbic area, layer 6a",3,3,104.14441407196666,185.50723756569064,146.45308228870314,205.0343152041844,0.8328900141586659,1.2996881122750912,0.26403237277749536,0.8543856099385675
175,"left Anteromedial visual area, layer 5",3,3,477.65565496825184,290.1098763304106,553.8461275398748,290.1098763304106,-0.7193715341495155,-1.5220847812943812,0.2657933625278647,0.8543856099385675
54,"left Primary somatosensory area, barrel field, layer 4",3,3,557.2313600326098,417.4037146512926,534.8797289865256,394.53227823204367,-0.4168330129395907,-1.4998937731182473,0.2505914470892781,0.8543856099385675
10282,"right Agranular insular area, dorsal part, layer 5",3,3,193.20953550688216,153.95006368014128,217.0298891995115,162.7724168996336,-0.3277038333896169,-1.3726463291082887,0.2675875431210059,0.8550187825650997
10236,"right Anterior cingulate area, ventral part, 6a",3,3,102.74934290212848,137.6107271010649,93.57529442872415,137.61072710106492,0.4214637684347192,1.4241102090921354,0.2865670659126549,0.8602614039144786
10008,"right Frontal pole, layer 2/3",3,3,202.27919267145617,142.45013568412406,213.6752035261861,136.7521302567591,-0.5058909297269618,-1.2733120314407482,0.2829408252068844,0.8602614039144786
85,"left Primary somatosensory area, upper limb, layer 6b",2,3,350.61102422339786,233.74068281559857,350.61102422339786,269.70078786415223,-0.5849625007190987,-1.3858046563114677,0.27973667698069365,0.8602614039144786
10982,"right Lateral reticular nucleus, magnocellular part",2,2,25.379780381981654,13.666035590297813,25.379780381981654,13.666035590297813,-0.8930847960347643,-1.897366596101028,0.2725896064202565,0.8602614039144786
10294,"right Agranular insular area, ventral part, layer 5",3,3,196.40710695494582,62.99850600441658,147.30533021620937,63.924954622128595,-1.6404576132973048,-1.4349863065894755,0.28484490274421964,0.8602614039144786
10154,"right Ventral auditory area, layer 5",3,3,418.30063372655735,272.61281406453736,420.50802493355764,241.70933716653312,-0.6176868065845711,-1.3175647557230588,0.2821261089323446,0.8602614039144786
177,"left Anteromedial visual area, layer 6b",3,3,211.482848278112,132.17678017382,237.918204312876,79.306068104292,-0.6780719051085446,-1.3416407864998736,0.27389275644110134,0.8602614039144786
661,"left Medial geniculate complex, medial part",3,3,42.64534196912428,21.32267098456214,47.976009715264816,23.988004857632408,-0.9999999999661698,-1.3522468075656267,0.27087270849176703,0.8602614039144786
10512,"right Entorhinal area, medial part, dorsal zone, layer 3",3,3,130.7961859579562,100.97736636132369,136.2177895209803,117.91987749577397,-0.3732885168026616,-1.2566300515505882,0.2786302990991042,0.8602614039144786
10105,"right Supplemental somatosensory area, layer 6a",3,3,197.48916027671524,144.09632541362933,200.7055961118409,175.61739659786076,-0.45473992330986884,-1.367100452135459,0.27853943089767064,0.8602614039144786
10104,"right Supplemental somatosensory area, layer 5",3,3,377.32466012621626,267.51311797145655,303.81193329483546,251.65145077132456,-0.49619675253006684,-1.3798066872936043,0.286429797834612,0.8602614039144786
10099,"right Primary somatosensory area, unassigned, layer 6b",3,2,164.1025563081121,287.17947353919624,82.05127815405606,287.17947353919624,0.8073549220538367,1.341640786499874,0.2788431481036814,0.8602614039144786
523,left Parasubiculum,3,3,295.0362069511595,178.59334561208206,272.176258712813,139.30280957742397,-0.7242136867541699,-1.2419610879479184,0.2905469293343682,0.8602614039144786
10608,right Pallidum,3,3,17.092127231781916,48.32946320710749,21.21781311531548,38.89932404474505,1.4995710094359558,1.3730385643997258,0.28846446105980994,0.8602614039144786
10544,right Prosubiculum,3,3,261.58246539628675,170.79796269992843,284.66327116654736,153.87203846840396,-0.6149750697846641,-1.2718353099997188,0.2844959167204212,0.8602614039144786
10191,"right Primary visual area, layer 6b",3,3,221.45327667876563,127.13058476003214,221.45327667876563,98.42367852389584,-0.8006911917717595,-1.3459731927555012,0.27770091952328957,0.8602614039144786
416,left Piriform area,3,3,191.15093715511048,73.9009352933811,201.9882037971976,81.97124023961615,-1.3710477448650342,-1.4301647521033265,0.2859689206933613,0.8602614039144786
10193,"right Posterolateral visual area, layer 1",3,3,339.12897875893765,208.4230181955971,339.1289787589377,116.57558644838483,-0.7023194513566472,-1.395481429848721,0.28904333738060994,0.8602614039144786
712,left Medial habenula,3,3,247.55402692213326,443.10090533121326,187.22573464699153,549.1954882978418,0.8398918569153226,1.221706825538585,0.29053075553637486,0.8602614039144786
10832,"right Superior colliculus, motor related, deep white layer",3,3,59.87463463388837,23.94985385355535,59.87463463388836,11.974926926777673,-1.3219280948512193,-1.260252075625209,0.2882503988293148,0.8602614039144786
1101,left fiber tracts,3,3,68.68288168719857,125.77552708968237,65.67800561338363,155.82428782783174,0.8728287595253506,1.3212427573174956,0.2762223321379731,0.8602614039144786
561,left Lateral amygdalar nucleus,3,3,150.49829452018534,226.1455854165748,193.4978072402383,253.21935268475627,0.5875046952804028,1.245479967978593,0.286806077450886,0.8602614039144786
77,"left Primary somatosensory area, mouth, layer 6a",3,3,250.1733693670085,325.62888561157393,240.89274437436143,366.7864399267915,0.3803004580022065,1.3890394484225024,0.2797949673774274,0.8602614039144786
10088,"right Primary somatosensory area, trunk, layer 2/3",3,3,457.01901254456544,181.23167738836216,269.4836246383472,193.83909842407428,-1.3344190390657555,-1.3963407963433185,0.2909840997434643,0.8602614039144786
544,left Prosubiculum,3,3,295.4272110485009,232.34119202251895,321.58482869342026,232.34119202251892,-0.34655776139475114,-1.232467404686411,0.29752335839104277,0.8605773600801058
10457,right Field CA1,3,3,239.43478343450775,162.3220266207217,228.20413637949406,133.78834776583216,-0.5607739696563182,-1.2491697603277956,0.2999570808451003,0.8605773600801058
10173,"right Anteromedial visual area, layer 2/3",3,3,404.51465347281527,234.3616643136152,317.83294201435484,250.41383310221897,-0.7874553646173098,-1.3505650573097077,0.2957937859948799,0.8605773600801058
10371,"right Perirhinal area, layer 6a",2,2,148.1481411114895,74.07407055574475,148.1481411114895,74.07407055574475,-0.9999999999902616,-2.0,0.2951672353008665,0.8605773600801058
10462,right Field CA2,3,3,167.06149947923637,122.13739877893754,168.46537762612073,92.65595769436639,-0.4518742674560386,-1.2708823532632598,0.2949323446874509,0.8605773600801058
10287,"right Agranular insular area, posterior part, layer 2/3",3,3,234.09470073759087,73.88095165122549,149.4221494069729,64.74959807635491,-1.6638179214190312,-1.3723886012246682,0.30015922675080614,0.8605773600801058
1004,left Spinal vestibular nucleus,2,2,28.05611089185514,5.344021122258122,28.05611089185514,5.344021122258122,-2.3923174225602177,-1.8439088914585773,0.2989344886779992,0.8605773600801058
10205,"right posteromedial visual area, layer 6b",2,2,182.23233758588708,109.33940255153226,182.23233758588708,109.33940255153226,-0.736965594160928,-1.4142135623730947,0.29289321881345254,0.8605773600801058
10380,right Main olfactory bulb,3,3,100.22740515817078,66.98025379055132,115.41337563668152,81.03233847333324,-0.5814692906759145,-1.2094262268536473,0.29651967333025114,0.8605773600801058
104,"left Supplemental somatosensory area, layer 5",3,3,390.7628326587505,338.6001126082849,409.0655414483875,360.56336315584934,-0.20671079910360973,-1.2082165905329483,0.2996427507708768,0.8605773600801058
294,"left Agranular insular area, ventral part, layer 5",3,3,311.55022498952763,155.31287180486837,232.96930770730256,99.84398901741538,-1.00428735839844,-1.092850089470815,0.35460613506734084,0.8608372289041542
288,"left Agranular insular area, posterior part, layer 5",3,3,339.2288581989888,120.4572446868472,241.8002044081565,114.25723944561241,-1.4937377406668935,-1.138708399545815,0.3724052445906017,0.8608372289041542
618,left Diagonal band nucleus,2,3,12.273598394235446,49.094393576941776,12.273598394235446,32.72959571796119,1.9999999999118412,1.2160188425998213,0.33800122037193436,0.8608372289041542
10116,"right Visceral area, layer 2/3",3,3,265.60607419054446,156.16653436203308,335.696565990827,166.00379636909028,-0.7662028153874963,-1.102468389823524,0.3637570168547402,0.8608372289041542
10029,"right Secondary motor area, layer 6b",3,3,197.19887018537736,107.56302010111493,215.12604020222986,107.56302010111493,-0.8744691179100442,-1.1470786693528088,0.37005921165128797,0.8608372289041542
1194,"left corpus callosum, extreme capsule",3,3,349.60979387380195,142.6978750505314,363.8795813788551,107.02340628789855,-1.2927817492218625,-1.1703447527933295,0.3543392402754761,0.8608372289041542
1179,left middle cerebellar peduncle,3,3,52.44601736677949,96.9641483874179,40.24926914194705,73.18048934899464,0.8866182005696279,1.17058751701705,0.3186750357784467,0.8608372289041542
10212,"right Laterointermediate area, layer 6b",3,3,405.5766600770841,283.90366205395884,365.01899406937565,243.34599604625046,-0.514573172828234,-1.0606601717798214,0.37853076038781247,0.8608372289041542
1221,left nigrostriatal tract,2,2,142.6978750505314,35.67446876263285,142.6978750505314,35.67446876263285,-1.9999999999696696,-1.4552137502179978,0.3636757378544779,0.8608372289041542
10203,"right posteromedial visual area, layer 5",3,3,281.89726009900477,165.4107889837135,251.61077760902901,104.8378240037621,-0.7691161177663086,-0.9672790406676715,0.38821079903933603,0.8608372289041542
117,"left Visceral area, layer 4",3,3,299.23593059262106,189.75937061971092,273.6913999322754,197.05780795123826,-0.6571122864742102,-1.216660658480719,0.33182673575040056,0.8608372289041542
194,"left Posterolateral visual area, layer 2/3",3,3,425.4510719099174,214.32497607492078,249.5126587140869,191.9328143954515,-0.989193245040077,-1.1204157318173225,0.37325359783008305,0.8608372289041542
195,"left Posterolateral visual area, layer 4",3,3,568.1557576646825,366.55210171915,604.8109678365976,384.87970680510756,-0.6322682154981162,-1.0347929552219566,0.36563135196240937,0.8608372289041542
10890,right Parabrachial nucleus,3,3,15.495685124181103,8.452191885916966,14.791335800354691,8.452191885916966,-0.8744691178385551,-1.2499999999999998,0.32800012863656614,0.8608372289041542
1005,left Superior vestibular nucleus,2,3,259.70358681788207,22.58292059285931,259.70358681788207,22.58292059285931,-3.5235619559986837,-1.611812068552006,0.3519254110693201,0.8608372289041542
1020,left Lingula (I),3,3,178.1024352313441,411.8618814724832,250.45654954407763,300.54785945289314,1.2094533656243525,1.0390184615901161,0.3862130461591198,0.8608372289041542
10075,"right Primary somatosensory area, mouth, layer 4",3,3,373.1696138363921,449.9158174367067,325.291248287572,502.7228382626112,0.26982357149577324,0.9834997911170336,0.38109074596161413,0.8608372289041542
10101,"right Supplemental somatosensory area, layer 1",3,3,497.7652788143321,240.59546236997792,317.58601032837083,213.32797663471376,-1.0488561663386586,-1.2504267028676417,0.32436780098125756,0.8608372289041542
10351,"right Anterior area, layer 6a",3,3,170.64270870658186,113.7618058043879,188.60509909674838,71.84956156066605,-0.5849625007169287,-1.0170466823871596,0.39005269592074426,0.8608372289041542
293,"left Agranular insular area, ventral part, layer 2/3",3,3,385.96120322387304,185.12673991842746,316.39842822422145,70.68475524158139,-1.0599425404522274,-1.1130902377712244,0.32929789114664587,0.8608372289041542
10416,right Piriform area,3,3,142.252571904578,53.719366699783905,112.04983783731751,52.39367417393087,-1.4049405344784234,-1.3514729572280677,0.3067897325221854,0.8608372289041542
10491,right Induseum griseum,3,3,78.56616371245194,178.08330441489105,94.27939645494232,109.9926291974327,1.180572245631559,1.135467178867674,0.3597201591695278,0.8608372289041542
10531,right Presubiculum,3,3,238.06302129101712,278.4615946010079,229.40618415316197,253.21248628226368,0.2261348230213855,1.0878401658401358,0.35705712661721917,0.8608372289041542
10509,"right Entorhinal area, medial part, dorsal zone, layer 2",3,3,158.7852849703847,111.1496994792693,130.20393367571546,114.32540517867699,-0.5145731728258641,-1.165689671683399,0.3098652962622205,0.8608372289041542
10405,"right Taenia tecta, ventral part",2,3,20.808044789371614,51.78891147576936,20.808044789371614,44.39049555065945,1.3155018256864532,1.0264056537569854,0.3882131393695864,0.8608372289041542
589,"left Lateral septal nucleus, ventral part",3,3,12.080651506851924,91.15400682442815,6.5894462764646855,36.24195452055577,2.9156078126060327,1.3140961789337724,0.31746319262532885,0.8608372289041542
10108,"right Gustatory areas, layer 1",3,3,209.01811059471777,124.73661438717028,182.04803180830257,161.82047271849117,-0.7447429447532617,-1.0798355319767001,0.3505214222675024,0.8608372289041542
10370,"right Perirhinal area, layer 5",3,3,234.12697300654966,119.04761339316083,202.38094276837344,95.23809071452868,-0.9757524537473661,-1.075550465250812,0.38548890022650734,0.8608372289041542
10374,right Ectorhinal area/Layer 1,3,3,739.4794102670288,186.81585101482833,365.8477082373721,147.89588205340573,-1.9848931076040202,-1.1763827103084858,0.35724107572806485,0.8608372289041542
10474,"right Dentate gyrus, molecular layer",3,3,193.05833388457924,166.47223826556592,191.51263065091567,149.31493237190034,-0.21375522706255645,-1.1693917732518788,0.3536210917135426,0.8608372289041542
679,left Anterodorsal nucleus,3,2,58.17426031958748,130.89208571907182,62.32956462812945,130.89208571907182,1.1699250014285345,1.5392982399673982,0.31681811518898134,0.8608372289041542
10057,"right Primary somatosensory area, barrel field, layer 6b",3,3,468.0576245742208,206.49601084156802,330.3936173465088,137.664007227712,-1.1805722456379166,-1.0234201392543214,0.3867111576285875,0.8608372289041542
10078,"right Primary somatosensory area, mouth, layer 6b",3,3,93.00635343892948,133.69663306846113,87.19345634899638,156.9482214281935,0.5235619560522916,1.183215956619923,0.3026872136598688,0.8608372289041542
10368,"right Perirhinal area, layer 1",3,3,375.5868366206764,165.25820811309762,369.5774472347456,171.26759749902845,-1.1844245711325387,-1.334847624943829,0.30965390706419726,0.8608372289041542
10369,"right Perirhinal area, layer 2/3",3,3,330.23734241570327,122.08774477186607,234.16829734931687,114.08199101633386,-1.435584876675481,-1.236431660417749,0.33731669989499463,0.8608372289041542
10649,right Ventral posteromedial nucleus of the thalamus,3,3,52.26970312036125,21.47514934402439,60.7787245585596,10.940170420540728,-1.2833068008204758,-1.091746698787239,0.3469054853093323,0.8608372289041542
399,"left Taenia tecta, dorsal part",3,3,120.27639871658751,65.6894177605978,105.47314964377675,58.28779322419241,-0.8726206935138046,-1.2302350429367408,0.32572667065590805,0.8608372289041542
390,left Anterior olfactory nucleus,3,3,112.81464925153442,53.94292694794243,62.84214078453192,68.59240203278974,-1.0644487077128857,-1.0608588504041645,0.3860139695599743,0.8608372289041542
10568,"right Basomedial amygdalar nucleus, posterior part",3,3,55.734561491041774,35.29855561099313,44.58764919283342,44.58764919283342,-0.6589630821499469,-1.0359395405656244,0.360672581302071,0.8608372289041542
10123,"right Dorsal auditory area, layer 1",3,3,617.9170330120228,344.41277249850447,435.58085933634396,344.4127724985045,-0.843274496310693,-1.161536560230724,0.3641789611809443,0.8608372289041542
1285,left stria medullaris,3,3,37.084249020838605,103.8358972583481,22.25054941250316,111.25274706251581,1.4854268271452327,1.1750241777009607,0.3405113846677668,0.8608372289041542
10126,"right Dorsal auditory area, layer 5",3,3,424.4083268636489,231.67243530630375,443.87659873812817,251.14070718078304,-0.873366561466155,-1.2195299972792946,0.3401511692989485,0.8608372289041542
10560,"right Endopiriform nucleus, ventral part",3,3,97.98504919919647,40.427397921346795,100.72588973623692,39.05697765282656,-1.2772282873955858,-1.3442150916233664,0.31031215946464913,0.8608372289041542
99,"left Primary somatosensory area, unassigned, layer 6b",2,3,241.20601869408358,375.20936241301894,241.20601869408358,402.010031156806,0.6374299206131558,1.2500000000000002,0.31831094322025605,0.8608372289041542
10142,"right Primary auditory area, layer 6b",3,3,110.2814422059103,196.05589725495165,110.28144220591028,147.04192294121373,0.8300749985519643,1.2004900959975622,0.3356074812427724,0.8608372289041542
10007,"right Frontal pole, layer 1",3,3,239.4638264616939,418.4038286528498,189.4658846729886,457.87588795972243,0.8050883150830827,1.109843591240007,0.3505349231295211,0.8608372289041542
567,"left Basomedial amygdalar nucleus, anterior part",3,3,27.78116771422869,63.37578884808419,39.067267098134096,65.11211183022348,1.1898245588508503,1.0464769498248192,0.3820968280265106,0.8608372289041542
555,left Cortical subplate,3,3,163.73292512263342,87.20557968488083,186.86909932474464,80.08675685346199,-0.9088521119340722,-1.1253614335689597,0.37317425997478576,0.8608372289041542
569,left Posterior amygdalar nucleus,3,3,93.14660445704412,128.3353216963719,66.23758539167581,146.9646425877807,0.46234321405295353,0.9959873727522464,0.37696964546584694,0.8608372289041542
10575,right Nucleus accumbens,3,3,31.533290618689154,15.918247668088275,32.74610948863874,16.827861820550464,-0.9861942004300893,-1.2744245726706709,0.3165852040453768,0.8608372289041542
10587,"right Lateral septal nucleus, caudal (caudodorsal) part",3,3,150.56033368418517,50.97712085370049,124.47901603810584,60.46123636136569,-1.5624199320513492,-1.082632450675581,0.38925027755174546,0.8608372289041542
10707,right Ventral part of the lateral geniculate complex,3,3,11.525301091331405,26.343545351614637,9.878829506855489,29.636488520566463,1.192645077871984,1.2026755886059095,0.3284685963153819,0.8608372289041542
10618,right Diagonal band nucleus,2,2,2.687381774518718,64.49716258844921,2.687381774518718,64.49716258844921,4.584962500206684,1.4374999999999998,0.3869387684106311,0.8608372289041542
389,"left Accessory olfactory bulb, mitral layer",3,3,417.4489866948779,125.47599600077251,282.32099100173815,137.5409956162314,-1.734188509487591,-1.1457490853394054,0.3655779240487014,0.8608372289041542
10621,right Bed nuclei of the stria terminalis,3,3,27.352338802317018,35.806698068487734,22.37918629280483,35.806698068487734,0.3885652879051989,1.0443016986177174,0.3768785233167726,0.8608372289041542
560,"left Endopiriform nucleus, ventral part",3,3,193.9643078640173,75.39248715562509,156.26806428620472,78.13403214310236,-1.3632985292955246,-1.200636410890875,0.3520116330617691,0.8608372289041542
449,left Postpiriform transition area,3,3,194.4376094400135,80.5391078317703,151.54696029883402,78.63285675882898,-1.2715459056788179,-1.2608845872586327,0.33334114249018443,0.8608372289041542
405,"left Taenia tecta, ventral part",3,3,22.272488936893424,57.53726308697469,8.352183351335034,69.60152792779196,1.3692338096260186,1.0817477903881871,0.35735440759991377,0.8608372289041542
647,left Ventral posterolateral nucleus of the thalamus,3,3,124.59194830985096,70.65275117570816,129.9098973230763,41.024178102024095,-0.8183931935012122,-0.9938092069466415,0.38500086799040095,0.8608372289041542
10268,"right Orbital area, medial part, layer 5",3,3,248.91716310856395,171.13054963713773,186.68787233142297,173.9591537633714,-0.5405683813600682,-1.0476665619192564,0.3892056839867584,0.8608372289041542
10715,right Hypothalamus,3,3,8.693289453974906,22.216184160158093,9.417730241806149,25.355427574093476,1.3536369545136844,1.2908572475612075,0.3213600453693303,0.8608372289041542
263,"left Orbital area, lateral part, layer 6b",3,2,323.4550730814603,110.26877491413418,308.75256975957575,110.26877491413418,-1.5525410230201555,-1.1949241829739772,0.3310614991384421,0.8608372289041542
249,"left Infralimbic area, layer 5",3,3,209.1307901788549,268.8824445156706,209.1307901788549,233.03145191358118,0.3625700793831753,1.0910894511799625,0.3891527782184737,0.8608372289041542
10810,"right Superior colliculus, superficial gray layer",3,3,115.63095108298013,53.768392253585766,107.53678450717153,52.03392798734106,-1.1046973786523384,-1.1970447548782277,0.3296814224740211,0.8608372289041542
10390,right Anterior olfactory nucleus,3,3,113.48245333944068,62.011521547366264,100.20404806329383,61.19017689110975,-0.8718610514389632,-1.3435771092083175,0.30952657591276794,0.8608372289041542
10376,right Ectorhinal area/Layer 5,3,3,244.60203723939466,117.25767764568918,302.60045844048824,109.69266618467698,-1.0607540310726908,-1.346188107068518,0.3082658297233217,0.8608372289041542
757,left Anterior hypothalamic nucleus,2,3,14.096915629991909,10.337738128660733,14.096915629991909,8.458149377995145,-0.4474589769340062,-1.109400392450458,0.38797680652346955,0.8608372289041542
11287,right habenular commissure,3,3,236.57315684339622,403.5659734387348,250.4892248930078,333.98563319067705,0.7705181538747096,1.0606601717798214,0.34876308200080863,0.8608372289041542
57,"left Primary somatosensory area, barrel field, layer 6b",3,3,207.03233897099247,405.0632718997679,135.02109063325597,297.04639939316314,0.9682911402692552,1.1472190238934938,0.31524583357933583,0.8608372289041542
70,"left Primary somatosensory area, lower limb, layer 6a",3,3,155.36739151913636,399.1552497564803,174.3146343873237,257.6825030073481,1.3612662428321916,1.3491556158146205,0.3048217376382367,0.8608372289041542
10010,"right Frontal pole, layer 6a",3,3,106.84473616053977,189.94619761873733,89.03728013378313,195.88201629432288,0.8300749985517798,1.0320936930842797,0.3603488661886562,0.8608372289041542
83,"left Primary somatosensory area, upper limb, layer 5",3,3,623.4860156729965,466.771963084919,715.3238206842892,497.9462638685688,-0.41763929446634696,-1.190499053642066,0.32153475208502835,0.8608372289041542
89,"left Primary somatosensory area, trunk, layer 4",3,3,473.8790396063096,368.57258636046305,447.552426294848,381.73589301619387,-0.36257007938383834,-1.1467643581619915,0.3252861542587623,0.8608372289041542
1177,left uncinate fascicle,3,2,102.22385556974116,47.180241032188235,141.5407230965647,47.180241032188235,-1.1154772174034706,-1.2004900959975615,0.31773765856524605,0.8608372289041542
10237,"right Anterior cingulate area, ventral part, 6b",2,3,80.48289356157372,182.42789207290045,80.48289356157372,257.5452593970359,1.1805722456318037,1.1415993594396086,0.3370516055128997,0.8608372289041542
1212,left external medullary lamina of the thalamus,3,3,163.63635586405385,103.03029813662648,145.45453854582564,109.09090390936923,-0.6674246609079431,-1.1470786693528092,0.31533722763378774,0.8608372289041542
10152,"right Ventral auditory area, layer 2/3",3,3,592.2066363675154,321.2851253020245,557.4731093078371,333.4418597729119,-0.8822464685058062,-1.1573031486501797,0.36355950262334347,0.8608372289041542
10216,"right Postrhinal area, layer 4",3,3,528.9255947120931,330.5784966950582,561.9834443815989,330.5784966950582,-0.6780719051110011,-1.147638083514009,0.3495081909980807,0.8608372289041542
10942,right Ventral cochlear nucleus,3,3,22.9729441634947,47.91499782671752,5.907328499184351,31.505751995649874,1.0605415419023605,0.9934852726704041,0.3770079507122289,0.8608372289041542
11058,right Uvula (IX),3,3,65.10157618888495,99.92334949921876,39.06094571333097,92.65619680836649,0.6181293646486328,1.0843267867067767,0.3808238698330908,0.8608372289041542
1054,left Pyramus (VIII),3,3,89.61555772730696,45.612709022880786,59.5648317828208,37.026787324456166,-0.9743133563208202,-1.0945989348730576,0.3718390121991605,0.8608372289041542
1114,left brachium of the superior colliculus,3,3,164.23146640733185,258.0780186400929,180.98977930603917,321.75960765518073,0.6520766965764989,1.2162422797365944,0.33185940931448826,0.8608372289041542
10259,"right Orbital area, lateral part, layer 1",3,3,347.10052585820705,202.920307424798,411.18062293972224,144.1802184334091,-0.7744402995819155,-1.1325625577486107,0.3229703147198535,0.8608372289041542
846,left Nucleus of the optic tract,2,3,58.33206467582861,307.86367467798436,58.33206467582861,136.10815091026677,2.3999306068685895,1.2323549693541238,0.33164118856383074,0.8608372289041542
10288,"right Agranular insular area, posterior part, layer 5",3,3,209.97548734801686,102.772812372869,204.65965222528223,106.31670245469208,-1.0307622537635202,-1.2751686502687267,0.3244910600563061,0.8608372289041542
848,left Olivary pretectal nucleus,2,3,51.33689595735031,456.32796406533606,51.33689595735031,136.89838921960083,3.152003093420109,1.1420460067355636,0.37126355366319086,0.8608372289041542
10365,"right Temporal association areas, layer 6a",3,3,230.2476713662993,182.1739817403687,265.6703900380377,189.76456431288406,-0.33786963875473025,-1.1176470588235285,0.33360983257915244,0.8608372289041542
813,"left Inferior colliculus, central nucleus",3,3,68.04607579758857,26.626725312099875,71.00460083226633,28.401840332906534,-1.3536369545817202,-1.1101325894672145,0.36424699492358353,0.8608372289041542
801,left Tuberal nucleus,2,3,7.639966212267311,35.65317565724745,7.639966212267311,19.099915530668277,2.2223924211880774,1.2260120676657764,0.33923605111926025,0.8608372289041542
10375,right Ectorhinal area/Layer 2/3,3,3,297.01286255125115,132.47052555102752,292.8295827970082,133.86495213577518,-1.164854011888857,-1.2456297573160013,0.3375874689104455,0.8608372289041542
10806,right Midbrain,3,3,32.55320689361714,56.67395657985153,21.473350330428172,69.12653873494,0.7998862511348922,1.0198430011572799,0.36809766505885566,0.8608372289041542
10302,"right Retrosplenial area, lateral agranular part, layer 6a",3,3,154.2716427194314,84.44342548853086,126.6651382327963,82.81951345990528,-0.8694158901821228,-1.2075603060487206,0.3254910934144929,0.8608372289041542
261,"left Orbital area, lateral part, layer 5",3,3,172.87593569390378,147.46924865901698,162.3818693099288,154.0970800594222,-0.22932291524362652,-1.0803362022923468,0.3415003866353953,0.8608372289041542
988,left Parvicellular reticular nucleus,2,3,21.32444713374869,7.108149044582897,21.32444713374869,2.6655558917185864,-1.5849625005858472,-1.2755856082865613,0.35496285572546754,0.8608372289041542
815,"left Inferior colliculus, external nucleus",3,3,91.44620790811958,50.729283219102825,113.13965138997276,43.053141679370164,-0.8501045695042787,-1.2036218135771495,0.33384816909280823,0.8608372289041542
1117,left optic tract,3,3,59.11359123322344,109.64617728743058,71.50837649180254,131.57541274491666,0.8912937405462524,1.0241665403220126,0.3871253520769466,0.8608372289041542
10197,"right Posterolateral visual area, layer 6a",3,2,143.0514995222309,102.62390183116564,149.27112993624092,102.62390183116564,-0.4791678366945864,-1.037512949807909,0.3859573690225171,0.8608372289041542
1159,left medial lemniscus,2,3,10.53027403913931,7.0201826927595405,10.53027403913931,6.017299450936749,-0.584962500652654,-1.150792911137501,0.3359542435639198,0.8608372289041542
172,"left Anteromedial visual area, layer 1",3,3,433.74618178189644,224.35147333546368,299.13529778061826,254.26500311352552,-0.9510903995159491,-1.0943290218881339,0.3489894704508946,0.8608372289041542
559,"left Endopiriform nucleus, dorsal part",3,3,216.39587499066633,121.03498092698287,227.76582774441323,89.12575868259648,-0.8382489299981348,-1.0135855282610853,0.39199063966843256,0.8611090672345891
512,"left Entorhinal area, medial part, dorsal zone, layer 3",3,3,210.8988318616906,166.14216657914537,217.6801447832884,160.71711624186713,-0.34413283112618887,-1.0618950136113707,0.39178727686394854,0.8611090672345891
10055,"right Primary somatosensory area, barrel field, layer 5",3,3,454.0532869402293,367.98729330392825,448.53623606610745,311.1616693004731,-0.3032056692362976,-0.9549906781341064,0.3939613771664202,0.8614501081357898
10144,"right Posterior auditory area, layer 1",3,3,617.6688645004627,338.5300507358305,391.982164009909,338.5300507358305,-0.8675497039744248,-1.0075541877122396,0.3934155317740131,0.8614501081357898
905,"left Superior olivary complex, lateral part",2,3,29.512126238201272,74.76405313677655,29.512126238201272,76.73152821932331,1.3410369178054788,0.9888472349023997,0.3969759310490895,0.8660463415300826
11254,right dorsal hippocampal commissure,3,3,143.74808510830863,117.92925428788426,138.16563520118984,123.51170419500303,-0.2856210908988367,-1.0234436371131344,0.401577697911817,0.8681030417273675
935,left Medulla,3,3,24.845208904611898,15.638608650618655,23.836266411023598,14.755783968728894,-0.6678555090353164,-1.0015988724059246,0.39975780784658216,0.8681030417273675
10713,right Lateral habenula,2,3,28.927859772266885,61.712767514169364,28.927859772266885,57.85571954453378,1.0931094043649872,0.9948497511671099,0.4006728376224395,0.8681030417273675
495,"left Entorhinal area, lateral part, layer 1",3,3,295.7297501345976,161.801564441458,220.26767596232096,118.29190005383904,-0.8700538274241092,-0.9676297169755412,0.40037354100897476,0.8681030417273675
68,"left Primary somatosensory area, lower limb, layer 4",3,3,448.7120652594897,387.74575204488514,453.58937031665806,424.32553997364784,-0.21067900077215193,-0.9408874118687264,0.40257468354631853,0.868240855782059
10967,right Facial motor nucleus,2,3,14.168454079938055,26.157145993731792,14.168454079938055,26.157145993731795,0.8845227825333944,1.0169503597462533,0.40347125121168387,0.868240855782059
818,left Parabigeminal nucleus,3,2,74.38400390535037,334.72801757407666,44.63040234321022,334.72801757407666,2.169925001427227,1.2823007845327954,0.4148429183118549,0.8692745715404279
10647,right Ventral posterolateral nucleus of the thalamus,3,2,57.84278474220963,25.11594600648576,45.66535637542866,25.11594600648576,-1.2035333940526323,-0.9631963013333045,0.40680695595796645,0.8692745715404279
553,left Hippocampo-amygdalar transition area,3,3,71.06899277483336,110.55176653862968,71.06899277483336,104.23452273642226,0.6374299206080418,1.0172355734639493,0.41249077708608806,0.8692745715404279
10103,"right Supplemental somatosensory area, layer 4",3,3,397.0322507406213,311.79045627325445,430.78571297937725,334.6741594859704,-0.34867943291297887,-0.972010191865536,0.409475976885166,0.8692745715404279
10611,"right Globus pallidus, internal segment",3,2,36.224927527593344,21.262457461848268,33.07493382954175,21.262457461848268,-0.7686744538655185,-0.9683296637314884,0.408676100182489,0.8692745715404279
10169,"right Anterolateral visual area, layer 6a",3,3,337.1906886601885,228.80796730512793,397.4033116352222,234.8292296026313,-0.5594274086119919,-0.9126362278141088,0.41370782674152096,0.8692745715404279
11098,right Interposed nucleus,2,3,39.467477357810985,94.41239681672432,39.467477357810985,46.43232630330704,1.2583119955701176,1.0417547504917979,0.40654992154173536,0.8692745715404279
10885,right Nucleus of the lateral lemniscus,2,2,5.5220014633445444,28.99050768255886,5.5220014633445444,28.99050768255886,2.3923174225672614,1.2924860661584994,0.41189035489139014,0.8692745715404279
10286,"right Agranular insular area, posterior part, layer 1",3,3,258.03278268964715,177.79088075567154,250.16592955886523,184.08436326029707,-0.5373730422003723,-0.9927741970308559,0.412869260876916,0.8692745715404279
810,"left Superior colliculus, superficial gray layer",3,3,48.65862699262983,105.42702515069796,41.70739456511128,62.56109184766692,1.1154772174039709,0.9981310335652203,0.4149434993759893,0.8692745715404279
10770,right Supramammillary nucleus,2,2,15.615468332356535,50.750272080158744,15.615468332356535,50.750272080158744,1.7004397180771307,1.2362450755382013,0.41036933351624744,0.8692745715404279
10844,right Anterior pretectal nucleus,3,3,17.248137165861326,8.885403994534622,18.816149635485083,9.408074817742541,-0.9569312780293908,-0.9561828874675151,0.40880428749107306,0.8692745715404279
10671,right Suprageniculate nucleus,3,2,66.0247561487242,33.0123780743621,44.016504099149465,33.0123780743621,-0.9999999999781495,-0.9332565252573828,0.4203423718027425,0.8705389503821167
300,"left Retrosplenial area, lateral agranular part, layer 2/3",3,3,276.0983531586728,189.38154187779003,278.0918430731759,197.35550153580223,-0.5438865577158477,-0.9963211017061304,0.4211824906050625,0.8705389503821167
598,"left Central amygdalar nucleus, medial part",3,3,33.83275439931839,83.69155035620865,29.38107618888176,45.40711774645363,1.3066613382086485,0.9589828433510386,0.4228856228937364,0.8705389503821167
10569,right Posterior amygdalar nucleus,3,3,99.41103663477564,64.20296115995926,107.6952896876736,66.27402442318375,-0.6307661903263229,-0.9903379376602874,0.4202810827128245,0.8705389503821167
698,left Central medial nucleus of the thalamus,3,2,27.20394327984498,16.32236596790699,16.32236596790699,16.32236596790699,-0.736965594130851,-1.0,0.4226497308103742,0.8705389503821167
10867,right Pedunculopontine nucleus,2,3,4.492961982531031,23.962463906832166,4.492961982531031,4.492961982531031,2.415037499017949,0.993408935871131,0.42287999037977236,0.8705389503821167
10214,"right Postrhinal area, layer 1",3,3,430.9226727991045,295.26183136234937,327.1820293474682,247.38153438467106,-0.5454341365329805,-0.9014203100913432,0.4218524139373349,0.8705389503821167
1196,"left corpus callosum, posterior forceps",3,3,233.80334400976759,304.23782421354696,269.9988407811542,255.32499073870017,0.37990396214842553,0.898509569870094,0.4204408608974244,0.8705389503821167
10809,"right Superior colliculus, optic layer",3,3,89.0139527206191,52.78734405525088,111.78496388170772,27.94624097042693,-0.7538394127194793,-0.8918825850158443,0.4239812744311667,0.8709052585176995
11243,right cingulum bundle,3,3,124.2421940017482,89.49649567922542,124.7686439763319,96.34034534881324,-0.47325211321963107,-0.9714289355256146,0.42754821612670246,0.8718144030606345
10336,"right Retrosplenial area, ventral part, layer 5",3,3,174.45202860579957,219.45905881688486,135.02109063325582,228.22148947745012,0.3311214489682883,0.8851657692073839,0.42873999762050746,0.8718144030606345
809,"left Superior colliculus, optic layer",3,3,52.95949904219119,98.65004723545415,40.49844044402855,62.30529299081316,0.897430266346835,0.9498123619079598,0.42872194359171106,0.8718144030606345
236,"left Anterior cingulate area, ventral part, 6a",3,3,110.35433564990647,185.76313167734259,126.90748599739244,110.35433564990647,0.7513208871379693,0.9361804234189632,0.42901720361361045,0.8718144030606345
10137,"right Primary auditory area, layer 1",3,3,625.3726102433974,346.2515017166833,434.580966440327,339.1851445387918,-0.8528957059659293,-0.9864601408944791,0.4276818358791101,0.8718144030606345
10235,"right Anterior cingulate area, ventral part, layer 5",3,3,151.20532849314117,121.0980728197281,136.48622571947254,112.4004211807421,-0.32033307532961,-0.8907835302730079,0.43252923850403846,0.875048644243132
11100,right Vestibulocerebellar nucleus,2,2,94.08305323067006,305.76992299967765,94.08305323067006,305.76992299967765,1.7004397181304758,1.0533703247651751,0.451570657364742,0.875048644243132
19,"left Primary motor area, Layer 1",3,3,473.9625965076155,379.17007720609246,540.1668957023301,312.9657780113779,-0.32192809488660123,-0.8619629674437741,0.43731734542178413,0.875048644243132
1108,"left lateral olfactory tract, body",3,3,113.48693140655568,159.1764752195846,84.00980636589188,154.75490646348504,0.48810096146491816,0.9079438301532067,0.45436681107628574,0.875048644243132
10265,"right Orbital area, medial part, layer 1",3,3,358.6993113677799,256.6555417545322,454.55861009537625,278.301189854312,-0.4829415637790483,-0.8182516807777446,0.4647255181228014,0.875048644243132
10269,"right Orbital area, medial part, layer 6a",3,3,118.00200579312708,200.2458280125793,96.54709564892217,150.18437100943447,0.7629608026941291,0.8565647611324374,0.44001418612731014,0.875048644243132
10280,"right Agranular insular area, dorsal part, layer 1",3,3,250.53740352789455,199.85064558872514,243.29643810801323,165.0940115732947,-0.32610377085709513,-0.8172753093650325,0.4601046448540571,0.875048644243132
1002,left Lateral vestibular nucleus,2,3,125.42187754849631,27.871528344110292,125.42187754849631,20.90364625808272,-2.169925001402053,-1.1573278467550652,0.4489354492022351,0.875048644243132
978,left Intermediate reticular nucleus,3,3,30.742094421243635,5.043624865985284,2.161553513993693,4.323107027987386,-2.6076825769821252,-0.8950919746635358,0.46373683261955906,0.875048644243132
10115,"right Visceral area, layer 1",3,3,237.65835481056706,137.80190320948847,323.53490318749465,137.80190320948847,-0.7862933065253755,-0.8993329423434252,0.45371013060221904,0.875048644243132
11140,right lateral lemniscus,3,3,23.983510196800925,33.5769142755213,31.178563255841205,31.178563255841205,0.4854268271530551,0.8280786712108252,0.45643935635608446,0.875048644243132
1299,left third ventricle,3,3,189.2193888852853,224.6018762378183,203.06471002323298,212.2949241151981,0.24731005353957616,0.8512681917272452,0.4426939641570456,0.875048644243132
10669,right Posterior complex of the thalamus,3,3,43.660200420407385,19.700334336037475,39.933110140616506,22.36254167874524,-1.1480986389489458,-0.9080261013051698,0.4485864556054983,0.875048644243132
10338,"right Retrosplenial area, ventral part, layer 6b",3,3,83.27911120385617,124.91866680578426,83.27911120385617,166.55822240771235,0.5849625007153815,0.8660254037844385,0.44653902333461304,0.875048644243132
878,"left Interpeduncular nucleus, rostrolateral",2,3,155.08884562236676,310.17769124473347,155.08884562236676,206.785127496489,0.9999999999953486,0.9332565252573826,0.43486017055649295,0.875048644243132
806,left Midbrain,3,3,51.07077662634117,78.78360115226273,39.78769806935882,70.3707794211794,0.6253973651104581,0.8291102620284271,0.4568440128943238,0.875048644243132
10361,"right Temporal association areas, layer 1",3,3,541.7307662663283,318.2194710935075,450.8109173824689,310.64281701985254,-0.7675539139977586,-0.9367833395241851,0.4474908955673239,0.875048644243132
669,left Posterior complex of the thalamus,3,3,72.9335594501898,27.682810886203423,30.344619625261448,28.747534381826632,-1.3975923647871007,-0.9309794029689377,0.4479611932110871,0.875048644243132
608,left Pallidum,3,3,31.33516096119736,51.436962332531515,15.963195206647711,51.436962332531515,0.715023041267536,0.8572639396208086,0.44866779432676585,0.875048644243132
282,"left Agranular insular area, dorsal part, layer 5",3,3,252.80020897184855,200.207158503929,250.5904169353813,172.36377884444218,-0.33650409673065523,-0.8466374063036556,0.4569489150291243,0.875048644243132
289,"left Agranular insular area, posterior part, layer 6a",3,3,221.6013458276303,132.9608074965782,183.39421723665956,123.7910966347452,-0.7369655941618656,-0.9055869710123284,0.434289760245604,0.875048644243132
10641,right Thalamus,3,3,27.533424860308667,39.85100966623623,26.084297236081895,45.64752016314331,0.5334322000648783,0.9503288904374106,0.4401178067317536,0.875048644243132
368,"left Perirhinal area, layer 1",3,3,503.0881288277855,305.4463639311555,619.8764444485214,170.69061513799866,-0.7198920808054091,-0.8691737796972568,0.4340982404028495,0.875048644243132
10750,"right Periventricular hypothalamic nucleus, preoptic part",2,2,27.56838120187953,110.2735248075181,27.56838120187953,110.2735248075181,1.9999999999607514,1.176696810829104,0.4370775485707078,0.875048644243132
228,"left Anterior cingulate area, dorsal part, layer 2/3",3,3,394.57458051888574,290.45073288195755,292.6428138848402,266.33784185024786,-0.44200454687780255,-0.8729936342793777,0.4610956826771945,0.875048644243132
10054,"right Primary somatosensory area, barrel field, layer 4",3,3,452.1535548247746,377.3143457503291,484.89570879484444,338.3355910240554,-0.2610458527397071,-0.8125872575937115,0.46211655168073673,0.875048644243132
10050,"right Primary somatosensory area, nose, layer 6b",3,2,124.03100186078154,74.41860111646892,148.83720223293784,74.41860111646892,-0.7369655941584518,-0.8528028654224419,0.45791384807723784,0.875048644243132
118,"left Visceral area, layer 5",3,3,283.9036620539562,210.33394231904398,282.9604605188932,203.73153157360312,-0.4327197768376198,-0.8941333098712337,0.43631388790354436,0.875048644243132
113,"left Gustatory areas, layer 6b",2,3,274.14328915957805,132.9179583804015,274.14328915957805,149.53270317795167,-1.0443941193528619,-1.1233916207736523,0.45799037184825075,0.875048644243132
11067,right Simple lobule,3,3,79.70417783094166,113.0605518130538,69.52170577324426,95.8556852328065,0.5043683908183617,0.8592682752853832,0.4514942739292381,0.875048644243132
10846,right Nucleus of the optic tract,3,3,133.0089150125048,74.61475720213683,165.45011379604253,87.59123671555193,-0.8339900485525821,-0.8793575437428566,0.4607868540842453,0.875048644243132
202,"left posteromedial visual area, layer 4",3,3,371.6608418127949,317.601083003661,405.4481910685035,304.0861433013776,-0.2267708618463618,-0.8340576562283005,0.45134746870425,0.875048644243132
10975,right Gigantocellular reticular nucleus,3,3,24.67898908819652,6.106141630069243,9.159212445103863,3.816338518793277,-2.01495034128816,-0.9454245473010433,0.4410918980071419,0.875048644243132
142,"left Primary auditory area, layer 6b",3,3,281.50696693129754,183.59150017258537,293.74640027613657,110.15490010355123,-0.6166713604457609,-0.8251369970070346,0.45761764004011757,0.875048644243132
10911,right Pontine central gray,2,3,20.199700635883044,61.21121404813044,20.199700635883044,29.38138274310261,1.5994620703684188,0.8987824928245732,0.4612870567399626,0.875048644243132
7,"left Frontal pole, layer 1",3,3,210.3878927027064,720.5785325067695,181.45955745608427,268.24456319595066,1.7761039880683094,0.9477520193673014,0.44265042257930004,0.875048644243132
49,"left Primary somatosensory area, nose, layer 6a",3,3,297.43548498580674,383.60063941066437,213.7558638616661,347.9746621003867,0.36702834943609547,0.8242554124327135,0.464376881837461,0.875048644243132
10281,"right Agranular insular area, dorsal part, layer 2/3",3,3,221.9669736699129,164.31321427513032,207.55353382121726,151.34111841130425,-0.4338965265278793,-0.8681815785462464,0.4664587707261664,0.8765730166715483
1106,left olfactory nerve layer of main olfactory bulb,3,3,60.65876382813027,81.14722927007853,53.72172434778558,94.85998173122499,0.41982573812188484,0.8266995847282317,0.4683982028394434,0.87823538982142
527,left Postsubiculum,3,3,230.18029954817177,292.5079409807867,209.19871728372718,281.4000444878454,0.34571142864168625,0.7989246307608385,0.46919424935664905,0.87823538982142
11285,right stria medullaris,3,3,68.94428727626087,137.88857455252173,66.4819913021087,96.02954299193478,0.9999999999895371,0.7649017105914143,0.5120642044840363,0.8811425741955907
11246,right dorsal fornix,2,2,105.26315289500579,289.4736704612659,105.26315289500579,289.4736704612659,1.4594316186285754,0.9999999999999999,0.5000000000000001,0.8811425741955907
11230,right rubrospinal tract,3,2,9.394322593737844,44.035887158146146,7.045741945303383,44.035887158146146,2.2288186903750717,1.032548401840781,0.48847505587322765,0.8811425741955907
25,"left Secondary motor area, layer 1",3,3,387.3530332953141,337.8245227557063,345.2681139350693,379.623150147514,-0.19737497972678744,-0.7109175496283306,0.5177666372360117,0.8811425741955907
11201,right internal capsule,3,3,41.60711252273596,27.632204499832273,26.679369861907027,38.11338551701004,-0.5904795056711857,-0.7036623231079219,0.5275127824425493,0.8811425741955907
11199,"right corpus callosum, splenium",3,3,171.7272746817861,145.92369454825345,202.86952656708408,144.144137297665,-0.23490503264851134,-0.7725782923982695,0.5133237207857707,0.8811425741955907
11189,right supra-callosal cerebral white matter,3,3,149.83794576848555,94.73225496933178,117.0221973150569,94.73225496933178,-0.6614753945763419,-0.7658765847889345,0.49930283521965635,0.8811425741955907
11180,right inferior cerebellar peduncle,2,3,16.634177247605784,25.875386829609,16.634177247605784,33.26835449521157,0.6374299205843166,0.7905694150420951,0.4896983019342005,0.8811425741955907
10023,"right Primary motor area, Layer 6b",3,3,156.3813995503479,87.28264160949651,109.10330201187062,109.10330201187062,-0.841302253973638,-0.8308119919485896,0.47228063304834306,0.8811425741955907
1287,left habenular commissure,3,3,240.49512562395668,367.81607448369846,212.20158143290294,381.9628465792253,0.6129768768886763,0.722897396012249,0.524670449521232,0.8811425741955907
1243,left cingulum bundle,3,3,123.56740916588863,166.86880895906327,144.1619773602034,125.15160671929745,0.4334160285906685,0.7731721435648321,0.4870445169940033,0.8811425741955907
1188,left arbor vitae,3,3,89.6168001000708,54.98555011522105,90.0026636096513,61.64169565548465,-0.7047166773204098,-0.7446546354295375,0.5231699054985187,0.8811425741955907
10234,"right Anterior cingulate area, ventral part, layer 2/3",3,3,179.48564097664976,133.65951987622853,217.67407522700077,110.74645932601794,-0.4253058347299153,-0.7353066331851005,0.5040622662056127,0.8811425741955907
10248,"right Infralimbic area, layer 2/3",3,3,363.5568977418058,503.3864737963465,377.53985534725985,545.3353466127087,0.46948528330011774,0.8352690695845567,0.47742239052482316,0.8811425741955907
1076,left Crus 2,3,3,116.58057455379843,136.79309027621312,117.36299451724673,124.40477418828154,0.2306679413921209,0.7793078408671226,0.5127300427291669,0.8811425741955907
1058,left Uvula (IX),3,3,103.92636781365616,61.43882332513201,54.10284442063864,44.01587342696025,-0.7583392449491736,-0.7561721956435181,0.5069482049802632,0.8811425741955907
10275,"right Orbital area, ventrolateral part, layer 5",3,3,155.13583749559825,127.12520017000413,151.90384088110662,138.9758544231401,-0.2872819520784217,-0.7419491891959541,0.5187526167308968,0.8811425741955907
1008,left Nucleus y,2,2,683.5780716706363,128.1708884382443,683.5780716706363,128.1708884382443,-2.4150374992696984,-1.0795912380986197,0.4737098364813394,0.8811425741955907
849,left Posterior pretectal nucleus,3,3,27.78380593017725,106.5045893990128,13.891902965088626,13.891902965088626,1.9385994552974768,0.8405958999380528,0.48574685242196214,0.8811425741955907
832,"left Superior colliculus, motor related, deep white layer",2,3,72.49386100830273,18.123465252075682,72.49386100830273,18.123465252075682,-1.9999999999402973,-0.9918697838003707,0.4983511905999236,0.8811425741955907
822,"left Substantia nigra, reticular part",2,3,19.380235276116863,61.155409093524334,19.380235276116863,10.336125480595662,1.6578940231241566,0.7768954997209659,0.5135525224008912,0.8811425741955907
817,left Nucleus sagulum,2,3,102.04081147985217,27.210883061293913,102.04081147985217,20.408162295970435,-1.9068905955696378,-0.9135002783911398,0.5270717858415639,0.8811425741955907
804,left Fields of Forel,2,3,62.00748962682144,35.8265495621635,62.00748962682144,41.33832641788096,-0.7914133781715803,-0.8557169633109853,0.525676082415314,0.8811425741955907
774,"left Tuberomammillary nucleus, dorsal part",2,2,57.70964559076964,115.41929118153928,57.70964559076964,115.41929118153928,0.9999999999875006,1.0,0.5000000000000001,0.8811425741955907
751,left Subparaventricular zone,2,2,138.72831711018065,27.745663422036127,138.72831711018065,27.745663422036127,-2.321928094845765,-0.9203579866168445,0.5249404255752699,0.8811425741955907
732,"left Periventricular hypothalamic nucleus, intermediate part",2,2,118.9975691256068,67.25949559273428,118.9975691256068,67.25949559273428,-0.8231222379065948,-0.827605888602368,0.5253842129871946,0.8811425741955907
10082,"right Primary somatosensory area, upper limb, layer 4",3,3,393.6697334665164,354.17535891162316,370.73751598303,336.33918975780045,-0.1525219551804584,-0.7678349771580084,0.4982416097973229,0.8811425741955907
10070,"right Primary somatosensory area, lower limb, layer 6a",3,3,139.00406084622594,111.20324867698075,159.2228333329497,94.77549603151768,-0.3219280948847675,-0.7462988847080344,0.497739216855103,0.8811425741955907
677,"left Anteromedial nucleus, dorsal part",2,3,16.357826699083272,24.536740048624907,16.357826699083272,24.536740048624907,0.5849625006917575,0.8660254037844386,0.4777670321329065,0.8811425741955907
10432,"right Cortical amygdalar area, posterior part, lateral zone",3,3,78.75557492389777,49.36088850864015,46.58780488455924,54.90705575680197,-0.6740136885273756,-0.7885891988275113,0.4913633647437663,0.8811425741955907
611,"left Globus pallidus, internal segment",2,3,122.7591236417739,37.772038043622736,122.7591236417739,51.936552309981266,-1.7004397181146498,-0.9863939238321437,0.49731969010321814,0.8811425741955907
564,"left Basolateral amygdalar nucleus, posterior part",3,3,119.01309925969304,84.33999160135727,109.64198908176445,56.22666106757151,-0.49683159043750746,-0.768667832926497,0.48708085456821315,0.8811425741955907
10563,"right Basolateral amygdalar nucleus, anterior part",3,3,52.80527801993669,33.76075152094313,38.95471329339592,12.984904431131973,-0.6453351186852261,-0.7107877367263622,0.521182178224172,0.8811425741955907
10554,right Area prostriata,3,3,254.01741291061896,295.32105728632934,241.62631959790582,254.01741291061896,0.21735683143835516,0.743294146247166,0.5283141461720665,0.8811425741955907
10599,right Intercalated amygdalar nucleus,3,3,95.00970200777924,51.15907031188112,65.77594754384717,32.88797377192358,-0.893084796070473,-0.7574332837173638,0.5075586202901015,0.8811425741955907
457,left Field CA1,3,3,268.8658420578329,217.9269650101988,260.180110458685,166.53094419418846,-0.30304176213769535,-0.7164549504832076,0.5137662960989767,0.8811425741955907
376,left Ectorhinal area/Layer 5,3,3,230.43323188348245,172.51012441550327,264.43157757120935,162.43654050802863,-0.4176677553214136,-0.7504767360694274,0.5240308034887127,0.8811425741955907
371,"left Perirhinal area, layer 6a",3,2,124.82932896462542,262.14159082571337,149.7951947575505,262.14159082571337,1.0703893278853438,0.8778955729143844,0.5221358661998101,0.8811425741955907
10693,right Parataenial nucleus,2,2,17.426820138914447,26.14023020837167,17.426820138914447,26.14023020837167,0.5849625006935608,0.9999999999999998,0.5000000000000001,0.8811425741955907
10679,right Anterodorsal nucleus,3,2,141.83287033278262,187.71997544044763,112.63198526426856,187.71997544044763,0.4043902550768493,0.7980238751210135,0.5020993440463917,0.8811425741955907
10794,right Lateral hypothalamic area,3,2,15.131849612787994,73.88849970499669,13.522078377385014,73.88849970499669,2.2877614916603544,1.0548736439391146,0.48138807557984403,0.8811425741955907
326,"left Retrosplenial area, dorsal part, layer 1",3,3,329.01994625422486,253.58610491789037,296.11795162880236,296.11795162880236,-0.3756993513270388,-0.7458438523765732,0.5044930460982,0.8811425741955907
10098,"right Primary somatosensory area, unassigned, layer 6a",3,3,113.05422533150198,169.58133799725297,115.31530983813202,183.14784503703322,0.5849625007169023,0.7744727635109873,0.5118087269411791,0.8811425741955907
284,"left Agranular insular area, dorsal part, layer 6b",2,3,535.3159597039688,66.08839008690974,535.3159597039688,39.65303405214584,-3.017921907978127,-1.027260828879674,0.4905334811046652,0.8811425741955907
10814,"right Inferior colliculus, dorsal nucleus",3,3,99.82275314594766,156.28814886486754,102.84768505946123,128.55960632432652,0.646767785189406,0.7692373007157747,0.5188440810885406,0.8811425741955907
273,"left Orbital area, ventrolateral part, layer 1",3,3,178.15252383376082,302.68632690202077,186.80070460238997,191.98961306356748,0.7647105846457783,0.764876165817119,0.5191472701305397,0.8811425741955907
10813,"right Inferior colliculus, central nucleus",3,2,22.500392133061364,46.1850154310207,26.64520121020425,46.1850154310207,1.0374747053857813,1.0095089302501377,0.4887045940205023,0.8811425741955907
248,"left Infralimbic area, layer 2/3",3,3,223.58077540668407,470.451214918231,209.6069769437663,223.58077540668404,1.0732489820272524,0.8287322040410096,0.4866672592490534,0.8811425741955907
127,"left Dorsal auditory area, layer 6a",3,3,299.85886241566766,238.44198698113328,249.28025911663937,238.4419869811333,-0.33064531198723235,-0.7190233885442836,0.5201652276767361,0.8811425741955907
219,"left Postrhinal area, layer 6b",3,3,327.57516038471437,225.20792276449114,368.5220554328037,184.26102771640186,-0.5405683813607007,-0.7808688094430302,0.4839339920554981,0.8811425741955907
10948,right Nucleus of the solitary tract,3,3,6.265985922107258,19.58120600658518,7.049234162370666,2.3497447207902216,1.6438561896181598,0.7671992600910912,0.5211941698163386,0.8811425741955907
10871,"right Interpeduncular nucleus, rostral",3,3,32.52032365861955,65.0406473172391,24.390242743964663,24.390242743964663,0.9999999999778189,0.7844645405527362,0.5096085071914894,0.8811425741955907
10848,right Olivary pretectal nucleus,3,3,194.66808880350263,549.6510742687133,206.1191528507675,240.47234499256209,1.4974996594660304,0.8519570503904346,0.48386115380543865,0.8811425741955907
184,"left Lateral visual area, layer 6b",3,3,358.97434192399265,239.31622794932844,256.41024423142335,256.41024423142335,-0.5849625007191468,-0.8029550685469662,0.4773547594633399,0.8811425741955907
10987,"right Medullary reticular nucleus, ventral part",3,2,17.746424916027035,45.785776283349755,21.295709899232442,45.785776283349755,1.3673710655987443,0.9559794021667575,0.5043970356537577,0.8811425741955907
10954,"right Spinal nucleus of the trigeminal, caudal part",3,2,18.64177702455207,12.493956941987028,21.41821190054919,12.493956941987028,-0.5773089281396396,-0.7816230037719133,0.49210651606077077,0.8811425741955907
11129,right spinal tract of the trigeminal nerve,3,3,21.665675608156903,33.52047924280879,18.395384950321898,26.979897927138783,0.6296315500313344,0.7528024908941892,0.4995541160738488,0.8811425741955907
11046,right Declive (VI),3,3,94.31851369244045,119.44353002488758,99.90185065520647,125.62508166223569,0.34071581944617274,0.7249045189755265,0.5094688594210213,0.8811425741955907
10109,"right Gustatory areas, layer 2/3",3,3,315.0667035219853,189.04002211319118,278.58529574575545,208.93897180931657,-0.7369655941631533,-0.7562657043825994,0.5170098054641221,0.8811425741955907
11174,right superior cerebelar peduncles,2,2,13.609299041713198,58.97362918075719,13.609299041713198,58.97362918075719,2.115477217338391,0.8944271909999157,0.527862112653992,0.8811425741955907
50,"left Primary somatosensory area, nose, layer 6b",3,3,386.29281654304174,186.91587897243957,149.53270317795167,224.2990547669275,-1.0473057147743727,-0.7460038465922507,0.52271290458585,0.8811425741955907
11114,right brachium of the superior colliculus,3,3,280.08751404885464,130.04063152268253,100.03125501744809,90.02812951570328,-1.1069152039105685,-0.7389969586232197,0.5273765655943755,0.8811425741955907
10619,right Triangular nucleus of septum,3,3,109.16449322490986,149.8698974782661,111.01473887278969,155.4206344219056,0.45720695351919394,0.6854946481347317,0.5325499274182752,0.8866489142455144
141,"left Primary auditory area, layer 6a",3,3,256.9204332187935,225.64316308780997,241.28179815330174,214.47270946960154,-0.18727856819180205,-0.6864064729836435,0.5347534833935512,0.8869367643504046
265,"left Orbital area, medial part, layer 1",3,3,228.6235355421201,171.87301253521085,204.3018828248733,116.74393304278475,-0.4116308978335109,-0.6845658853722227,0.5350975207093703,0.8869367643504046
1246,left dorsal fornix,2,2,298.5580859040696,81.42493251929173,298.5580859040696,81.42493251929173,-1.8744691179032547,-0.8834522085987723,0.5364612252235325,0.8869367643504046
10239,"right Prelimbic area, layer 1",3,3,209.22445735135497,238.2133881891933,223.08872862162545,204.18290416216567,0.18720299287330883,0.7064393843590434,0.5364482092202437,0.8869367643504046
10681,right Interanterodorsal nucleus of the thalamus,3,3,41.2865154106666,29.490368150476144,35.38844178057137,35.38844178057137,-0.4854268271562642,-0.7071067811865477,0.538386246627506,0.8885713879121794
651,left Posterior triangular thalamic nucleus,2,3,32.211160532461115,16.702083239053913,32.211160532461115,14.316071347760497,-0.9475325800642745,-0.8173029975005109,0.540000871782718,0.8896889363225684
10775,"right Tuberomammillary nucleus, ventral part",2,2,92.40542442992097,27.721627328976293,92.40542442992097,27.721627328976293,-1.7369655941297766,-0.8682431421244591,0.5412492992483426,0.8900013763444289
76,"left Primary somatosensory area, mouth, layer 5",3,3,451.76854982403864,520.7659283426191,371.2716082190281,547.0506439687449,0.2050512217269622,0.6813299687492027,0.5420661702076711,0.8900013763444289
11014,right Cerebellum,3,3,64.52669611722007,85.4978723553166,60.49377760989382,65.33327981868533,0.405992359670353,0.6762949288975216,0.5430609541223256,0.8900947244595631
505,"left Entorhinal area, lateral part, layer 6a",3,3,164.156394123715,132.34313944857647,145.06844131863187,133.61566963558198,-0.3107875372800489,-0.7145044736336893,0.5462304456269212,0.8906211368707768
1201,left internal capsule,2,3,108.0984501767691,62.54154092459181,108.0984501767691,77.14514946535945,-0.7894591685459736,-0.7484599739078568,0.549776246988051,0.8906211368707768
1217,left auditory radiation,3,3,113.43207462239347,142.6003223824375,111.81161641350212,131.25711492019815,0.3301486016897291,0.6671243849949909,0.5508899972003646,0.8906211368707768
670,left Posterior limiting nucleus of the thalamus,3,2,16.252729178770696,53.63400628994331,19.50327501452484,53.63400628994331,1.7224660244092238,0.8495243834260855,0.5504314817423418,0.8906211368707768
557,left Claustrum,3,3,128.01207053075393,205.30237726630352,79.70562882103548,112.31247697509545,0.6814704815702601,0.6742073443866862,0.5489312755014965,0.8906211368707768
1295,left subependymal zone,3,3,300.33078041156733,393.87643332664567,324.94805749448267,457.8813537422256,0.39119075732333525,0.6984538909891174,0.5465654747151438,0.8906211368707768
10991,"right Paragigantocellular reticular nucleus, dorsal part",2,2,25.117738210425152,121.40240135038822,25.117738210425152,121.40240135038822,2.273018494360862,0.8426548012644085,0.5493917227146082,0.8906211368707768
11202,right cerebal peduncle,3,3,68.73192569038599,139.7297390408946,36.25420256196184,86.10373108465937,1.0235868203069505,0.6825226732452809,0.5454848268787209,0.8906211368707768
554,left Area prostriata,3,3,333.1393310891138,262.7869257659468,310.37825877867743,242.09504184736838,-0.34223219134129224,-0.6393508022779122,0.5602085917784861,0.8933163430954423
659,"left Medial geniculate complex, dorsal part",3,2,46.486287968159296,104.59414792835841,34.86471597611947,104.59414792835841,1.1699250014250708,0.8075728530872482,0.5543977149623583,0.8933163430954423
692,left Paraventricular nucleus of the thalamus,3,2,33.772275386140706,23.026551399641388,36.842482239426225,23.026551399641388,-0.5525410230088434,-0.6614378277661478,0.5556237235026106,0.8933163430954423
11301,right fourth ventricle,3,3,55.162221107079084,94.56380761213558,59.102379757584735,39.40158650505649,0.7776075786526548,0.6825236327899351,0.5629116682519225,0.8933163430954423
10399,"right Taenia tecta, dorsal part",3,3,96.06724251000189,122.60009996514528,115.28069101200226,123.51502608428815,0.3518436727883998,0.6442853812692599,0.5625950001115838,0.8933163430954423
11242,"right anterior commissure, temporal limb",3,2,28.144237889253862,18.762825259502577,28.144237889253866,18.762825259502577,-0.5849625006955257,-0.6546536707079769,0.5611508812400859,0.8933163430954423
10128,"right Dorsal auditory area, layer 6b",3,2,132.91795838040147,99.6884687853011,132.91795838040147,99.6884687853011,-0.41503749927522565,-0.6546536707079772,0.5611508812400856,0.8933163430954423
10565,"right Basolateral amygdalar nucleus, ventral part",3,3,52.564770145732545,35.04318009715503,52.564770145732545,38.22892374235094,-0.5849625007074333,-0.6682024131538657,0.5613777684441077,0.8933163430954423
92,"left Primary somatosensory area, trunk, layer 6b",3,3,310.30301556442873,155.15150778221437,116.36363083666078,174.54544625499116,-0.9999999999953508,-0.6761234037828132,0.5628157854860745,0.8933163430954423
10175,"right Anteromedial visual area, layer 5",3,3,452.4006027662326,326.08095394189496,431.8369390041312,211.5119701244724,-0.47237067434355995,-0.6445972525364406,0.5547521718130124,0.8933163430954423
10677,"right Anteromedial nucleus, dorsal part",2,3,16.33277962489812,24.49916943734718,16.33277962489812,24.49916943734718,0.5849625006917126,0.6546536707079772,0.5611508812400857,0.8933163430954423
10845,right Medial pretectal area,2,3,679.4054878998244,241.5663956977153,679.4054878998244,226.46849596660812,-1.4918530963258263,-0.7872416702069596,0.5659401633121813,0.8951286916387667
565,"left Basolateral amygdalar nucleus, ventral part",3,3,160.76002121357132,70.03406864749643,38.20040108045259,71.62575202584861,-1.1987798641028715,-0.6730614475767914,0.5658168827051292,0.8951286916387667
10330,"right Retrosplenial area, dorsal part, layer 6a",3,3,178.4002661574067,145.8839614883227,203.0071994204973,152.91451384920575,-0.29029648583644907,-0.6587218089247465,0.568671613230205,0.8964607324841604
693,left Parataenial nucleus,3,2,57.96313631314883,43.472352234861624,60.861293128806274,43.472352234861624,-0.41503749927054717,-0.6741998624632419,0.5682214203061862,0.8964607324841604
11020,right Lingula (I),3,3,98.00918370622246,130.6789116082966,81.67431975518538,163.34863951037076,0.4150374992751635,0.6123724356957944,0.5744878647171786,0.9040857022889616
1300,left cerebral aqueduct,3,3,208.41937056129427,299.92055763698437,274.50356122707046,330.4209533288811,0.5250910447416454,0.6108425319575972,0.5754138716359671,0.9040857022889616
795,left Lateral preoptic area,2,3,14.426598356757005,10.819948767567753,14.426598356757005,7.213299178378502,-0.4150374992455096,-0.6546536707079772,0.5799159747915971,0.9081522443518575
10588,"right Lateral septal nucleus, rostral (rostroventral) part",3,3,46.01362492711499,35.74904705875857,56.27820279547141,44.59782108320376,-0.3641563302676571,-0.6031204898355845,0.5791071129162828,0.9081522443518575
10703,right Reticular nucleus of the thalamus,3,3,35.92400520216418,29.476106832544968,35.92400520216418,27.633850155510906,-0.2854022188534634,-0.5985967747326182,0.582068308006918,0.9085243820700086
1029,left Lobule III,3,3,131.6616032576783,95.26535300648338,159.01985848005302,77.67790322067106,-0.4668111489987082,-0.6329603682167342,0.5812725277580212,0.9085243820700086
10250,"right Infralimbic area, layer 6a",3,3,130.10112712336894,178.8890497946323,107.33342987677938,185.39410615080075,0.45943161863427323,0.5910828046793256,0.5863769528483316,0.9093950277898358
10617,right Medial septal nucleus,2,3,37.39955994750227,12.466519982500756,37.39955994750227,14.02483498031335,-1.5849625006440056,-0.7559289460184544,0.5847351040996727,0.9093950277898358
1142,left brachium of the inferior colliculus,3,3,208.4429313496486,363.4389572250284,120.25553731710497,176.37478806508727,0.8020606223851395,0.6010120674393936,0.5864591749287456,0.9093950277898358
593,left Anterior amygdalar area,2,3,22.257349559335943,44.51469911867188,22.257349559335943,16.187163315880685,0.9999999999675903,0.6426268616206844,0.5859114373126609,0.9093950277898358
365,"left Temporal association areas, layer 6a",3,3,248.69969524783951,353.2811055571874,179.8290104099763,244.87354609018047,0.5064118522978605,0.6031368624744867,0.5879230715626179,0.9101778057307086
427,"left Cortical amygdalar area, anterior part",2,3,41.69550679435694,68.62385493237913,41.69550679435694,46.907445143651564,0.7188182474423694,0.6042529110787241,0.58945314030736,0.9110603096932974
109,"left Gustatory areas, layer 2/3",3,3,308.3138936697842,261.9010494614295,313.2866984063936,288.42267472334646,-0.23537806293009952,-0.6257862187747448,0.5919132578770965,0.9130621929148908
174,"left Anteromedial visual area, layer 4",3,3,441.9126322124177,364.57792157524455,430.86481640710724,430.86481640710724,-0.2775339755282167,-0.5813183589761801,0.5929489746882947,0.9130621929148908
890,left Parabrachial nucleus,3,3,32.43433655217158,21.152828186198857,29.613959460678398,25.383393823438627,-0.6166713604247712,-0.6008926129509436,0.5936347450247499,0.9130621929148908
660,"left Medial geniculate complex, ventral part",3,3,69.77180977575036,98.64290347606084,64.95996082569862,72.17773425077624,0.4995710094844595,0.6084241518760723,0.5974257035494455,0.9150580552267367
596,"left Central amygdalar nucleus, capsular part",3,3,49.587331314931966,73.30301150902987,71.1470405822937,90.55077892291925,0.5639008851839142,0.5805577953661857,0.5983732665625202,0.9150580552267367
10156,"right Ventral auditory area, layer 6b",3,3,114.46455973201608,200.3129795310282,128.7726296985181,85.84841979901208,0.8073549220522026,0.6060915267313266,0.5987893069502671,0.9150580552267367
1293,left lateral ventricle,3,3,249.80262326252696,310.9979895140254,194.883704831695,294.67922518029246,0.3161166266417029,0.5796131837337193,0.5962146764468085,0.9150580552267367
10261,"right Orbital area, lateral part, layer 5",3,3,158.36393295369146,134.6369325459955,144.01737456764275,147.32811881057705,-0.23416958911119634,-0.5729260639988033,0.6011868969459652,0.915679235992483
1192,"left corpus callosum, anterior forceps",3,3,259.0966611888377,339.4790590877844,299.67806595335446,379.28005222221424,0.3898321593878477,0.565141267681812,0.6040202336473071,0.915679235992483
575,left Nucleus accumbens,3,3,25.61151638906867,17.882597242071615,28.187822771401024,13.639269082935979,-0.518236386895997,-0.5767223731156733,0.6013960916851486,0.915679235992483
10,"left Frontal pole, layer 6a",3,3,136.67594522597554,172.3305396327518,160.44567483049303,196.10026923726926,0.3344190390683756,0.5720775535473558,0.6033278832829064,0.915679235992483
153,"left Ventral auditory area, layer 4",3,3,440.2810095327391,343.4816386425625,309.1334747783062,318.5011558321943,-0.3581916388732104,-0.5935256753272995,0.6037323559815694,0.915679235992483
10267,"right Orbital area, medial part, layer 2/3",3,3,248.95271109578766,189.37428450876155,236.1859053985678,114.90125127497892,-0.3946312886151836,-0.5794481610171957,0.6065827958634077,0.9180974055412662
10242,"right Prelimbic area, layer 5",3,3,253.24887671876454,181.2800270346116,162.94833890751605,167.02204738020393,-0.48233588856542225,-0.5998377305015625,0.6075715033755963,0.9181295488908294
154,"left Ventral auditory area, layer 5",3,3,447.79924113029136,333.092046358,274.63549517596687,307.7241090525894,-0.42693117785898776,-0.5839564260370212,0.6089514068059444,0.9187518045450576
205,"left posteromedial visual area, layer 6b",2,2,454.1484500448289,279.47596925835626,454.1484500448289,279.47596925835626,-0.7004397181391067,-0.6201736729460423,0.6121433782388205,0.9191836486529125
10826,right Midbrain reticular nucleus,3,3,12.066437820530346,24.781608857218234,12.066437820530346,6.6170788048069635,1.0382700168663708,0.594616845866365,0.6121177945009292,0.9191836486529125
269,"left Orbital area, medial part, layer 6a",3,3,146.63313078327445,203.85581596699134,203.85581596699132,150.20954860725675,0.4753380095438965,0.5547001962252294,0.6105631323102443,0.9191836486529125
10476,"right Dentate gyrus, granule cell layer",3,3,86.60407757228798,108.67146272291905,88.68590636008337,97.42958726882398,0.32746627842540943,0.5661411009939095,0.6133800569214986,0.9195855829676179
281,"left Agranular insular area, dorsal part, layer 2/3",3,3,243.2584280473111,320.26627361258414,248.29632448616073,259.09181685512425,0.3967820895701499,0.5770059859956741,0.6157876769357273,0.920287410097646
976,left Infracerebellar nucleus,2,3,313.3640404155467,122.8878589864889,313.3640404155467,73.73271539189334,-1.3504972470769974,-0.6782541720302914,0.6149988824793797,0.920287410097646
10227,"right Anterior cingulate area, dorsal part, layer 1",3,3,299.36553492957927,227.5178065464803,264.53027268322825,287.39091353239616,-0.3959286763296169,-0.549161642968628,0.6212448435807898,0.9240773613764413
11106,right olfactory nerve layer of main olfactory bulb,3,3,54.5744993778996,65.1683727865507,41.412414233817934,68.86017715623215,0.25594498104317737,0.5623389061518429,0.6197131599711178,0.9240773613764413
986,"left Medullary reticular nucleus, dorsal part",3,2,9.76493540611846,11.90101502620687,9.154626943236055,11.90101502620687,0.28540221883573014,0.5586608191273351,0.6207101398153041,0.9240773613764413
1240,left amygdalar capsule,3,3,135.72853646741225,171.65667847349195,155.68861535967875,191.61675736575845,0.3388019134495338,0.5518254055364691,0.6228029849934965,0.9249452781828297
10663,"right Dorsal part of the lateral geniculate complex, shell",3,3,61.19162350257157,45.08856468610537,67.63284702915804,48.309176449398606,-0.440572591377561,-0.5698028822981895,0.6249854677597699,0.9267362639125338
10127,"right Dorsal auditory area, layer 6a",3,3,285.79502344994063,202.58887738223643,206.2065359069192,108.52975574048381,-0.4964258261174252,-0.5304554446166087,0.6259639765828964,0.9267391790595455
10139,"right Primary auditory area, layer 4",3,3,420.36122798136785,326.63203525579263,306.7500852837009,272.6667424744008,-0.36396331468358956,-0.545547707515286,0.6272013149319257,0.9271246851563824
610,"left Globus pallidus, external segment",2,3,30.066769192831885,40.94198358172853,30.066769192831885,40.94198358172853,0.44541114830961714,0.5205979201223929,0.6386326375190432,0.9282445365430967
867,left Pedunculopontine nucleus,3,2,11.22885763214318,7.8602003425002245,8.983086105714543,7.8602003425002245,-0.5145731727746953,-0.5570860145311559,0.6566708711961988,0.9282445365430967
707,left Ventral part of the lateral geniculate complex,3,3,94.00849959359118,72.56796459856162,74.2172365212562,79.16505228933994,-0.3734583955229101,-0.5212525108470064,0.6437178669274146,0.9282445365430967
10276,"right Orbital area, ventrolateral part, layer 6a",3,3,148.26470141134084,223.79577571523143,159.4544901971024,134.27746542913886,0.594007640320879,0.517416106342333,0.6402533503756755,0.9282445365430967
664,"left Dorsal part of the lateral geniculate complex, core",3,3,76.26424006573414,61.964695053409,61.964695053408995,76.26424006573416,-0.2995602818545423,-0.48245064067700727,0.6578050893458949,0.9282445365430967
665,"left Dorsal part of the lateral geniculate complex, ipsilateral zone",2,3,73.15479730913513,111.47397685201544,73.15479730913513,125.40822395851738,0.6076825772144605,0.5361071967114373,0.6352428294111971,0.9282445365430967
10815,"right Inferior colliculus, external nucleus",3,3,53.709463846639686,43.03429090817715,39.03110105625369,43.03429090817715,-0.31968962268469936,-0.499816995052736,0.6447094157906295,0.9282445365430967
11247,right fimbria,3,3,122.79506751037081,158.8853740904798,129.39695286039074,137.31921528041465,0.3717337150553144,0.5049812550592,0.652370187051531,0.9282445365430967
10085,"right Primary somatosensory area, upper limb, layer 6b",3,3,161.3445301516724,134.45377512639365,161.3445301516724,161.3445301516724,-0.2630344058320055,-0.5222329678670936,0.6310275885592564,0.9282445365430967
11302,right lateral recess,3,2,74.7881939353354,51.7764419552322,47.46173845896284,51.7764419552322,-0.5305147166902063,-0.5059644256269407,0.649392057414194,0.9282445365430967
152,"left Ventral auditory area, layer 2/3",3,3,349.89546496953704,301.87059722862017,298.4402495328404,324.1678572511887,-0.21299372333354252,-0.5186964284632011,0.6343273281579079,0.9282445365430967
11025,right Lobule II,3,3,100.76941690643724,118.14345430409885,119.13625644110807,132.53908529073274,0.22948184612066216,0.5019501254353036,0.643441843380604,0.9282445365430967
11295,right subependymal zone,3,3,527.8849541171243,358.3806110519926,334.1657048998309,261.520986443346,-0.5587309591466841,-0.5192169754598109,0.6381258268995522,0.9282445365430967
11108,"right lateral olfactory tract, body",3,3,111.90097703941859,90.551448525319,99.38573618632572,79.50858894906058,-0.30541300810130567,-0.5178571428571426,0.6445505986557312,0.9282445365430967
1046,left Declive (VI),3,3,81.26563319120035,119.59090711593929,43.34167103530685,103.53843636212193,0.5573904226844852,0.4985670781295331,0.650675971797616,0.9282445365430967
10567,"right Basomedial amygdalar nucleus, anterior part",3,3,28.634180694777353,43.385122264814164,28.63418069477735,28.63418069477735,0.5994620703991405,0.5281643011010199,0.6326516201108573,0.9282445365430967
10028,"right Secondary motor area, layer 6a",3,3,147.7529028750927,162.05157089526298,164.8552312913748,163.1730350537077,0.13326653086260276,0.485538158689834,0.6547654184690742,0.9282445365430967
1286,left fasciculus retroflexus,2,2,42.049932299713085,24.02853274269319,42.049932299713085,24.02853274269319,-0.8073549220318721,-0.5570860145311556,0.6574813428347565,0.9282445365430967
204,"left posteromedial visual area, layer 6a",3,3,110.58123740438748,150.39048286996697,106.15798790821198,106.15798790821198,0.443606651472161,0.5312532024908598,0.6424729308962648,0.9282445365430967
568,"left Basomedial amygdalar nucleus, posterior part",3,3,93.9138981094668,109.72118789026815,80.89613005468922,114.37039076697442,0.22443156660783342,0.5084263138713927,0.654489016684032,0.9282445365430967
462,left Field CA2,3,3,189.16255259161562,215.7854303637689,176.55171575217457,184.95894031180194,0.18997094364312928,0.5257533062668608,0.6302663229206661,0.9282445365430967
370,"left Perirhinal area, layer 5",3,3,198.26517026072884,158.61213620858305,154.64683280336848,154.64683280336848,-0.3219280948855433,-0.5212860351426872,0.652428659088891,0.9282445365430967
597,"left Central amygdalar nucleus, lateral part",2,3,49.99398873225108,61.531063055078256,49.99398873225108,61.531063055078256,0.299560281853497,0.5447047794019222,0.6582808989394142,0.9282445365430967
10467,right Field CA3,3,3,140.1541349637676,123.02063782696685,137.91933098940228,120.99867232635061,-0.1881139477544019,-0.5149212764596943,0.6523416819660653,0.9282445365430967
28,"left Secondary motor area, layer 6a",3,3,188.36636996697507,172.38886537156202,186.6845273779842,168.18425889908488,-0.12787482255144808,-0.5145167154729762,0.647595393789477,0.9282445365430967
619,left Triangular nucleus of septum,3,3,124.88911948940853,88.9361911515485,107.85878501358009,79.4748942205327,-0.4898052676761462,-0.510723164041947,0.6478053556723368,0.9282445365430967
889,left Principal sensory nucleus of the trigeminal,3,2,12.17482226854297,6.39178169098506,1.8262233402814456,6.39178169098506,-0.9296106720013891,-0.5112775949966384,0.6486203222490395,0.9282445365430967
11217,right auditory radiation,3,3,80.36079979110293,67.24066921296368,88.56088140243997,83.64083243563775,-0.2571578394936216,-0.5174769818825208,0.6370519112895473,0.9282445365430967
11177,right uncinate fascicle,2,2,141.2803464904269,270.7873307733182,141.2803464904269,270.7873307733182,0.938599455330973,0.610170215847752,0.6341170888706104,0.9282445365430967
11192,"right corpus callosum, anterior forceps",3,3,173.74577653745794,134.78932439901448,224.3891643174345,144.91800195500977,-0.3662716722811801,-0.5118589461957956,0.6478595086787623,0.9282445365430967
700,left Central lateral nucleus of the thalamus,3,3,25.68291791906113,33.020894467364315,22.013929644909542,33.020894467364315,0.3625700793722254,0.5547001962252294,0.6294499312267855,0.9282445365430967
1296,left choroid plexus,3,3,197.63850105772488,246.46683661316277,219.02996234867862,326.452300570642,0.3185295184240512,0.4670034918860575,0.6678241782323969,0.9316319453341765
10573,right Caudoputamen,3,3,89.46834507288763,78.55382187671063,106.30130690361133,76.40166237323909,-0.1876958619684218,-0.46568057681666397,0.6657180001031272,0.9316319453341765
531,left Presubiculum,3,3,370.204975312493,299.48355702667567,309.5866167817924,346.39062017543205,-0.3058474893718464,-0.4813589455005226,0.6671019784518114,0.9316319453341765
10084,"right Primary somatosensory area, upper limb, layer 6a",3,3,182.77212388171748,166.47848493102177,204.02469642610328,176.39635211840178,-0.13471030885748161,-0.46504995819165784,0.6660947403172144,0.9316319453341765
10056,"right Primary somatosensory area, barrel field, layer 6a",3,3,251.25239654399354,293.38470025893724,265.12522825501156,215.7996043936141,0.22365628040978439,0.49839046443775625,0.6631712949756436,0.9316319453341765
11109,right dorsal limb,3,2,131.58243173929313,178.27297203388102,152.80540460046944,178.27297203388102,0.43812111238901363,0.5145582966974868,0.6620850184581191,0.9316319453341765
48,"left Primary somatosensory area, nose, layer 5",3,3,565.5184814519799,493.7999214341612,458.5284984745783,500.85420602607786,-0.19564756610354905,-0.4705272010931201,0.668439172769627,0.9316319453341765
1098,left Interposed nucleus,3,3,116.0808157582676,65.77912892968497,23.21616315165352,48.753942618472394,-0.8194277543486752,-0.489178314781038,0.668536727895231,0.9316319453341765
11293,right lateral ventricle,3,3,212.33318028597276,261.86707226947607,141.02961602946485,252.71749986487995,0.3025048316226849,0.4344066602261436,0.6864054364687552,0.9320615622389837
112,"left Gustatory areas, layer 6a",3,3,127.34507638463413,160.69735829489545,72.76861507693378,159.18134548079266,0.3356030317820876,0.45616065716134985,0.6729281711597828,0.9320615622389837
10849,right Posterior pretectal nucleus,2,2,41.576438042548716,76.22346974467266,41.576438042548716,76.22346974467266,0.8744691179003689,0.5423261445466405,0.6769791192590334,0.9320615622389837
703,left Reticular nucleus of the thalamus,3,3,92.60538606450713,78.78368665189414,106.42708547712014,91.22321612324583,-0.2331991762902972,-0.44691575091447105,0.6868049479232471,0.9320615622389837
1025,left Lobule II,3,3,120.18920429241916,156.8997143901037,98.0623214938148,144.83050559086496,0.38453541087869136,0.45336368148035916,0.6750400571463312,0.9320615622389837
379,left Olfactory areas,3,3,108.78823036994108,95.83410330280351,103.50083156702779,119.36302797576768,-0.182911435517536,-0.45407368468196013,0.688488045447342,0.9320615622389837
10682,right Lateral dorsal nucleus of thalamus,3,3,65.65314310350963,73.53152027593079,78.78377172421156,80.75336601731685,0.16349873228052503,0.46959628811689924,0.6720590668661583,0.9320615622389837
10597,"right Central amygdalar nucleus, lateral part",3,2,82.1104924514965,53.88501067129458,23.09357600198339,53.88501067129458,-0.6076825772120363,-0.46277347810283836,0.6843065001585026,0.9320615622389837
1174,left superior cerebelar peduncles,2,3,13.68983892196006,18.253118562613412,13.68983892196006,9.126559281306706,0.4150374992524976,0.44721359549995787,0.6872693387226115,0.9320615622389837
491,left Induseum griseum,2,3,148.2625412204555,104.33289937735758,148.2625412204555,98.84169414697033,-0.5069599887157855,-0.5121475197315838,0.6882728362191447,0.9320615622389837
10598,"right Central amygdalar nucleus, medial part",3,3,76.66805597679398,47.24891821825676,29.41913775853723,40.11700603436895,-0.6983443001271822,-0.468379688538019,0.6755490802560598,0.9320615622389837
260,"left Orbital area, lateral part, layer 2/3",3,3,267.09572343591867,230.62482144065265,302.4939518430886,270.3137442002068,-0.21180908247776667,-0.45696283098490004,0.6767225121602982,0.9320615622389837
259,"left Orbital area, lateral part, layer 1",3,3,322.96344054649023,347.80678212698945,324.7379649450973,367.32655051166745,0.1069152039161927,0.44997704257325694,0.6826371445814041,0.9320615622389837
1109,left dorsal limb,3,3,165.67103952252543,140.18318728829072,140.18318728829075,152.92711340540808,-0.24100809950221186,-0.4509876168016978,0.6754231235371505,0.9320615622389837
1099,left Dentate nucleus,2,2,32.73809368311923,59.52380669658042,32.73809368311923,59.52380669658042,0.8624964762302347,0.49026123963255896,0.6835565991789392,0.9320615622389837
10260,"right Orbital area, lateral part, layer 2/3",3,3,202.80669023139112,164.17684447303085,199.5875364181944,106.23207583549056,-0.30485458152674755,-0.4742181707857516,0.6757695171574121,0.9320615622389837
10112,"right Gustatory areas, layer 6a",3,3,114.31837124921992,88.40620709939674,100.60016669931353,105.17290154928233,-0.37083769536460987,-0.4483007633374064,0.6791959223441294,0.9320615622389837
22,"left Primary motor area, Layer 6a",3,3,209.78893337588428,245.48782369620048,225.32026877498288,210.71617728030807,0.22671289202076858,0.4415817127081054,0.6819014940455952,0.9320615622389837
10138,"right Primary auditory area, layer 2/3",3,3,557.161138413194,439.78962955965306,415.7496819631447,470.9001499786639,-0.34128104932508285,-0.4636365082500802,0.682643766605149,0.9320615622389837
280,"left Agranular insular area, dorsal part, layer 1",3,3,238.77356076576993,289.42249789790293,195.3601860810845,386.3790346937004,0.27753397552785153,0.4385290096535145,0.6883966732207779,0.9320615622389837
10589,"right Lateral septal nucleus, ventral part",3,3,57.002891970753296,40.559750056112925,59.19531089270536,13.1545135317123,-0.4909863525018818,-0.4370374100610486,0.6896841074807663,0.9323507378906656
10475,"right Dentate gyrus, polymorph layer",3,3,76.05466067755587,95.55585572308301,73.12948142072679,96.53091547535936,0.3293076252490884,0.39668175187900956,0.7232702460898288,0.9325862276348472
1088,left Paraflocculus,3,3,94.91885224346443,71.16002297025369,50.662209479640524,86.3004533894566,-0.4156276792946358,-0.42136261031284433,0.7069005728361201,0.9325862276348472
10410,right Dorsal peduncular area,3,3,158.93710054054327,147.01681800000253,150.9902455135161,127.14968043243462,-0.11247472925767657,-0.38946809016712375,0.7172418748387533,0.9325862276348472
10388,"right Accessory olfactory bulb, granular layer",3,3,72.56235483011707,60.46862902509756,54.421766122587805,63.49206047635244,-0.2630344058298174,-0.4061384660534475,0.7067346803417309,0.9325862276348472
648,"left Ventral posterolateral nucleus of the thalamus, parvicellular part",2,2,60.721059734500315,40.48070648966688,60.721059734500315,40.48070648966688,-0.5849625007092765,-0.447213595499958,0.7117227912336697,0.9325862276348472
11050,right Folium-tuber vermis (VII),3,3,85.60272609469216,66.71977180909829,83.08499885661297,30.212726856950173,-0.3595423866823707,-0.3905667329424718,0.7199856576485554,0.9325862276348472
193,"left Posterolateral visual area, layer 1",3,3,231.7313912316644,189.59841100772542,157.99867583977118,210.66490111969492,-0.2895066171936013,-0.4313310928137536,0.6984192575869173,0.9325862276348472
705,left Intergeniculate leaflet of the lateral geniculate complex,2,3,145.1905557172491,87.11433343034946,145.1905557172491,58.076222286899636,-0.7369655941595818,-0.485071250072666,0.7050279241060137,0.9325862276348472
105,"left Supplemental somatosensory area, layer 6a",3,3,225.81923149079634,251.83823255872593,179.24200735684832,238.0256764362448,0.15732896504201282,0.39351930013283887,0.7179887448438598,0.9325862276348472
831,"left Superior colliculus, motor related, deep gray layer",3,3,31.857478182947393,21.79722191464822,15.090384402448764,28.504059426847668,-0.547487795281592,-0.4218106417137106,0.7088022664701408,0.9325862276348472
11300,right cerebral aqueduct,3,3,128.8878882616848,187.76260265282477,119.34063727933777,66.83075687642915,0.5427930464737069,0.43886203692135384,0.6916290677658448,0.9325862276348472
227,"left Anterior cingulate area, dorsal part, layer 1",3,3,353.330439267194,281.97380332398217,241.69183142055616,220.97538872736564,-0.32545690636657554,-0.4092966545384518,0.7126371366909259,0.9325862276348472
588,"left Lateral septal nucleus, rostral (rostroventral) part",3,3,61.39752277236138,74.52878486818433,52.17014940772903,51.105452481040686,0.27961729002525815,0.3917592836460547,0.7220284424353691,0.9325862276348472
10833,"right Superior colliculus, motor related, intermediate white layer",3,3,14.635188384151393,19.40753242246163,12.408094499606616,9.544688076620474,0.4071753814816332,0.4008918628686368,0.7139706418248231,0.9325862276348472
10834,"right Superior colliculus, motor related, intermediate gray layer",3,3,36.583372425375046,29.39735284181923,38.216558694365006,29.397352841819234,-0.31550182571828944,-0.4032118280758917,0.707426829294782,0.9325862276348472
10444,right Piriform-amygdalar area,3,3,30.217977212783325,43.6481893073537,18.466541630034254,33.57553023642592,0.5305147166840898,0.4238007898153123,0.6945040224329394,0.9325862276348472
10839,right Precommissural nucleus,3,2,35.04288937406275,46.72385249875033,35.04288937406275,46.72385249875033,0.4150374992685514,0.48038446141526125,0.7053092894652933,0.9325862276348472
10883,right Pons,3,3,18.34999081358222,23.120988425113598,14.312992834594132,29.726985118003196,0.33342373370896844,0.39718966074714745,0.7179641105541213,0.9325862276348472
1195,left genu of corpus callosum,3,3,219.18359111032717,258.66887039123174,268.3387347049226,278.00859901861355,0.23896664587095914,0.40524941231704553,0.7208160999995086,0.9325862276348472
475,"left Dentate gyrus, polymorph layer",3,3,35.03489637890421,40.87404577538825,35.03489637890421,40.87404577538824,0.22239242133056542,0.4330127018922197,0.7072299781154399,0.9325862276348472
387,"left Accessory olfactory bulb, glomerular layer",3,3,357.85500860236806,310.4284411972349,349.2319963468893,271.62488604758056,-0.2051144299039966,-0.41665471049321384,0.7025157573237024,0.9325862276348472
10659,"right Medial geniculate complex, dorsal part",3,2,46.42727381948736,58.034092274359196,34.82045536461552,58.034092274359196,0.32192809488114743,0.43301270189221913,0.696821638641376,0.9325862276348472
1111,"left anterior commissure, olfactory limb",3,3,61.47681291028815,50.0596905126632,55.329131619259336,42.15552885276902,-0.29639300277487296,-0.40744544152469503,0.7125606434398478,0.9325862276348472
10838,right Periaqueductal gray,3,3,61.211622084452536,82.5429449320648,71.87728350825867,41.735196875763094,0.43133931160185396,0.40706901966464226,0.7119142200517126,0.9325862276348472
853,left Red nucleus,3,3,15.234467260215014,13.541748675746677,15.234467260215013,12.695389383512511,-0.16992500143047523,-0.4264014327112217,0.7024220394603559,0.9325862276348472
11135,right vestibular nerve,2,2,23.955083079287565,39.92513846547928,23.955083079287565,39.92513846547928,0.7369655941421162,0.485071250072666,0.7051460159960111,0.9325862276348472
10326,"right Retrosplenial area, dorsal part, layer 1",3,3,380.8224189026202,302.39402265303596,354.14059337441114,388.09928041031355,-0.3326887897241641,-0.4084835180453558,0.7098362527767885,0.9325862276348472
295,"left Agranular insular area, ventral part, layer 6a",3,3,114.75916106132043,146.41686066444328,154.33128556522402,94.97309880936862,0.3514723704986591,0.4087809042460765,0.7038452039636722,0.9325862276348472
10694,right Nucleus of reuniens,2,3,30.351669359482074,43.581884208487075,30.351669359482074,51.3643635314312,0.5219527031809259,0.4019238252693818,0.7229383336921624,0.9325862276348472
10049,"right Primary somatosensory area, nose, layer 6a",3,3,261.66723646847015,281.5406974660755,278.2284539664746,290.64936708997794,0.10561018796020995,0.3848012206769204,0.7213023741312434,0.9325862276348472
941,left Dorsal cochlear nucleus,3,3,139.4335445755191,113.28975496760926,143.79084284350407,94.77123732867312,-0.29956028185652017,-0.40689656852360717,0.7161727134541527,0.9325862276348472
10978,right Intermediate reticular nucleus,3,3,49.466091014736385,72.5182499342252,3.601899831170125,79.24179628574275,0.5519042121325898,0.3937569020417118,0.7150061224079728,0.9325862276348472
10076,"right Primary somatosensory area, mouth, layer 5",3,3,485.2961060701752,425.659944219387,503.8982116016137,456.2987062711681,-0.18916394931445557,-0.420639407532577,0.6989607313728506,0.9325862276348472
283,"left Agranular insular area, dorsal part, layer 6a",3,3,193.66017902312856,220.10716382364396,191.95392193922436,227.78532070121292,0.18467876813144418,0.4131864487041992,0.7185499788113463,0.9325862276348472
10555,right Cortical subplate,3,3,81.99643104298993,71.30124438520863,58.823526617797114,64.17111994668777,-0.2016338611670112,-0.3982339869599831,0.7244154314817841,0.9327954470504928
1050,left Folium-tuber vermis (VII),3,3,51.365890369620644,41.85368844932052,28.536605760900358,47.561009601500594,-0.295455883519788,-0.33761185245475783,0.7555178896157859,0.935262938892116
10241,"right Prelimbic area, layer 2/3",3,3,238.10578611340216,208.1454554103913,184.49256275011956,208.1454554103913,-0.19401061996575328,-0.3944660293052648,0.7312393791438321,0.935262938892116
663,"left Dorsal part of the lateral geniculate complex, shell",2,3,149.06084941886272,102.57950927749691,149.06084941886272,105.78511894241869,-0.5391588111036458,-0.4050895715463555,0.7475976766663892,0.935262938892116
1014,left Cerebellum,3,3,142.5570084413994,175.76631154422543,104.48780732352571,140.9370424363835,0.3021196138052703,0.3614615305309617,0.7406988884670127,0.935262938892116
617,left Medial septal nucleus,2,3,19.911331402399718,26.548441869866284,19.911331402399718,14.933498551799786,0.4150374992607296,0.3779644730092269,0.7371764177391497,0.935262938892116
10389,"right Accessory olfactory bulb, mitral layer",3,3,219.0132266612085,182.9121453434269,296.0288668058093,223.82670417024607,-0.25986712675381063,-0.35939098888707016,0.7389092884261685,0.935262938892116
262,"left Orbital area, lateral part, layer 6a",3,3,224.84069805765657,189.92754618534966,268.1330063793171,180.1518636611037,-0.2434540368630981,-0.35000140000839997,0.7530582355926253,0.935262938892116
268,"left Orbital area, medial part, layer 5",3,3,189.31566429717168,173.77482618322475,216.15893013035276,161.05959499908636,-0.123574685117851,-0.3646464492724878,0.7397059069416745,0.935262938892116
1193,left external capsule,3,3,145.7806814055041,157.92907152262944,136.66938881766012,170.83673602207514,0.11547721741917474,0.3670651741928984,0.7354018188991025,0.935262938892116
1199,"left corpus callosum, splenium",3,3,180.93517775752582,207.80673881062376,171.97799073982654,180.0394590557559,0.19976951237474666,0.33212593355484044,0.7566059362127995,0.935262938892116
10228,"right Anterior cingulate area, dorsal part, layer 2/3",3,3,223.82940093364627,206.44459309413978,234.69490583333783,202.09839113426312,-0.11664491885172762,-0.33189592545800867,0.7570350398863798,0.935262938892116
573,left Caudoputamen,3,3,92.98578523957586,109.02576913595898,73.17922365506438,117.99381125055022,0.22958707509170773,0.3792640575990104,0.7360376604992345,0.935262938892116
490,left Fasciola cinerea,3,3,141.85847578552816,109.12190445040626,65.47314267024376,98.20971400536564,-0.37851162325067883,-0.34874291623145803,0.7597864671649706,0.935262938892116
1178,left ventral spinocerebellar tract,3,2,44.44931616197326,66.67397424295989,42.10987846923782,66.67397424295989,0.5849625007103374,0.4218058293968437,0.745667626918505,0.935262938892116
590,left Septofimbrial nucleus,3,3,104.1833863636589,128.4452708593055,77.06716251558329,77.06716251558329,0.3020285374470418,0.3342340619907259,0.7571935509657239,0.935262938892116
10184,"right Lateral visual area, layer 6b",3,3,262.9416473301698,315.52997679620375,262.9416473301698,262.9416473301698,0.2630344058328792,0.36927447293799803,0.7446059266564815,0.935262938892116
613,left Substantia innominata,3,3,20.47830791537278,24.00145766425412,23.120670227033784,21.799489071203283,0.22902551365855373,0.3449044908473814,0.754122140465083,0.935262938892116
10009,"right Frontal pole, layer 5",3,3,181.24718744326194,154.329288318025,183.04171405161102,177.65813422656365,-0.2319467280483086,-0.3410853168660193,0.7517014092406261,0.935262938892116
119,"left Visceral area, layer 6a",3,3,214.63109259764624,182.18685767009507,142.2554916054167,142.2554916054167,-0.23644019582088371,-0.34596009201802713,0.7513063435016427,0.935262938892116
11097,right Fastigial nucleus,3,3,75.90511499644832,93.21680789037514,63.920096839114365,59.92509078666972,0.296393002776695,0.33256893156282324,0.7561729313685386,0.935262938892116
8,"left Frontal pole, layer 2/3",3,3,196.52869560530772,159.50155005648165,213.61814739707364,76.9025330629465,-0.3011695347188607,-0.35096701065142505,0.7454469145989051,0.935262938892116
826,left Midbrain reticular nucleus,3,3,35.896375044982285,28.120986948596236,45.09725095903912,12.829390359036992,-0.35219093359359605,-0.3269815460910084,0.7605422904622127,0.935262938892116
352,"left Anterior area, layer 6b",3,3,214.9870698920213,181.9121360624796,198.44960297725046,148.83720223293784,-0.24100809950257474,-0.35355339059327356,0.7421156841297738,0.935262938892116
275,"left Orbital area, ventrolateral part, layer 5",3,3,158.0884131193225,132.27805995698412,116.14658923052265,167.76729555519938,-0.257157839495344,-0.34749779421045557,0.7484679422322739,0.935262938892116
885,left Nucleus of the lateral lemniscus,3,3,12.902481963053475,16.588905381068756,11.059270254045837,16.588905381068756,0.3625700793598606,0.35921060405354993,0.7383532550415552,0.935262938892116
10155,"right Ventral auditory area, layer 6a",3,3,233.7058647433206,186.49255873456897,134.55792212494217,247.8698565459461,-0.32557587190094384,-0.35886348469009066,0.7405228002677637,0.935262938892116
1254,left dorsal hippocampal commissure,3,3,163.1813279463143,182.79110126175124,128.16387559731982,205.90261981208758,0.16371985191465593,0.3403265054324992,0.751838749993671,0.935262938892116
1202,left cerebal peduncle,2,3,100.91060003285494,126.98862026606464,100.91060003285494,120.1856584660969,0.3316214910882702,0.3819389721349707,0.7358082259408194,0.935262938892116
29,"left Secondary motor area, layer 6b",3,3,195.06787657572625,168.4677115881272,239.40148488839128,133.00082493799516,-0.2115041051925441,-0.348742916231458,0.7453036408668794,0.935262938892116
56,"left Primary somatosensory area, barrel field, layer 6a",3,3,378.1175818798327,330.339137430343,263.5520645439595,322.1191899981727,-0.19488702872851357,-0.36211175650133565,0.7504448091472963,0.935262938892116
987,"left Medullary reticular nucleus, ventral part",3,2,43.986252206297785,30.86132211248312,10.641835211201075,30.86132211248312,-0.511252814524198,-0.34706994265506297,0.7612434448072125,0.935262938892116
10352,"right Anterior area, layer 6b",3,3,135.66507039780288,186.53947179697897,152.62320419752825,50.87440139917608,0.4594316186343972,0.35603449745815613,0.750386373015803,0.935262938892116
701,left Parafascicular nucleus,3,3,49.079752270063864,58.623037433687394,36.8098142025479,69.52964904925713,0.2563397532550004,0.3436164855716712,0.7510723923885579,0.935262938892116
10327,"right Retrosplenial area, dorsal part, layer 2/3",3,3,162.91779535289436,175.23930928714688,147.85816721103018,178.66195204666147,0.10518223669143398,0.35715410555964544,0.7535799476695902,0.935262938892116
11092,right Flocculus,3,3,72.85599211077975,66.3688147310528,58.38459641754268,56.887555483759535,-0.13454212337689198,-0.3264312746186862,0.7618105919532199,0.935262938892116
10438,"right Cortical amygdalar area, posterior part, medial zone",3,3,60.22148482269807,72.05989636904043,50.95664100382145,80.29531309693077,0.2589182973576265,0.3408997708690325,0.7611640443410008,0.935262938892116
234,"left Anterior cingulate area, ventral part, layer 2/3",3,3,171.02216921139447,161.59575043596328,185.8351130013578,169.67553795776146,-0.08179409116315524,-0.3105747782956397,0.7723232921263204,0.9360597755145313
10559,"right Endopiriform nucleus, dorsal part",3,3,123.31193826727251,103.86094800487535,159.6449200781653,73.76696307060053,-0.24765917994468684,-0.30968215734801396,0.7722963244151665,0.9360597755145313
10988,right Parvicellular reticular nucleus,3,3,12.775340014794793,16.637652112290894,4.456513958649346,16.043450251137646,0.38109016732929074,0.3122799282798413,0.7706172032693026,0.9360597755145313
11296,right choroid plexus,3,3,194.18503045668993,218.00017570137834,182.7354413967436,211.58840582780837,0.1668973087439329,0.311824803676675,0.7708740066304114,0.9360597755145313
852,left Cuneiform nucleus,2,3,19.962569232739632,24.197053615441977,19.962569232739632,21.77734825389778,0.2775339755162614,0.33183182419798396,0.7704637071879483,0.9360597755145313
11080,right Paramedian lobule,3,3,98.18191438175943,103.78060490978743,95.86050611404049,99.13778837434957,0.08000764789085733,0.31392979178493924,0.7692721421366253,0.9360597755145313
111,"left Gustatory areas, layer 5",3,3,248.30379341614864,221.39402270109804,275.21356413119923,238.51842224703933,-0.16549003010126467,-0.330425697304562,0.7654212307097555,0.9360597755145313
10230,"right Anterior cingulate area, dorsal part, layer 6a",3,3,224.64155039857414,205.60413087327126,179.90361451411235,197.03729208688495,-0.12775554719777804,-0.34179296351233135,0.7637409633686968,0.9360597755145313
10600,right Medial amygdalar nucleus,3,3,75.90296135437153,61.445254429729324,64.07392841602791,41.40161528420265,-0.30485458152394884,-0.3195376650606892,0.766958867894593,0.9360597755145313
10151,"right Ventral auditory area, layer 1",3,3,404.3905065001652,330.4448138829921,228.76948653437915,381.2824775572986,-0.2913397750531412,-0.3322714442567458,0.7676901720405703,0.9360597755145313
1242,"left anterior commissure, temporal limb",3,3,50.30704747544156,59.739618877086855,28.29771420493588,56.59542840987176,0.24792751343905753,0.3127716210856123,0.775095426004804,0.938221376630815
1189,left supra-callosal cerebral white matter,3,3,196.03366446686042,229.12214923355978,176.05571140017403,226.624905100224,0.22501550395052297,0.2985122092422907,0.782689989760143,0.9393872850922168
84,"left Primary somatosensory area, upper limb, layer 6a",3,3,336.48789148350824,281.941433285129,289.0253888953081,295.4009489444693,-0.2551590826738319,-0.3082862224833767,0.7853649533168584,0.9393872850922168
10195,"right Posterolateral visual area, layer 4",3,3,279.72026643428063,242.42423090970988,279.72026643428063,223.7762131474245,-0.2064508774666329,-0.29488391230979427,0.7831752454551185,0.9393872850922168
10700,right Central lateral nucleus of the thalamus,3,3,18.529777052075413,22.235732462490493,16.67679934686787,22.235732462490493,0.2630344058208172,0.294883912309794,0.7831752454551187,0.9393872850922168
1216,left optic radiation,3,3,225.54682854770263,248.31838335299958,183.2567981950084,230.96862731086858,0.1387640699552656,0.3023330587783763,0.7859573280961224,0.9393872850922168
823,left Ventral tegmental area,2,3,39.75736126298238,53.009815017309826,39.75736126298238,18.70934647669759,0.4150374992697716,0.30726794549701625,0.7842629690475804,0.9393872850922168
98,"left Primary somatosensory area, unassigned, layer 6a",3,3,356.12261289192384,301.683487354305,292.6102997647018,333.439643917916,-0.23933831338970601,-0.3152713609912251,0.7777230932203246,0.9393872850922168
11117,right optic tract,2,2,44.33717497463711,48.627869327021344,44.33717497463711,48.627869327021344,0.13326653086059298,0.31799936400190804,0.7856069454925579,0.9393872850922168
239,"left Prelimbic area, layer 1",3,3,260.22637806122526,285.0721126499855,235.3806434724651,231.457632747924,0.13155970423279453,0.307493286966719,0.7823557773592279,0.9393872850922168
1062,left Nodulus (X),3,3,106.31155454049987,127.92676687446045,83.37296185956215,115.13409018701441,0.2670197537826801,0.2948065146059017,0.7858989896801818,0.9393872850922168
327,"left Retrosplenial area, dorsal part, layer 2/3",3,3,182.08459480617603,166.34043811240892,174.55478073524395,176.6083663909527,-0.1304699318946589,-0.28212895974140423,0.7971554199873025,0.9404021495934687
10027,"right Secondary motor area, layer 5",3,3,244.26523251815732,252.96266686853224,238.3686668568862,257.38509111448565,0.05047595027789062,0.2821707126376653,0.7920966897998329,0.9404021495934687
1127,left sensory root of the trigeminal nerve,3,3,52.77440190720969,55.653005647602946,48.93626358668535,51.81486732707861,0.07662128160149832,0.28603877677367734,0.7915927314559207,0.9404021495934687
1259,left stria terminalis,3,3,158.7495677231369,195.71864513811397,71.76350321730845,202.24259997605108,0.30202853744794084,0.2950837508335996,0.7926600492033934,0.9404021495934687
303,"left Retrosplenial area, lateral agranular part, layer 6b",3,2,164.66551533489772,219.5540204465303,109.77701022326514,219.5540204465303,0.41503749927665357,0.2970442628930023,0.8016705363763079,0.9404021495934687
10118,"right Visceral area, layer 5",3,3,191.80912662640836,176.69116590708555,232.43864605958845,172.91167572725482,-0.1184414572968959,-0.2904294383307135,0.7943666157484999,0.9404021495934687
235,"left Anterior cingulate area, ventral part, layer 5",3,3,143.4695854418387,152.72568772840893,146.77533625847093,132.89118282861557,0.09019780897096877,0.2736693586152103,0.7982408632998913,0.9404021495934687
675,left Anteroventral nucleus of thalamus,2,3,36.090223849716125,27.268169130896627,36.090223849716125,24.060149233144084,-0.40439025506640214,-0.31741042125361874,0.7969369578860952,0.9404021495934687
781,left Ventral premammillary nucleus,2,3,71.49696436660437,51.06926026186027,71.49696436660437,20.42770410474411,-0.48542682716217045,-0.2981423969999719,0.8013458175342707,0.9404021495934687
10246,"right Infralimbic area, layer 1",3,3,324.6753092540752,272.72725977342316,246.75323503309716,220.77921029277115,-0.25153876699511823,-0.27050089040022984,0.8003978885355358,0.9404021495934687
237,"left Anterior cingulate area, ventral part, 6b",3,3,172.56487215413082,150.99426313486447,194.13548117339718,97.06774058669859,-0.19264507794120164,-0.27472112789737807,0.797177306653608,0.9404021495934687
1100,left Vestibulocerebellar nucleus,2,3,222.71061213243655,187.5457786378413,222.71061213243655,210.98900096757146,-0.24792751344237093,-0.29092868272585626,0.7913399924247102,0.9404021495934687
444,left Piriform-amygdalar area,3,3,56.52770586157086,41.976019204136776,10.074244608992826,55.40834534946055,-0.4293927922470664,-0.285146692135123,0.7988572208569277,0.9404021495934687
11084,right Copula pyramidis,3,3,86.73167805274913,75.29161008873619,105.35504450579342,60.658965018487116,-0.20406991139666805,-0.28182939958946573,0.7924409805290619,0.9404021495934687
156,"left Ventral auditory area, layer 6b",3,3,227.75799629951428,258.1257291394495,227.75799629951428,227.75799629951428,0.18057224564107577,0.26967994498529674,0.8007513910898023,0.9404021495934687
10935,right Medulla,3,3,21.694914223784156,26.18351716663605,11.221507357129736,19.076562507120553,0.2713020218059945,0.2586984044136449,0.8092097757534865,0.9419055968519131
10831,"right Superior colliculus, motor related, deep gray layer",3,3,31.73857286673197,25.613585120520536,18.374963238634297,26.727219256195344,-0.3093280580968591,-0.2609449949262104,0.8101888858760207,0.9419055968519131
11212,right external medullary lamina of the thalamus,2,2,44.95644630525664,35.96515704420531,44.95644630525664,35.96515704420531,-0.3219280948793397,-0.2773500981126146,0.8108923842234067,0.9419055968519131
11115,right superior colliculus commissure,2,2,176.99114203584972,141.59291362867978,176.99114203584972,141.59291362867978,-0.3219280948853245,-0.2773500981126145,0.8108923842234068,0.9419055968519131
10071,"right Primary somatosensory area, lower limb, layer 6b",2,3,100.12515168986778,80.10012135189422,100.12515168986778,40.05006067594711,-0.32192809488376023,-0.2773500981126147,0.8087684441414502,0.9419055968519131
11029,right Lobule III,3,3,97.60933849137628,88.40548027134577,107.53981709719868,92.28078899556914,-0.1428833747590489,-0.26096660753723433,0.8094130571196326,0.9419055968519131
71,"left Primary somatosensory area, lower limb, layer 6b",3,3,275.69229459762715,223.1794765790315,196.9230675697337,118.15384054184021,-0.3048545815271896,-0.2576626505603324,0.8093902896099029,0.9419055968519131
942,left Ventral cochlear nucleus,3,3,85.66815443342313,98.09330660315625,100.05517273521937,90.24584207490375,0.19539568895629755,0.2727678652746018,0.8053875372338317,0.9419055968519131
1126,left motor root of the trigeminal nerve,3,3,111.63439204633401,100.4709528417006,100.47095284170061,133.9612704556008,-0.1520030934436143,-0.2500000000000004,0.8150847793463418,0.9456179163810249
844,left Anterior pretectal nucleus,3,3,26.111789865427685,29.767440446587567,31.334147838513225,28.200733054661903,0.18903382438323205,0.24489899998946227,0.8199312914955004,0.9466116735148782
1067,left Simple lobule,3,3,135.8244170632897,122.94451544521911,126.80848593064029,113.10895420960158,-0.14373547746033669,-0.25545154948658116,0.8193821641255966,0.9466116735148782
1080,left Paramedian lobule,3,3,90.26297112213776,83.02554681128557,108.56136466278294,73.73979486528653,-0.12057894806271278,-0.24582391067726905,0.8179949017545679,0.9466116735148782
1252,left columns of the fornix,2,3,40.95880652558739,47.16468630219154,40.95880652558739,37.235278659624896,0.20353339408049748,0.2509428066142478,0.8191905734511664,0.9466116735148782
380,left Main olfactory bulb,3,3,75.1136602606852,82.76675017403802,70.57849586758722,92.0800341955785,0.13997600942767965,0.25247059493727697,0.8209311720598347,0.9466144377700889
10170,"right Anterolateral visual area, layer 6b",3,3,273.1152075113657,303.46134167929523,273.1152075113657,182.07680500757712,0.1520030934445216,0.24999999999999986,0.8259223440443023,0.9470640074291398
1198,"left corpus callosum, body",3,3,151.13664119322277,166.73359108380245,119.94274141206343,139.71352296350244,0.14169132071247556,0.24051220039338708,0.8263108515820102,0.9470640074291398
10553,right Hippocampo-amygdalar transition area,3,3,60.1117179417224,66.43926719874581,56.947943313210686,42.710957484908015,0.1443899093328893,0.24164883733207093,0.825484656835499,0.9470640074291398
108,"left Gustatory areas, layer 1",3,3,190.84131148930484,214.69647542546795,184.0255503646868,214.69647542546792,0.16992500144147235,0.24400466103151247,0.8237999389226964,0.9470640074291398
10021,"right Primary motor area, Layer 5",3,3,298.3896491204862,282.70637063429007,293.90871241014446,295.74182288255696,-0.07789309673108072,-0.23725237026965929,0.8242732078687274,0.9470640074291398
11245,right alveus,3,3,234.82113052092095,219.0388549461951,189.38730689671016,229.56037199601232,-0.10037542621730638,-0.23883589661417634,0.8322120832344317,0.9488740981587561
563,"left Basolateral amygdalar nucleus, anterior part",3,3,57.959258158373395,66.60989370439928,38.92785995711646,67.47495725900187,0.20069735023389665,0.23775851718273727,0.8328894876356627,0.9488740981587561
432,"left Cortical amygdalar area, posterior part, lateral zone",3,3,109.25949478878776,93.73022649393467,118.13336238584665,44.9239547101107,-0.22117238317200444,-0.22929262372814666,0.831171981033281,0.9488740981587561
10610,"right Globus pallidus, external segment",3,2,34.07064173130147,30.02475302570943,37.051822882790354,30.02475302570943,-0.1823767424828623,-0.2426147041466948,0.8308569680093114,0.9488740981587561
11195,right genu of corpus callosum,3,3,148.12034074723468,132.90798142724844,115.29367063568537,136.9112338798764,-0.15634202916827217,-0.23798389674805684,0.8324041718854721,0.9488740981587561
11240,right amygdalar capsule,3,3,94.77818106263317,107.14055250558529,111.26134298656936,135.98608587247367,0.1768777620823225,0.2223747949983299,0.8350950421994957,0.9491248619424942
599,left Intercalated amygdalar nucleus,2,3,60.03752060052841,54.579564182298554,60.03752060052841,43.663651345838844,-0.1375035237475319,-0.23354968324845693,0.8351098627207405,0.9491248619424942
10378,right Ectorhinal area/Layer 6b,3,3,124.29377940709679,112.99434491554253,101.69491042398828,67.79660694932552,-0.1375035237487744,-0.2236067977499792,0.8376914965169382,0.9509201318116918
302,"left Retrosplenial area, lateral agranular part, layer 6a",3,3,191.43218355638191,206.03294331915683,131.40683786497402,214.14447652069842,0.10604163740979065,0.22641957244198274,0.8397311832271136,0.9509982326929741
738,left Anteroventral periventricular nucleus,2,2,72.00969019232497,60.93127631658267,72.00969019232497,60.93127631658267,-0.24100809950015234,-0.2324952774876385,0.8397645089533322,0.9509982326929741
1301,left fourth ventricle,2,3,80.70108689258339,91.46123181159452,80.70108689258339,84.73614123721256,0.18057224563971788,0.21717011591916136,0.8425265203967507,0.952988877063786
1247,left fimbria,3,3,110.04731512078256,118.85110033044515,136.0184814892872,121.49223589334393,0.11103131238777253,0.20351030029854497,0.8487665145504257,0.9580660747573377
11159,right medial lemniscus,2,2,46.65819824479237,57.19392042910033,46.65819824479237,57.19392042910033,0.2937312030510146,0.22675224193710797,0.8490343191474404,0.9580660747573377
10303,"right Retrosplenial area, lateral agranular part, layer 6b",3,3,149.05385027112334,167.68558155501375,111.7903877033425,167.68558155501375,0.16992500144123687,0.19999999999999998,0.8512518583292124,0.9594275695420694
331,"left Retrosplenial area, dorsal part, layer 6b",3,2,145.97588097789017,125.12218369533441,62.56109184766721,125.12218369533441,-0.22239242133480078,-0.20000000000000018,0.8543083743492479,0.9598549023813636
671,left Suprageniculate nucleus,2,3,27.505585765928867,33.006702919114645,27.505585765928867,11.002234306371546,0.26303440582505216,0.20000000000000012,0.8543083743492479,0.9598549023813636
10571,right Striatum,3,3,63.66753845198209,68.12674347974739,60.9424687127922,62.42887038871396,0.0976632592166613,0.19909263219116563,0.8546653240382005,0.9598549023813636
155,"left Ventral auditory area, layer 6a",3,3,336.4582024669443,308.22394771447347,204.69834695541365,324.6939296534148,-0.12644833524054616,-0.20180183819889339,0.8567012174842022,0.9610040843883073
438,"left Cortical amygdalar area, posterior part, medial zone",3,3,134.86471064217397,145.15972672172924,177.58902737232833,121.9959405427299,0.1061283508605845,0.19104017997521758,0.8591904849516883,0.9615233139376794
11255,right ventral hippocampal commissure,3,3,199.56344546355888,169.62892864402502,59.86903363906766,119.73806727813532,-0.23446525363574744,-0.19405386820594542,0.8591884850104738,0.9615233139376794
10262,"right Orbital area, lateral part, layer 6a",3,3,160.49543482966502,175.84717207424163,221.9023838079716,138.16563520118987,0.13178987255475608,0.18806853782494817,0.8607232260280678,0.9621040535932113
82,"left Primary somatosensory area, upper limb, layer 4",3,3,523.6189658729394,512.1528571311961,554.1952558509212,519.7969296256915,-0.03194289250269283,-0.18713485846554256,0.8639059729366421,0.9633701761557861
591,left Septohippocampal nucleus,3,3,142.57866212233583,160.4009948876278,53.46699829587594,160.4009948876278,0.16992500144118816,0.18898223650461357,0.864516455861282,0.9633701761557861
23,"left Primary motor area, Layer 6b",3,3,249.47097601132828,277.9819446983372,224.52387841019544,245.90710492545213,0.15611920191668857,0.18411492357966458,0.8649013594148891,0.9633701761557861
1140,left lateral lemniscus,3,3,35.99684856584232,33.597058661452834,35.99684856584232,31.19726875706335,-0.09953567354805157,-0.17960530202677474,0.8666158890381289,0.9641482751432408
78,"left Primary somatosensory area, mouth, layer 6b",3,3,273.28062661285315,238.39373810908467,122.10410976318971,296.53855228203213,-0.19703684705878116,-0.18342535215472294,0.8680208976446045,0.9645805993732198
838,left Periaqueductal gray,3,3,70.52520602194778,63.705186098946236,85.0952485847238,59.05517251508155,-0.146728151402186,-0.17835265003075976,0.8703886733114835,0.9651637743863989
10301,"right Retrosplenial area, lateral agranular part, layer 5",3,3,211.28423044835117,198.53431999026097,215.83776989766906,131.14193614035588,-0.08979667035020762,-0.18386070885906974,0.8705797585613883,0.9651637743863989
10992,"right Paragigantocellular reticular nucleus, lateral part",2,2,19.713970460776366,23.938392702371303,19.713970460776366,23.938392702371303,0.2801079191798211,0.198245580136527,0.8745479332708226,0.9673030171025766
954,"left Spinal nucleus of the trigeminal, caudal part",3,3,20.60349319569908,23.377040356658572,17.82994603473959,32.09390286253126,0.1822033312124413,0.16844257473799773,0.8744567923754785,0.9673030171025766
10660,"right Medial geniculate complex, ventral part",2,3,25.253662836592042,26.45621820976309,25.253662836592042,28.86132895610519,0.06711419585594004,0.1643989873053571,0.8802234038117918,0.9713162909504539
10689,right Submedial nucleus of the thalamus,2,3,16.242005116273294,15.159204775188407,16.242005116273294,12.993604093018634,-0.0995356735445699,-0.16439898730535743,0.8802234038117914,0.9713162909504539
10561,right Lateral amygdalar nucleus,3,3,136.4622395421682,147.5696311328098,166.61087385962395,183.27196124558634,0.11289405640513797,0.15440654722850455,0.8850446733145516,0.9743705278138161
1245,left alveus,3,3,265.88044837376856,248.72687105933187,304.4759973312511,171.53577314436683,-0.09621531525892889,-0.15594062391643573,0.8847423588788464,0.9743705278138161
11179,right middle cerebellar peduncle,3,3,35.42525408162954,38.47915529556312,25.652770197042077,32.98213311048267,0.11929892836911213,0.15228622596829305,0.8866358742260487,0.9749912452381463
1072,left Crus 1,3,3,113.27163849582679,121.22873706784769,81.09219574133054,122.16486631161484,0.09794505041112352,0.14359067131400066,0.8936420556438472,0.9759105993164684
1092,left Flocculus,3,3,99.36647157782112,89.87922052265226,62.91545436585659,88.3812335139414,-0.14477152421244163,-0.1540090616307657,0.8913827616583957,0.9759105993164684
514,"left Entorhinal area, medial part, dorsal zone, layer 5",3,3,183.1594462915567,188.26747865825348,207.96988921551255,188.26747865825348,0.0396837014722683,0.15047675313732145,0.8926197070458629,0.9759105993164684
10176,"right Anteromedial visual area, layer 6a",3,3,132.0192465371234,122.24004308992909,102.68163619554043,88.01283102474895,-0.11103131238786923,-0.1462544848254258,0.8908646582620176,0.9759105993164684
10931,right Pontine reticular nucleus,2,2,48.67016472747864,59.67385414412598,48.67016472747864,59.67385414412598,0.29406130144895226,0.15860146389826763,0.8901612084527045,0.9759105993164684
770,left Supramammillary nucleus,2,3,59.20078653197147,49.991775293664794,59.20078653197147,39.467191021314314,-0.24392558288160016,-0.15775211186016916,0.8921852015816899,0.9759105993164684
10283,"right Agranular insular area, dorsal part, layer 6a",3,3,153.6245726360136,161.30580126781425,145.94334400421292,179.2286680753492,0.07038932789095044,0.13907183112346738,0.89613633698729,0.9760939135327125
274,"left Orbital area, ventrolateral part, layer 2/3",3,3,166.80592896783628,178.26587828623724,171.8992397760145,175.71922288214813,0.09586001540696015,0.1468715028481296,0.8962077062141905,0.9760939135327125
10675,right Anteroventral nucleus of thalamus,3,3,35.22994378030307,32.027221618457325,33.628582699380196,19.216332971074397,-0.13750352374584016,-0.1414213562373099,0.8968955664915967,0.9760939135327125
378,left Ectorhinal area/Layer 6b,3,3,211.09816614722072,223.51570533235136,186.26308777695948,223.5157053323514,0.08246216019159328,0.12803687993289603,0.9064156098746581,0.9775861435880435
10732,"right Periventricular hypothalamic nucleus, intermediate part",2,2,48.18551194109567,43.3669607469861,48.18551194109567,43.3669607469861,-0.15200309344172336,-0.14907119849998596,0.899327554619346,0.9775861435880435
800,left Subthalamic nucleus,2,2,56.55526723664815,51.413879306043775,56.55526723664815,51.413879306043775,-0.13750352374738392,-0.13736056394868895,0.9106281885477665,0.9775861435880435
10986,"right Medullary reticular nucleus, dorsal part",2,2,14.641120265407666,12.810980232231707,14.641120265407666,12.810980232231707,-0.1926450779283193,-0.13736056394868915,0.9106281885477664,0.9775861435880435
10022,"right Primary motor area, Layer 6a",3,3,171.2822548647938,166.64674052474527,201.64487379211178,155.0579546746239,-0.03958259370661876,-0.12262786789699272,0.9095728138834307,0.9775861435880435
10490,right Fasciola cinerea,3,3,417.67066289263266,439.08967124610103,289.15661277182267,481.9276879530377,0.0721497857556669,0.12356041264304324,0.9085085639972157,0.9775861435880435
1084,left Copula pyramidis,3,3,103.68634387005835,94.11529674359143,33.498664942634235,83.74666235658559,-0.13972476366519823,-0.1267000993085739,0.9100694062319853,0.9775861435880435
11054,right Pyramus (VIII),3,3,63.292608977473854,59.03764366806384,68.61131561423636,67.0157036232076,-0.1004018969561949,-0.12391564216175809,0.907894423560554,0.9775861435880435
176,"left Anteromedial visual area, layer 6a",3,3,167.16600573446672,176.99930018943533,132.7494751420765,206.49918355434122,0.08246216019149344,0.12649110640673492,0.9075470940596022,0.9775861435880435
148,"left Posterior auditory area, layer 6a",3,3,168.44320821203675,160.02104780143492,151.59888739083308,176.86536862263858,-0.07400058144332608,-0.12700012700019045,0.9069959326802205,0.9775861435880435
11003,right Medial vestibular nucleus,3,3,28.256069298085322,24.586449908723594,4.403543267234077,8.807086534468153,-0.2006973502295082,-0.12094807845871489,0.9100416327602101,0.9775861435880435
10249,"right Infralimbic area, layer 5",3,3,201.69115083080564,183.7186720439022,83.87156767221622,143.77983029522778,-0.13464952669408198,-0.13127849234810496,0.9056347033656995,0.9775861435880435
10664,"right Dorsal part of the lateral geniculate complex, core",3,3,33.46780059174831,31.87409580166505,23.90557185124879,28.686686221498547,-0.07038932788924263,-0.0867109969524123,0.9351492351609624,0.9849685062905142
577,left Olfactory tubercle,2,3,35.0934608662957,33.696706204950594,35.0934608662957,40.33129084633983,-0.058594653909144284,-0.09515048277656224,0.9312438242282427,0.9849685062905142
10678,"right Anteromedial nucleus, ventral part",2,3,30.126151835889317,28.117741713496695,30.126151835889317,24.100921468711455,-0.09953567354749382,-0.09578262852211517,0.9337150291984554,0.9849685062905142
10576,right Fundus of striatum,3,3,54.08668099977581,57.177348485477275,55.632014742626545,64.90401719973097,0.08017034868254125,0.08891084489487718,0.9338718370325138,0.9849685062905142
967,left Facial motor nucleus,2,3,15.26561415889675,15.99254816646326,15.26561415889675,19.62721820429582,0.06711419585424111,0.0971285862357263,0.9302957110428961,0.9849685062905142
11196,"right corpus callosum, posterior forceps",3,3,210.4458109112962,206.5305400106209,221.7022147507376,192.33768299567302,-0.02709366088214532,-0.10806864539166035,0.9208224085744046,0.9849685062905142
10048,"right Primary somatosensory area, nose, layer 5",3,3,485.5699227435919,500.8542060260779,522.0170598018276,546.7070558735358,0.04471164880630234,0.10904750989628016,0.9200593356775915,0.9849685062905142
191,"left Primary visual area, layer 6b",3,3,309.6900502176223,297.9296685637885,235.20763307667514,282.24915969201015,-0.055853234733333756,-0.093704257133164,0.9336525975235264,0.9849685062905142
10913,"right Pontine reticular nucleus, caudal part",2,2,39.60764814469026,45.14420111115233,39.60764814469026,45.14420111115233,0.18876164345070026,0.11536997340370828,0.9205446292087868,0.9849685062905142
476,"left Dentate gyrus, granule cell layer",3,3,71.51859741646904,74.84504380793271,71.10279161753607,82.32954818872598,0.0655883416266803,0.10121718016438223,0.9283755792844524,0.9849685062905142
229,"left Anterior cingulate area, dorsal part, layer 5",3,3,272.5435477102157,264.77244859016884,223.14156044706053,268.1029196416175,-0.04173375830902606,-0.0966621268315476,0.9276657477056072,0.9849685062905142
10097,"right Primary somatosensory area, unassigned, layer 5",3,3,388.1610684143819,380.3978470460943,364.871404309519,380.3978470460943,-0.029146345659440506,-0.10502100630210004,0.9244943523001512,0.9849685062905142
329,"left Retrosplenial area, dorsal part, layer 5",3,3,261.3011416574498,265.1681775804988,291.6849953385487,260.19627425086446,0.021194222269043075,0.10757778875293705,0.9237030824238687,0.9849685062905142
1230,left rubrospinal tract,2,3,24.541220417482492,23.37259087379285,24.541220417482492,21.035331786413565,-0.07038932788845874,-0.10314212462587943,0.9311907467427262,0.9849685062905142
11216,right optic radiation,3,3,207.9531198577648,201.48825602798968,201.48825602798968,150.84682269475164,-0.04556257738022141,-0.09040205315438941,0.9323136886586072,0.9849685062905142
351,"left Anterior area, layer 6a",3,3,200.1867318548524,194.21100851590163,170.30811516009834,206.16245519380325,-0.043721377429095994,-0.08762159086766422,0.9346334705202105,0.9849685062905142
10811,"right Superior colliculus, zonal layer",3,3,157.0507258624106,147.9198697076193,142.4413560147445,98.6132464717462,-0.08641475181690572,-0.09267207805026553,0.9306203304168548,0.9849685062905142
11299,right third ventricle,3,3,198.56255474002705,192.84852438779612,205.70509268031583,134.99396707145726,-0.04212547567246089,-0.08923104642823658,0.9362459618577551,0.9850303966773942
10111,"right Gustatory areas, layer 5",3,3,260.8645607768294,255.9656957857152,290.2577507235144,242.4938170601513,-0.02735048814484995,-0.06627205012713788,0.9520543529679918,0.9866008047581927
106,"left Supplemental somatosensory area, layer 6b",3,3,185.25288577743797,175.5027338944149,97.5015188302305,204.75318954348404,-0.07800251200084073,-0.07280352571744374,0.9460492858170385,0.9866008047581927
10651,right Posterior triangular thalamic nucleus,3,2,30.92476808214848,28.54593976813706,14.27296988406853,28.54593976813706,-0.1154772174160482,-0.0805822964025379,0.9416263204648945,0.9866008047581927
10527,right Postsubiculum,3,3,280.75045426114303,276.43121650327936,244.34545030200584,242.49434840577854,-0.022367813028373904,-0.06586795017517749,0.9511292732112501,0.9866008047581927
366,"left Temporal association areas, layer 6b",3,3,276.8565117238501,284.5469703828459,276.8565117238501,207.64238379288756,0.03952836418649671,0.08574929257125462,0.9391770326606023,0.9866008047581927
10692,right Paraventricular nucleus of the thalamus,3,3,45.505628701691826,46.97355220819801,52.84524623422276,44.03770519518564,0.04580368961213386,0.06819943394704707,0.9493383276261682,0.9866008047581927
9,"left Frontal pole, layer 5",3,3,138.14368754891856,143.52590914173356,145.31998300600523,80.73332389222513,0.05514155419206927,0.06501797272931505,0.952293295214441,0.9866008047581927
10077,"right Primary somatosensory area, mouth, layer 6a",3,3,253.96824190540974,247.10423536742573,211.97667249656618,239.83646373897201,-0.03952836418647947,-0.07456068636188219,0.9443703706372271,0.9866008047581927
834,"left Superior colliculus, motor related, intermediate gray layer",3,3,67.23550043218012,69.85932483928958,53.13244424396673,63.95571992329329,0.055229520719586325,0.07732085561315942,0.9450386036692235,0.9866008047581927
11088,right Paraflocculus,3,3,59.350091824784954,57.72087361783008,56.2080281399434,42.24330065175871,-0.040157126471296475,-0.06578790468984452,0.9514641361078029,0.9866008047581927
874,"left Interpeduncular nucleus, lateral",2,3,145.16128342779007,139.7849395971312,145.16128342779007,96.77418895186005,-0.0544477840219939,-0.06984302957695751,0.9487837364181564,0.9866008047581927
10377,right Ectorhinal area/Layer 6a,3,3,150.60836294944156,155.7427389590816,148.89690427956154,133.4937762506414,0.048363021561083144,0.07576144084141576,0.9464509211983837,0.9866008047581927
839,left Precommissural nucleus,2,2,122.42666570991332,116.59682448563174,122.42666570991332,116.59682448563174,-0.07038932789080872,-0.08543576577167598,0.9434430856870812,0.9866008047581927
720,left Paraventricular hypothalamic nucleus,2,2,86.20979553482175,80.82168331389539,86.20979553482175,80.82168331389539,-0.09310940439036583,-0.08304547985373997,0.9414708759453795,0.9866008047581927
10091,"right Primary somatosensory area, trunk, layer 6a",3,3,197.87604921142034,203.61158686972237,146.256210286702,215.08266218632644,0.041222662726307716,0.061868822488974566,0.9547131274198847,0.9880291798489319
1302,left lateral recess,3,3,146.82860301252035,152.5865874443839,116.59918474523674,82.05127815405548,0.05549511259133288,0.053994924715603944,0.95956684009079,0.9908911112580627
10941,right Dorsal cochlear nucleus,3,2,24.020334256676254,22.928500881372788,26.204001007283185,22.928500881372788,-0.06711419585567695,-0.06041220933301768,0.9590815374670133,0.9908911112580627
10337,"right Retrosplenial area, ventral part, layer 6a",3,3,159.7018149610821,157.68027299954943,188.0034024225397,166.77721182644652,-0.01837852931473869,-0.044367825470805505,0.9667789319823297,0.997253485273077
21,"left Primary motor area, Layer 5",3,3,342.4595016092083,340.8297121904852,369.1473033408005,334.9217255476137,-0.006882279197794107,-0.03600244824972203,0.9732082412276795,0.9985344525401343
1129,left spinal tract of the trigeminal nerve,3,3,45.88606364091519,45.06666964732742,46.70545763450296,47.93454862488462,-0.025995208532372638,-0.032888687497048534,0.9764383266145887,0.9985344525401343
10685,right Mediodorsal nucleus of thalamus,3,3,28.048539569369282,27.08134854973586,10.155505706150945,18.860224882851757,-0.05062607306813086,-0.03847577029864398,0.9712129796253768,0.9985344525401343
10753,right Subfornical organ,3,2,686.2470536521056,671.3286394422773,358.0419410358812,671.3286394422773,-0.03170885972729115,-0.03376760067265843,0.9756880416433974,0.9985344525401343
10596,"right Central amygdalar nucleus, capsular part",3,3,77.48183651351489,75.32956327702836,58.111377385136166,96.8522956418936,-0.040641984496814124,-0.0397150735394771,0.9704026487284222,0.9985344525401343
233,"left Anterior cingulate area, ventral part, layer 1",3,3,207.94942707490623,205.1008047862089,205.10080478620887,162.3714704557487,-0.019899557437608323,-0.03839769006444626,0.9722331796405553,0.9985344525401343
10387,"right Accessory olfactory bulb, glomerular layer",3,3,228.97258261702805,224.65234520915962,259.2142444721073,194.41068335408045,-0.027480736421985716,-0.0357599269926074,0.9738480962001949,0.9985344525401343
10289,"right Agranular insular area, posterior part, layer 6a",3,3,146.90480616349078,149.9653229585635,156.08635654870895,123.95093020044534,0.02974734339385141,0.03392755718719873,0.9745714226770569,0.9985344525401343
641,left Thalamus,3,3,52.986739456431316,52.26089371045281,69.68119161393707,37.01813304490407,-0.019899557437326566,-0.028194193721729745,0.9788604018467474,0.9999338227691746
10263,"right Orbital area, lateral part, layer 6b",2,2,109.96563051574476,109.96563051574476,109.96563051574476,109.96563051574476,0.0,0.0,1.0,1.0
10577,right Olfactory tubercle,2,3,25.39433088363046,25.132533658026023,25.39433088363046,13.089861280221886,-0.014950341465379597,-0.019542833531937708,0.9861716911284558,1.0
212,"left Laterointermediate area, layer 6b",3,3,383.23351473152076,383.23351473152076,383.23351473152076,383.23351473152076,0.0,0.0,1.0,1.0
231,"left Anterior cingulate area, dorsal part, layer 6b",3,3,162.84986503858434,162.84986503858434,162.84986503858434,81.42493251929217,0.0,0.0,1.0,1.0
10591,right Septohippocampal nucleus,3,3,126.2327356216238,126.23273562162377,162.2992315135163,108.19948767567753,-3.203426503814918e-16,-7.048411302681214e-16,0.9999999999999994,1.0
11101,right fiber tracts,3,3,63.93648957454559,64.36559353142174,47.630539213252085,74.66408849644921,0.009650170033568939,0.01662975263094359,0.9876061910728583,1.0
276,"left Orbital area, ventrolateral part, layer 6a",3,3,145.65825638692618,145.65825638692618,159.66385796259217,184.87394079879093,0.0,0.0,1.0,1.0
1255,left ventral hippocampal commissure,3,3,153.25669770154062,153.25669770154062,30.651339540308122,122.60535816123249,0.0,0.0,1.0,1.0
110,"left Gustatory areas, layer 4",3,3,335.6008910892918,335.6008910892918,272.1088306129393,231.2925060209984,0.0,0.0,1.0,1.0
10668,right Lateral posterior nucleus of the thalamus,3,3,70.8288988397003,70.8288988397003,51.46162181321975,74.70235424499641,0.0,0.0,1.0,1.0
10590,right Septofimbrial nucleus,3,3,91.42856708594752,91.42856708594752,41.5584395845216,124.67531875356481,0.0,0.0,1.0,1.0
10878,"right Interpeduncular nucleus, rostrolateral",2,2,211.57023788483824,211.57023788483824,211.57023788483824,211.57023788483824,0.0,0.0,1.0,1.0
244,"left Prelimbic area, layer 6b",2,2,186.86130499317844,186.86130499317844,186.86130499317844,186.86130499317844,0.0,0.0,1.0,1.0
955,"left Spinal nucleus of the trigeminal, interpolar part",2,3,23.300706720010673,22.75882981954531,23.300706720010673,15.172553213030206,-0.033947331921863486,-0.02625826855359612,0.9823326968266874,1.0
802,left Zona incerta,3,3,46.18344873648727,47.03869778716297,32.07183940033839,39.7690808564196,0.026472211360623155,0.02161688505835597,0.9837913080864175,1.0
11127,right sensory root of the trigeminal nerve,3,3,40.20641496263341,40.20641496263342,31.590754613497683,20.10320748131671,3.203426503814917e-16,2.6274998378775664e-16,0.9999999999999998,1.0
149,"left Posterior auditory area, layer 6b",3,2,440.61960041420497,440.6196004142049,440.6196004142049,440.6196004142049,-1.6017132519074588e-16,-4.468965495419863e-16,0.9999999999999997,1.0
1042,left Lobules IV-V,3,3,123.843773042676,123.04862843245014,97.20642860011006,132.98793606027328,-0.009292753809662024,-0.011976920255487402,0.9913341274346378,1.0
11198,"right corpus callosum, body",3,3,209.33045247915595,211.0803413191071,181.1134949349437,232.95395181849645,0.012010017669359982,0.025141450287184956,0.9814895929222197,1.0
11194,"right corpus callosum, extreme capsule",3,3,121.21211545485478,121.21211545485478,64.17111994668782,85.56149326225044,0.0,0.0,1.0,1.0
11,"left Frontal pole, layer 6b",1,0,1939.3938472779503,,1939.3938472779503,,,,,
120,"left Visceral area, layer 6b",1,3,80.75709395604218,161.5141879120844,80.75709395604218,80.75709395604218,0.9999999999910677,,,
198,"left Posterolateral visual area, layer 6b",2,1,455.51599259903685,227.75799629951842,455.51599259903685,227.75799629951842,-0.9999999999968328,,,
251,"left Infralimbic area, layer 6b",2,1,188.23528517695112,188.23528517695112,188.23528517695112,188.23528517695112,0.0,,,
277,"left Orbital area, ventrolateral part, layer 6b",1,2,386.7069302728958,193.3534651364479,386.7069302728958,193.3534651364479,-0.9999999999962693,,,
290,"left Agranular insular area, posterior part, layer 6b",1,1,292.23742904184206,194.82495269456138,292.23742904184206,194.82495269456138,-0.5849625007186878,,,
296,"left Agranular insular area, ventral part, layer 6b",1,1,666.6666350017348,666.6666350017348,666.6666350017348,666.6666350017348,0.0,,,
423,"left Nucleus of the lateral olfactory tract, molecular layer",1,2,161.52551111650854,62.81547654530888,161.52551111650854,62.81547654530888,-1.3625700793706725,,,
424,"left Nucleus of the lateral olfactory tract, pyramidal layer",1,2,26.755851571974638,107.02340628789855,26.755851571974638,107.02340628789855,1.9999999999595595,,,
425,"left Nucleus of the lateral olfactory tract, layer 3",0,2,,51.94804948065201,,51.94804948065201,,,,
594,left Bed nucleus of the accessory olfactory tract,1,1,318.01240725547166,79.50310181386791,318.01240725547166,79.50310181386791,-1.9999999999863902,,,
614,left Magnocellular nucleus,1,3,38.389029881846,23.764637545904666,38.389029881846,16.452441377934,-0.6918777046145412,,,
638,left Bed nucleus of the anterior commissure,0,1,,1066.666616002733,,1066.666616002733,,,,
650,"left Ventral posteromedial nucleus of the thalamus, parvicellular part",1,3,9.348524241916923,71.67201918802975,9.348524241916923,46.74262120958462,2.9385994552016625,,,
653,"left Subparafascicular nucleus, magnocellular part",0,3,,67.32791985589772,,57.709645590769476,,,,
654,"left Subparafascicular nucleus, parvicellular part",3,1,14.86988776955466,29.73977553910932,14.86988776955466,29.73977553910932,0.9999999999514894,,,
655,left Subparafascicular area,1,2,77.08985420400296,46.25391252240178,77.08985420400296,46.25391252240178,-0.73696559415373,,,
656,left Peripeduncular nucleus,0,1,,32.71983484670929,,32.71983484670929,,,,
678,"left Anteromedial nucleus, ventral part",1,2,132.43039250598125,36.117379774358525,132.43039250598125,36.117379774358525,-1.8744691178870903,,,
680,left Interanteromedial nucleus of the thalamus,0,3,,109.80391635322151,,141.17646388271336,,,,
689,left Submedial nucleus of the thalamus,1,3,6.510019017410564,28.21008240877911,6.510019017410564,19.530057052231694,2.1154772172494654,,,
697,left Rhomboid nucleus,0,3,,52.39765832995831,,44.9122785685357,,,,
699,left Paracentral nucleus,2,1,12.601732139701351,16.802309519601803,12.601732139701351,16.802309519601803,0.4150374992502229,,,
702,left Posterior intralaminar thalamic nucleus,0,2,,62.566651845164955,,62.566651845164955,,,,
706,left Intermediate geniculate nucleus,1,1,268.5314557769109,89.5104852589703,268.5314557769109,89.5104852589703,-1.5849625007104107,,,
717,left Supraoptic nucleus,0,2,,322.5806298395331,,322.5806298395331,,,,
718,left Accessory supraoptic group,1,0,328.2051126162323,,328.2051126162323,,,,,
731,"left Periventricular hypothalamic nucleus, anterior part",2,1,142.22221546703,40.63491870486571,142.22221546703,40.63491870486571,-1.8073549220322442,,,
735,left Anterodorsal preoptic nucleus,1,2,19.844960297725063,69.45736104203772,19.844960297725063,69.45736104203772,1.8073549220056768,,,
737,left Anteroventral preoptic nucleus,0,1,,43.552226580580665,,43.552226580580665,,,,
739,left Dorsomedial nucleus of the hypothalamus,3,1,25.072754573603248,182.6729261791094,26.863665614574913,182.6729261791094,2.865070419864249,,,
743,left Median preoptic nucleus,1,2,54.88850511163257,192.109767890714,54.88850511163257,192.109767890714,1.8073549220388299,,,
744,left Medial preoptic area,1,2,14.34495056823115,32.276138778520085,14.34495056823115,32.276138778520085,1.1699250013864388,,,
745,left Vascular organ of the lamina terminalis,1,1,239.7003631466806,239.7003631466806,239.7003631466806,239.7003631466806,0.0,,,
746,left Posterodorsal preoptic nucleus,0,1,,346.883452358614,,346.883452358614,,,,
747,left Parastrial nucleus,0,1,,124.23163434518929,,124.23163434518929,,,,
749,"left Periventricular hypothalamic nucleus, posterior part",1,0,15.884834192147766,,15.884834192147766,,,,,
750,"left Periventricular hypothalamic nucleus, preoptic part",1,2,170.0996596947862,99.22480148862529,170.0996596947862,99.22480148862529,-0.7776075786574936,,,
754,left Ventromedial preoptic nucleus,1,1,39.82576039835924,119.47728119507774,39.82576039835924,119.47728119507774,1.5849625006970065,,,
755,left Ventrolateral preoptic nucleus,1,1,29.906540635590332,179.439243813542,29.906540635590332,179.439243813542,2.584962500680956,,,
763,left Lateral mammillary nucleus,1,2,128.72083057152713,424.77874088603954,128.72083057152713,424.77874088603954,1.7224660244632797,,,
767,"left Medial mammillary nucleus, medial part",0,1,,14.665443849716617,,14.665443849716617,,,,
768,"left Medial mammillary nucleus, posterior part",0,2,,82.33275766744885,,82.33275766744885,,,,
769,"left Medial mammillary nucleus, dorsal part",1,1,79.53603599026108,26.512011996753692,79.53603599026108,26.512011996753692,-1.5849625006848787,,,
775,"left Tuberomammillary nucleus, ventral part",1,2,184.54439723230482,55.363319169691444,184.54439723230482,55.363319169691444,-1.7369655941479651,,,
776,left Medial preoptic nucleus,2,1,54.688104292845175,139.206083654515,54.688104292845175,139.206083654515,1.3479233034042903,,,
780,left Dorsal premammillary nucleus,0,2,,15.183866419967572,,15.183866419967572,,,,
782,"left Paraventricular hypothalamic nucleus, descending division",1,2,107.12577205192333,45.91104516511,107.12577205192333,45.91104516511,-1.2223924213184916,,,
787,left Ventromedial hypothalamic nucleus,2,1,16.40464720441642,29.163817252295857,16.40464720441642,29.163817252295857,0.8300749985192118,,,
797,left Parasubthalamic nucleus,1,3,24.04207248691333,76.1332295418922,24.04207248691333,24.04207248691333,1.6629650126813718,,,
798,left Perifornical nucleus,1,2,46.708507488077124,28.025104492846275,46.708507488077124,28.025104492846275,-0.7369655941456146,,,
816,left Nucleus of the brachium of the inferior colliculus,1,2,68.64497350035396,343.2248675017697,68.64497350035396,343.2248675017697,2.3219280948705485,,,
820,left Subcommissural organ,3,0,248.0620037215631,,148.83720223293784,,,,,
824,left Paranigral nucleus,1,1,92.21901579274319,645.5331105492023,92.21901579274319,645.5331105492023,2.8073549220441945,,,
825,"left Midbrain reticular nucleus, retrorubral area",1,2,14.482913998679189,21.724370998018784,14.482913998679189,21.724370998018784,0.5849625006879519,,,
841,left Nucleus of Darkschewitsch,1,0,21.776113290290333,,21.776113290290333,,,,,
842,left Supraoculomotor periaqueductal gray,0,2,,47.725575660077084,,47.725575660077084,,,,
850,left Retroparafascicular nucleus,1,0,31.93612622762642,,31.93612622762642,,,,,
861,left Lateral terminal nucleus of the accessory optic tract,2,1,112.28069642134001,336.84208926402005,112.28069642134001,336.84208926402005,1.5849625007125903,,,
862,left Dorsal terminal nucleus of the accessory optic tract,2,0,176.3085315706979,,176.3085315706979,,,,,
863,left Medial terminal nucleus of the accessory optic tract,0,1,,139.23132043545337,,139.23132043545337,,,,
866,"left Substantia nigra, compact part",2,1,40.64136971593159,10.160342428982897,40.64136971593159,10.160342428982897,-1.9999999998935052,,,
871,"left Interpeduncular nucleus, rostral",1,3,51.446942894021944,85.74490482336991,51.446942894021944,51.446942894021944,0.7369655941549893,,,
872,"left Interpeduncular nucleus, caudal",1,1,30.47618902864919,91.42856708594758,30.47618902864919,91.42856708594758,1.5849625006895973,,,
875,"left Interpeduncular nucleus, intermediate",0,2,,120.8687383572495,,120.8687383572495,,,,
877,"left Interpeduncular nucleus, dorsolateral",1,2,52.98012993391025,105.9602598678205,52.98012993391025,105.9602598678205,0.9999999999863847,,,
879,left Rostral linear nucleus raphe,0,1,,113.81149429786011,,113.81149429786011,,,,
880,left Central linear nucleus raphe,1,2,48.59529002290311,24.297645011451554,48.59529002290311,24.297645011451554,-0.999999999970312,,,
881,left Dorsal nucleus raphe,1,3,41.459725951304264,18.42654486724634,41.459725951304264,13.819908650434755,-1.1699250013988154,,,
891,left Koelliker-Fuse subnucleus,1,0,22.800141417942037,,22.800141417942037,,,,,
903,"left Superior olivary complex, periolivary region",1,3,43.95604186824401,38.461536634713504,43.95604186824401,21.978020934122004,-0.1926450779377072,,,
904,"left Superior olivary complex, medial part",1,2,50.99601351407435,10.199202702814869,50.99601351407435,10.199202702814869,-2.321928094774201,,,
907,left Barrington's nucleus,0,1,,130.3462259881127,,130.3462259881127,,,,
908,left Dorsal tegmental nucleus,1,0,38.57745446664459,,38.57745446664459,,,,,
910,left Posterodorsal tegmental nucleus,0,1,,41.88481476450484,,41.88481476450484,,,,
911,left Pontine central gray,2,1,9.221901579274245,25.821324421967887,9.221901579274245,25.821324421967887,1.4854268270696718,,,
912,left Pontine gray,1,3,29.046583377387936,15.214877007203205,29.046583377387936,16.598047644221676,-0.9328858040963101,,,
913,"left Pontine reticular nucleus, caudal part",0,1,,1.7034640731468376,,1.7034640731468376,,,,
917,left Supratrigeminal nucleus,1,0,61.43508227517473,,61.43508227517473,,,,,
919,left Motor nucleus of trigeminal,3,1,28.17149263146548,11.268597052586193,16.90289557887929,11.268597052586193,-1.3219280948105454,,,
920,left Peritrigeminal zone,1,1,6.257332514681587,6.257332514681587,6.257332514681587,6.257332514681587,0.0,,,
922,left Parvicellular motor 5 nucleus,1,1,56.71244746137641,28.356223730688203,56.71244746137641,28.356223730688203,-0.9999999999745612,,,
923,left Intertrigeminal nucleus,1,0,45.26166687423147,,45.26166687423147,,,,,
925,left Superior central nucleus raphe,0,1,,23.593847625929158,,23.593847625929158,,,,
929,left Laterodorsal tegmental nucleus,1,1,48.95960599767692,78.33536959628307,48.95960599767692,78.33536959628307,0.6780719051015877,,,
930,left Nucleus incertus,0,1,,38.51940834195805,,38.51940834195805,,,,
931,left Pontine reticular nucleus,1,2,0.8459677337338012,3.806854801802105,0.8459677337338012,3.806854801802105,2.169925000115907,,,
932,left Nucleus raphe pontis,0,1,,20.705272390864884,,20.705272390864884,,,,
933,left Subceruleus nucleus,1,2,227.75799629951499,75.91933209983833,227.75799629951499,75.91933209983833,-1.5849625007084873,,,
934,left Sublaterodorsal nucleus,1,2,168.9768896637976,168.9768896637976,168.9768896637976,168.9768896637976,0.0,,,
937,left Area postrema,2,1,289.8550586963922,347.8260704356706,289.8550586963922,347.8260704356706,0.26303440583296434,,,
944,left Cuneate nucleus,1,0,17.97079660057,,17.97079660057,,,,,
945,left Gracile nucleus,3,0,212.43456159380165,,220.6051216551017,,,,,
946,left External cuneate nucleus,1,1,38.98872796842113,9.747181992105283,38.98872796842113,9.747181992105283,-1.9999999998889912,,,
947,left Nucleus of the trapezoid body,1,2,51.71716926073799,12.929292315184497,51.71716926073799,12.929292315184497,-1.9999999999163125,,,
948,left Nucleus of the solitary tract,3,0,19.667858096447265,,14.160857829442033,,,,,
956,"left Spinal nucleus of the trigeminal, oral part",2,1,34.08841521204297,8.020803579304228,34.08841521204297,8.020803579304228,-2.0874628411127922,,,
962,left Paratrigeminal nucleus,1,1,78.28745805524558,19.571864513811395,78.28745805524558,19.571864513811395,-1.9999999999447156,,,
971,"left Nucleus ambiguus, dorsal division",0,1,,94.11764258847556,,94.11764258847556,,,,
973,left Dorsal motor nucleus of the vagus nerve,2,1,22.98437671401087,11.492188357005436,22.98437671401087,11.492188357005436,-0.9999999999372314,,,
975,left Gigantocellular reticular nucleus,2,1,10.331961625397065,3.8266524538507647,10.331961625397065,3.8266524538507647,-1.4329594070387282,,,
977,left Inferior olivary complex,2,1,5.87767069370262,3.91844712913508,5.87767069370262,3.91844712913508,-0.5849625005984294,,,
980,left Linear nucleus of the medulla,1,1,32.405061751981464,32.405061751981464,32.405061751981464,32.405061751981464,0.0,,,
982,"left Lateral reticular nucleus, magnocellular part",2,1,7.799170967604591,11.698756451406886,7.799170967604591,11.698756451406886,0.584962500659496,,,
984,left Magnocellular reticular nucleus,1,0,94.06231181681844,,94.06231181681844,,,,,
989,left Parasolitary nucleus,1,0,71.34893752526595,,71.34893752526595,,,,,
992,"left Paragigantocellular reticular nucleus, lateral part",1,2,30.98727789787385,11.268101053772309,30.98727789787385,11.268101053772309,-1.4594316185558214,,,
995,left Nucleus of Roller,1,0,264.4627973560474,,264.4627973560474,,,,,
998,left Parapyramidal nucleus,1,0,253.3817101689077,,253.3817101689077,,,,,
1006,left Nucleus x,1,1,70.13698297004196,35.06849148502098,70.13698297004196,35.06849148502098,-0.9999999999794305,,,
1007,left Hypoglossal nucleus,2,1,109.4318756627171,28.24048404199151,109.4318756627171,28.24048404199151,-1.9541963103489726,,,
1011,left Nucleus raphe magnus,1,0,18.57225680794062,,18.57225680794062,,,,,
1013,left Nucleus raphe obscurus,2,0,90.05628090079271,,90.05628090079271,,,,,
1104,left vomeronasal nerve,3,1,294.25285958695923,441.3792893804388,294.25285958695923,441.3792893804388,0.5849625007195218,,,
1115,left superior colliculus commissure,1,2,75.38279971750723,188.45699929376806,75.38279971750723,188.45699929376806,1.3219280948758791,,,
1119,left oculomotor nerve,0,1,,490.42143264493444,,490.42143264493444,,,,
1120,left medial longitudinal fascicle,0,1,,13.622817573470272,,13.622817573470272,,,,
1121,left posterior commissure,2,1,98.21976206286591,196.43952412573182,98.21976206286591,196.43952412573182,0.9999999999926557,,,
1122,left trochlear nerve,1,1,288.288274595337,1153.153098381348,288.288274595337,1153.153098381348,1.9999999999962468,,,
1132,left genu of the facial nerve,0,1,,138.82862681163454,,138.82862681163454,,,,
1135,left vestibular nerve,1,2,63.936060899264,7.992007612408,63.936060899264,7.992007612408,-2.9999999998420472,,,
1137,left trapezoid body,1,1,20.05012436095341,6.68337478698447,20.05012436095341,6.68337478698447,-1.5849625005772474,,,
1139,left dorsal acoustic stria,1,0,165.80310093306554,,165.80310093306554,,,,,
1141,left inferior colliculus commissure,2,0,223.38567874402582,,223.38567874402582,,,,,
1172,left cerebellar commissure,0,3,,164.54929647954896,,203.26677800414873,,,,
1175,left superior cerebellar peduncle decussation,0,1,,44.229438120361785,,44.229438120361785,,,,
1181,left dorsal spinocerebellar tract,2,0,40.93816436684217,,40.93816436684217,,,,,
1207,left pyramid,1,0,3.5688393999979513,,3.5688393999979513,,,,,
1208,left pyramidal decussation,1,0,30.061060103411588,,30.061060103411588,,,,,
1228,left doral tegmental decussation,0,2,,442.396292351365,,442.396292351365,,,,
1231,left ventral tegmental decussation,1,1,109.77701022326514,54.88850511163257,109.77701022326514,54.88850511163257,-0.999999999986858,,,
1260,left commissural branch of stria terminalis,0,3,,112.97439887054428,,56.48719943527213,,,,
1262,left medial forebrain bundle,0,1,,684.2766970583496,,684.2766970583496,,,,
1265,left supraoptic commissures,0,1,,75.91933209983833,,75.91933209983833,,,,
1278,left principal mammillary tract,0,1,,60.6635042276429,,60.6635042276429,,,,
1279,left mammillothalamic tract,1,3,15.369835965457082,30.739671930914167,15.369835965457082,30.739671930914163,0.9999999999530675,,,
1280,left mammillotegmental tract,0,2,,29.93451681953383,,29.93451681953383,,,,
1281,left mammillary peduncle,1,2,249.75608569819917,280.97559641047405,249.75608569819917,280.97559641047405,0.16992500144167053,,,
10092,"right Primary somatosensory area, trunk, layer 6b",2,1,204.56620032928905,467.5798864669464,204.56620032928905,467.5798864669464,1.192645077938429,,,
10120,"right Visceral area, layer 6b",3,1,183.79486306508477,39.38461351394673,196.9230675697337,39.38461351394673,-2.2223924213076667,,,
10149,"right Posterior auditory area, layer 6b",1,3,114.49015556379901,228.98031112759801,114.49015556379901,228.98031112759801,0.9999999999936994,,,
10177,"right Anteromedial visual area, layer 6b",2,1,446.70048639708114,487.30962152408847,446.70048639708114,487.30962152408847,0.12553088208358953,,,
10198,"right Posterolateral visual area, layer 6b",2,0,355.5555386675798,,355.5555386675798,,,,,
10244,"right Prelimbic area, layer 6b",1,1,186.58891242030117,186.58891242030117,186.58891242030117,186.58891242030117,0.0,,,
10251,"right Infralimbic area, layer 6b",0,1,,183.38108011508228,,183.38108011508228,,,,
10270,"right Orbital area, medial part, layer 6b",0,1,,520.32517853793,,520.32517853793,,,,
10277,"right Orbital area, ventrolateral part, layer 6b",1,2,202.53163594988644,303.79745392482965,202.53163594988644,303.79745392482965,0.5849625007187818,,,
10284,"right Agranular insular area, dorsal part, layer 6b",2,1,231.42668197297712,126.23273562162387,231.42668197297712,126.23273562162387,-0.8744691179109463,,,
10290,"right Agranular insular area, posterior part, layer 6b",2,1,384.3843661271086,192.1921830635543,384.3843661271086,192.1921830635543,-0.9999999999962469,,,
10331,"right Retrosplenial area, dorsal part, layer 6b",1,3,62.499997031409514,166.6666587504254,62.499997031409514,124.99999406281903,1.415037499264417,,,
10372,"right Perirhinal area, layer 6b",2,1,306.9544218712905,306.9544218712905,306.9544218712905,306.9544218712905,0.0,,,
10423,"right Nucleus of the lateral olfactory tract, molecular layer",0,2,,71.80925325123516,,71.80925325123516,,,,
10424,"right Nucleus of the lateral olfactory tract, pyramidal layer",1,2,13.391922360360597,33.479805900901496,13.391922360360597,33.479805900901496,1.3219280948227252,,,
10593,right Anterior amygdalar area,1,3,4.041169221453765,39.064635807386395,4.041169221453765,12.123507664361295,3.2730184940863474,,,
10614,right Magnocellular nucleus,1,2,10.974877297464337,19.206035270562587,10.974877297464337,19.206035270562587,0.8073549220012665,,,
10638,right Bed nucleus of the anterior commissure,0,1,,790.1234192612926,,790.1234192612926,,,,
10644,right Ventral anterior-lateral complex of the thalamus,3,1,8.981424353972697,9.797917477061123,4.8989587385305615,9.797917477061123,0.1255308820704729,,,
10648,"right Ventral posterolateral nucleus of the thalamus, parvicellular part",1,1,222.50314998792558,40.455118179622836,222.50314998792558,40.455118179622836,-2.4594316186081193,,,
10650,"right Ventral posteromedial nucleus of the thalamus, parvicellular part",1,2,46.57932820972583,32.60552974680808,46.57932820972583,32.60552974680808,-0.5145731728164843,,,
10653,"right Subparafascicular nucleus, magnocellular part",1,1,28.686686221498604,258.18017599348747,28.686686221498604,258.18017599348747,3.1699250013976092,,,
10654,"right Subparafascicular nucleus, parvicellular part",1,1,74.5399452133279,74.5399452133279,74.5399452133279,74.5399452133279,0.0,,,
10655,right Subparafascicular area,2,1,29.746686944068472,14.873343472034236,29.746686944068472,14.873343472034236,-0.9999999999515008,,,
10656,right Peripeduncular nucleus,0,1,,32.38866242923243,,32.38866242923243,,,,
10661,"right Medial geniculate complex, medial part",2,1,75.83883885762145,71.84732102300978,75.83883885762145,71.84732102300978,-0.07800251200021653,,,
10665,"right Dorsal part of the lateral geniculate complex, ipsilateral zone",1,3,208.33332343803173,48.611108802207404,208.33332343803173,20.83333234380317,-2.099535673528161,,,
10670,right Posterior limiting nucleus of the thalamus,2,1,14.576373434595336,9.717582289730224,14.576373434595336,9.717582289730224,-0.5849625006716689,,,
10672,right Ethmoid nucleus of the thalamus,0,1,,16.866516526594616,,16.866516526594616,,,,
10680,right Interanteromedial nucleus of the thalamus,1,1,185.2387755721086,324.16785725119007,185.2387755721086,324.16785725119007,0.8073549220542663,,,
10684,right Intermediodorsal nucleus of the thalamus,1,1,10.981468249856434,21.962936499712868,10.981468249856434,21.962936499712868,0.9999999999343123,,,
10690,right Perireunensis nucleus,0,2,,33.01010777809126,,33.01010777809126,,,,
10695,right Xiphoid thalamic nucleus,0,1,,109.21501187741192,,109.21501187741192,,,,
10697,right Rhomboid nucleus,1,2,21.48371834849389,42.96743669698778,21.48371834849389,42.96743669698778,0.9999999999664234,,,
10698,right Central medial nucleus of the thalamus,2,1,31.438043453352954,47.15706518002943,31.438043453352954,47.15706518002943,0.5849625007058592,,,
10699,right Paracentral nucleus,1,0,8.376962952900953,,8.376962952900953,,,,,
10702,right Posterior intralaminar thalamic nucleus,0,2,,22.800141417942037,,22.800141417942037,,,,
10705,right Intergeniculate leaflet of the lateral geniculate complex,0,1,,86.8385304751198,,86.8385304751198,,,,
10706,right Intermediate geniculate nucleus,0,1,,87.31241058685337,,87.31241058685337,,,,
10717,right Supraoptic nucleus,0,1,,84.76820789425629,,84.76820789425629,,,,
10731,"right Periventricular hypothalamic nucleus, anterior part",1,0,554.4554192093361,,554.4554192093361,,,,,
10735,right Anterodorsal preoptic nucleus,0,1,,81.01265437995359,,81.01265437995359,,,,
10739,right Dorsomedial nucleus of the hypothalamus,1,3,21.05955806520674,40.36415295831292,21.05955806520674,57.91378467931853,0.9385994553030932,,,
10743,right Median preoptic nucleus,1,1,89.57312380708656,44.78656190354328,89.57312380708656,44.78656190354328,-0.9999999999838938,,,
10744,right Medial preoptic area,1,2,3.595707453236882,10.787122359710645,3.595707453236882,10.787122359710645,1.5849625004536716,,,
10745,right Vascular organ of the lamina terminalis,2,0,327.6450356322401,,327.6450356322401,,,,,
10752,right Suprachiasmatic nucleus,0,1,,30.231458176742244,,30.231458176742244,,,,
10755,right Ventrolateral preoptic nucleus,2,1,29.753601562140105,29.753601562140105,29.753601562140105,29.753601562140105,0.0,,,
10757,right Anterior hypothalamic nucleus,0,3,,38.419864057025,,8.433628695444513,,,,
10763,right Lateral mammillary nucleus,2,1,116.83569424776262,233.6713884955252,116.83569424776262,233.6713884955252,0.9999999999938257,,,
10765,"right Medial mammillary nucleus, median part",1,0,49.86365170250362,,49.86365170250362,,,,,
10766,"right Medial mammillary nucleus, lateral part",1,2,9.35946138639416,9.35946138639416,9.35946138639416,9.35946138639416,0.0,,,
10767,"right Medial mammillary nucleus, medial part",0,1,,14.726184298242812,,14.726184298242812,,,,
10768,"right Medial mammillary nucleus, posterior part",0,1,,52.37315626854621,,52.37315626854621,,,,
10776,right Medial preoptic nucleus,0,1,,14.74314604012054,,14.74314604012054,,,,
10781,right Ventral premammillary nucleus,1,0,20.440752781910987,,20.440752781910987,,,,,
10782,"right Paraventricular hypothalamic nucleus, descending division",1,3,168.13947135462053,81.52216792951299,168.13947135462053,15.285406486783685,-1.0443941193493365,,,
10787,right Ventromedial hypothalamic nucleus,0,2,,12.717878235426756,,12.717878235426756,,,,
10792,right Posterior hypothalamic nucleus,1,3,14.086986476528276,26.295708089519447,14.086986476528276,5.63479459061131,0.9004643264015365,,,
10795,right Lateral preoptic area,1,2,3.600764991569892,27.00573743677419,3.600764991569892,27.00573743677419,2.906890595261277,,,
10796,right Preparasubthalamic nucleus,1,0,158.80892545946253,,158.80892545946253,,,,,
10797,right Parasubthalamic nucleus,1,1,24.132728868839866,12.066364434419933,24.132728868839866,12.066364434419933,-0.9999999999402183,,,
10798,right Perifornical nucleus,0,1,,83.75744839922491,,83.75744839922491,,,,
10800,right Subthalamic nucleus,0,1,,10.258053688117213,,10.258053688117213,,,,
10801,right Tuberal nucleus,1,2,26.752656080326215,15.287232045900694,26.752656080326215,15.287232045900694,-0.8073549220171586,,,
10804,right Fields of Forel,1,2,24.941542073329412,12.470771036664706,24.941542073329412,12.470771036664706,-0.999999999942157,,,
10817,right Nucleus sagulum,1,1,20.317459352432817,60.952378057298446,20.317459352432817,60.952378057298446,1.5849625006738177,,,
10818,right Parabigeminal nucleus,1,2,90.26797878725428,45.13398939362714,90.26797878725428,45.13398939362714,-0.9999999999840178,,,
10823,right Ventral tegmental area,1,2,56.13214175719625,287.6772265056308,56.13214175719625,287.6772265056308,2.3575520045973968,,,
10824,right Paranigral nucleus,0,1,,89.88763618000495,,89.88763618000495,,,,
10825,"right Midbrain reticular nucleus, retrorubral area",1,2,43.370226085495815,21.685113042747908,43.370226085495815,21.685113042747908,-0.9999999999667353,,,
10841,right Nucleus of Darkschewitsch,1,0,21.828102646713297,,21.828102646713297,,,,,
10850,right Retroparafascicular nucleus,1,1,96.53091547535945,64.35394365023964,96.53091547535945,64.35394365023964,-0.5849625007136833,,,
10852,right Cuneiform nucleus,1,2,29.026587430200475,16.327455429487767,29.026587430200475,16.327455429487767,-0.8300749985190301,,,
10853,right Red nucleus,2,1,15.215753923246803,30.431507846493606,15.215753923246803,30.431507846493606,0.999999999952592,,,
10863,right Medial terminal nucleus of the accessory optic tract,2,1,46.57932820972582,46.57932820972582,46.57932820972582,46.57932820972582,0.0,,,
10866,"right Substantia nigra, compact part",0,2,,171.87992864498824,,171.87992864498824,,,,
10869,right Interfascicular nucleus raphe,1,2,22.58292059285931,79.04022207500759,22.58292059285931,79.04022207500759,1.8073549220119727,,,
10873,"right Interpeduncular nucleus, apical",0,1,,73.90299879926522,,73.90299879926522,,,,
10874,"right Interpeduncular nucleus, lateral",1,1,32.27433028752564,64.54866057505129,32.27433028752564,64.54866057505129,0.9999999999776497,,,
10875,"right Interpeduncular nucleus, intermediate",1,0,61.24401622982138,,61.24401622982138,,,,,
10876,"right Interpeduncular nucleus, dorsomedial",0,1,,109.02895563912072,,109.02895563912072,,,,
10877,"right Interpeduncular nucleus, dorsolateral",2,2,52.58832946603396,52.58832946603396,52.58832946603396,52.58832946603396,0.0,,,
10879,right Rostral linear nucleus raphe,0,2,,86.06777428747085,,86.06777428747085,,,,
10881,right Dorsal nucleus raphe,1,1,49.392241528198554,49.392241528198554,49.392241528198554,49.392241528198554,0.0,,,
10889,right Principal sensory nucleus of the trigeminal,1,2,27.209340581669093,29.02329662044703,27.209340581669093,29.02329662044703,0.09310940438816741,,,
10891,right Koelliker-Fuse subnucleus,1,0,22.824535292497615,,22.824535292497615,,,,,
10903,"right Superior olivary complex, periolivary region",3,1,20.033007983660468,60.099023950981405,16.390642895722202,60.099023950981405,1.5849625006731456,,,
10904,"right Superior olivary complex, medial part",3,1,17.09127729534885,30.764299131627926,20.50953275441862,30.764299131627926,0.8479969065174339,,,
10905,"right Superior olivary complex, lateral part",1,1,53.274137314231375,159.82241194269412,53.274137314231375,159.82241194269412,1.5849625007031023,,,
10907,right Barrington's nucleus,0,1,,381.70972342046076,,381.70972342046076,,,,
10908,right Dorsal tegmental nucleus,1,0,19.282915625237514,,19.282915625237514,,,,,
10910,right Posterodorsal tegmental nucleus,1,1,166.88395556757067,208.60494445946335,166.88395556757067,208.60494445946335,0.3219280948856335,,,
10912,right Pontine gray,3,1,9.680625323504534,29.0418759705136,12.446518273077258,29.0418759705136,1.5849625006218033,,,
10915,right Supragenual nucleus,0,1,,228.16398203266883,,228.16398203266883,,,,
10917,right Supratrigeminal nucleus,2,0,11.55790939564711,,11.55790939564711,,,,,
10918,right Tegmental reticular nucleus,2,1,10.139416501927005,2.896976143407716,10.139416501927005,2.896976143407716,-1.8073549217018894,,,
10919,right Motor nucleus of trigeminal,1,1,5.647224650151175,5.647224650151175,5.647224650151175,5.647224650151175,0.0,,,
10920,right Peritrigeminal zone,2,1,27.993777830553526,6.220839517900783,27.993777830553526,6.220839517900783,-2.1699250012619355,,,
10922,right Parvicellular motor 5 nucleus,1,2,57.39910041270251,71.74887551587814,57.39910041270251,71.74887551587814,0.3219280948823358,,,
10929,right Laterodorsal tegmental nucleus,1,2,9.818962405670957,63.82325563686122,9.818962405670957,63.82325563686122,2.700439718016767,,,
10930,right Nucleus incertus,1,1,18.534606707258412,92.67303353629205,18.534606707258412,92.67303353629205,2.321928094825092,,,
10933,right Subceruleus nucleus,1,2,150.41127370191214,75.20563685095607,150.41127370191214,75.20563685095607,-0.9999999999904083,,,
10937,right Area postrema,2,1,110.2814422059103,330.84432661773087,110.2814422059103,330.84432661773087,1.5849625007124348,,,
10944,right Cuneate nucleus,2,1,21.017075376296816,96.07805886307115,21.017075376296816,96.07805886307115,2.1926450778887676,,,
10945,right Gracile nucleus,1,1,73.25447954234646,73.25447954234646,73.25447954234646,73.25447954234646,0.0,,,
10946,right External cuneate nucleus,2,1,48.75075941511525,29.25045564906915,48.75075941511525,29.25045564906915,-0.7369655941464771,,,
10947,right Nucleus of the trapezoid body,1,0,38.82709623467946,,38.82709623467946,,,,,
10956,"right Spinal nucleus of the trigeminal, oral part",2,1,33.93530920192057,7.984778635746017,33.93530920192057,7.984778635746017,-2.0874628411121714,,,
10962,right Paratrigeminal nucleus,1,0,19.435164579460448,,19.435164579460448,,,,,
10965,right Abducens nucleus,1,1,131.2820450464895,393.8461351394684,131.2820450464895,393.8461351394684,1.58496250071383,,,
10972,"right Nucleus ambiguus, ventral division",1,0,91.16808683783998,,91.16808683783998,,,,,
10973,right Dorsal motor nucleus of the vagus nerve,1,2,34.4703753824937,86.17593845623425,34.4703753824937,86.17593845623425,1.3219280948622505,,,
10976,right Infracerebellar nucleus,1,3,111.49825254383843,359.27214708570165,111.49825254383843,148.66433672511792,1.6880559936763362,,,
10977,right Inferior olivary complex,2,1,17.683899442511038,3.9297554316691192,17.683899442511038,3.9297554316691192,-2.169925001156774,,,
10980,right Linear nucleus of the medulla,1,2,324.37910268709277,81.09477567177319,324.37910268709277,81.09477567177319,-1.9999999999866571,,,
10983,"right Lateral reticular nucleus, parvicellular part",0,1,,34.85838614387981,,34.85838614387981,,,,
10984,right Magnocellular reticular nucleus,2,1,5.61764851309292,11.23529702618584,5.61764851309292,11.23529702618584,0.9999999998715926,,,
10995,right Nucleus of Roller,1,2,65.64102252324474,164.10255630811184,65.64102252324474,164.10255630811184,1.321928094874175,,,
10996,right Nucleus prepositus,1,1,16.567433849382162,364.4835446864076,16.567433849382162,364.4835446864076,4.459431618554175,,,
10998,right Parapyramidal nucleus,1,0,21.14304491581212,,21.14304491581212,,,,,
11002,right Lateral vestibular nucleus,1,0,6.942937400755402,,6.942937400755402,,,,,
11004,right Spinal vestibular nucleus,1,1,82.75286363983572,2.669447214188249,82.75286363983572,2.669447214188249,-4.954196309863862,,,
11005,right Superior vestibular nucleus,1,2,5.652212042759276,14.130530106898188,5.652212042759276,14.130530106898188,1.3219280947342158,,,
11011,right Nucleus raphe magnus,1,0,60.79315788189345,,60.79315788189345,,,,,
11013,right Nucleus raphe obscurus,0,1,,46.07631170638109,,46.07631170638109,,,,
11099,right Dentate nucleus,1,2,23.796243524879443,8.923591321829791,23.796243524879443,8.923591321829791,-1.4150374991777988,,,
11104,right vomeronasal nerve,3,1,249.8048281036839,149.88289686221034,299.7657937244207,149.88289686221034,-0.736965594162356,,,
11112,right optic nerve,0,1,,28.19383125998384,,28.19383125998384,,,,
11116,right optic chiasm,1,0,6.463993228983263,,6.463993228983263,,,,,
11119,right oculomotor nerve,0,2,,738.4615033865167,,738.4615033865167,,,,
11120,right medial longitudinal fascicle,1,1,13.462346857417607,53.84938742967043,13.462346857417607,53.84938742967043,1.999999999919626,,,
11126,right motor root of the trigeminal nerve,1,1,268.7663914337567,67.19159785843918,268.7663914337567,67.19159785843918,-1.9999999999838964,,,
11130,right facial nerve,1,1,75.73964137297439,151.47928274594878,75.73964137297439,151.47928274594878,0.9999999999904757,,,
11132,right genu of the facial nerve,1,1,69.33910829920183,901.4084078896237,69.33910829920183,901.4084078896237,3.700439718121886,,,
11137,right trapezoid body,2,1,19.871661237889654,13.247774158593105,19.871661237889654,13.247774158593105,-0.5849625006848556,,,
11142,right brachium of the inferior colliculus,3,1,21.841138797086696,16.38085409781502,16.38085409781502,16.38085409781502,-0.4150374992568258,,,
11172,right cerebellar commissure,1,3,88.31646314649957,88.31646314649957,88.31646314649957,29.438821048833187,0.0,,,
11178,right ventral spinocerebellar tract,3,1,13.99824955384149,48.99387343844521,13.998249553841488,48.99387343844521,1.807354921983988,,,
11181,right dorsal spinocerebellar tract,1,2,54.39863745020257,169.99574203188303,54.39863745020257,169.99574203188303,1.6438561897566906,,,
11200,right corticospinal tract,1,2,23.791820431287483,59.479551078218705,23.791820431287483,59.479551078218705,1.321928094850979,,,
11207,right pyramid,2,1,8.918617190658203,7.134893752526562,8.918617190658203,7.134893752526562,-0.32192809484692203,,,
11208,right pyramidal decussation,1,0,56.066576399617475,,56.066576399617475,,,,,
11221,right nigrostriatal tract,1,0,35.51609154282092,,35.51609154282092,,,,,
11229,right crossed tectospinal pathway,1,1,19.73846439679351,3.947692879358702,19.73846439679351,3.947692879358702,-2.3219280945950005,,,
11231,right ventral tegmental decussation,1,1,52.71828415169978,52.71828415169978,52.71828415169978,52.71828415169978,0.0,,,
11251,right medial corticohypothalamic tract,0,2,,624.9999703140951,,624.9999703140951,,,,
11252,right columns of the fornix,3,1,27.210883061293913,289.42484710648984,22.263449777422295,289.42484710648984,3.410933100898073,,,
11260,right commissural branch of stria terminalis,0,2,,140.7211894462693,,140.7211894462693,,,,
11262,right medial forebrain bundle,0,1,,40.10024872190695,,40.10024872190695,,,,
11278,right principal mammillary tract,0,1,,59.70148970164487,,59.70148970164487,,,,
11279,right mammillothalamic tract,1,2,31.098152070050194,77.74538017512549,31.098152070050194,77.74538017512549,1.3219280948595273,,,
11280,right mammillotegmental tract,0,1,,60.86542744666038,,60.86542744666038,,,,
11281,right mammillary peduncle,1,2,61.71648694326271,92.57473041489406,61.71648694326271,92.57473041489406,0.5849625007133642,,,
11286,right fasciculus retroflexus,1,2,23.907357848398693,65.7452340830964,23.907357848398693,65.7452340830964,1.4594316185988958,,,
