index	name	abbreviation	color	volume_mm3
0	left root	root-L	000000	701.3379551867638
1	left Basic cell groups and regions	grey-L	BFDAE3	0.0
2	left Cerebrum	CH-L	B0F0FF	0.0
3	left Cerebral cortex	CTX-L	B0FFB8	0.0
4	left Cortical plate	CTXpl-L	70FF70	0.0
5	left Isocortex	Isocortex-L	70FF71	0.0
6	left Frontal pole, cerebral cortex	FRP-L	268F44	0.0
7	left Frontal pole, layer 1	FRP1-L	268F45	0.12675000602030195
8	left Frontal pole, layer 2/3	FRP2/3-L	268E45	0.1170312555586861
9	left Frontal pole, layer 5	FRP5-L	258F45	0.18579688382487802
10	left Frontal pole, layer 6a	FRP6a-L	268E44	0.05609375266431016
11	left Frontal pole, layer 6b	FRP6b-L	258F44	0.0005156250244908733
12	left Somatomotor areas	MO-L	1F9C59	0.0
13	left Somatomotor areas, Layer 1	MO1-L	1F9D5A	0.0
14	left Somatomotor areas, Layer 2/3	MO2/3-L	1F9D59	0.0
15	left Somatomotor areas, Layer 5	MO5-L	1F9C5A	0.0
16	left Somatomotor areas, Layer 6a	MO6a-L	1E9D59	0.0
17	left Somatomotor areas, Layer 6b	MO6b-L	1F9B59	0.0
18	left Primary motor area	MOp-L	1E9B5A	0.0
19	left Primary motor area, Layer 1	MOp1-L	1E9D5A	0.6646094065672514
20	left Primary motor area, Layer 2/3	MOp2/3-L	1F9C58	1.8444375876060803
21	left Primary motor area, Layer 5	MOp5-L	1E9C5A	1.6362032027154783
22	left Primary motor area, Layer 6a	MOp6a-L	1F9B5A	1.4379531932991085
23	left Primary motor area, Layer 6b	MOp6b-L	1D9D5A	0.09353125444249599
24	left Secondary motor area	MOs-L	1D9D59	0.0
25	left Secondary motor area, layer 1	MOs1-L	1E9C59	1.1643125553018763
26	left Secondary motor area, layer 2/3	MOs2/3-L	1E9D58	1.901640715323083
27	left Secondary motor area, layer 5	MOs5-L	1F9D58	2.261593857419939
28	left Secondary motor area, layer 6a	MOs6a-L	1D9C5A	1.1891719314826332
29	left Secondary motor area, layer 6b	MOs6b-L	1E9C58	0.03759375178560731
30	left Somatosensory areas	SS-L	1B8061	0.0
31	left Somatosensory areas, layer 1	SS1-L	1A7F62	0.0
32	left Somatosensory areas, layer 2/3	SS2/3-L	1A7E63	0.0
33	left Somatosensory areas, layer 4	SS4-L	198064	0.0
34	left Somatosensory areas, layer 5	SS5-L	1B8064	0.0
35	left Somatosensory areas, layer 6a	SS6a-L	187F61	0.0
36	left Somatosensory areas, layer 6b	SS6b-L	187D63	0.0
37	left Primary somatosensory area	SSp-L	198063	0.0
38	left Primary somatosensory area, layer 1	SSp1-L	197D64	0.0
39	left Primary somatosensory area, layer 2/3	SSp2/3-L	187E64	0.0
40	left Primary somatosensory area, layer 4	SSp4-L	1B7F63	0.0
41	left Primary somatosensory area, layer 5	SSp5-L	1B7D64	0.0
42	left Primary somatosensory area, layer 6a	SSp6a-L	187D64	0.0
43	left Primary somatosensory area, layer 6b	SSp6b-L	198061	0.0
44	left Primary somatosensory area, nose	SSp-n-L	1A8064	0.0
45	left Primary somatosensory area, nose, layer 1	SSp-n1-L	197E63	0.20281250963307684
46	left Primary somatosensory area, nose, layer 2/3	SSp-n2/3-L	1B7F64	0.3201875152080902
47	left Primary somatosensory area, nose, layer 4	SSp-n4-L	1A8062	0.2741093880194967
48	left Primary somatosensory area, nose, layer 5	SSp-n5-L	197E62	0.2835156384662696
49	left Primary somatosensory area, nose, layer 6a	SSp-n6a-L	187D62	0.4023281441095605
50	left Primary somatosensory area, nose, layer 6b	SSp-n6b-L	1B7E64	0.026750001270556822
51	left Primary somatosensory area, barrel field	SSp-bfd-L	197F64	0.0
52	left Primary somatosensory area, barrel field, layer 1	SSp-bfd1-L	188060	0.41937501991924364
53	left Primary somatosensory area, barrel field, layer 2/3	SSp-bfd2/3-L	187F63	0.7582187860134582
54	left Primary somatosensory area, barrel field, layer 4	SSp-bfd4-L	197C64	0.6412656554584828
55	left Primary somatosensory area, barrel field, layer 5	SSp-bfd5-L	1A7D62	0.6039844036877184
56	left Primary somatosensory area, barrel field, layer 6a	SSp-bfd6a-L	198060	0.6488281558176823
57	left Primary somatosensory area, barrel field, layer 6b	SSp-bfd6b-L	1A7E61	0.07406250351777999
58	left Rostrolateral lateral visual area	VISrll-L	1B7F61	0.0
59	left Rostrolateral lateral visual area, layer 1	VISrll1-L	1B7D63	0.0
60	left Rostrolateral lateral visual area, layer 2/3	VISrll2/3-L	187E60	0.0
61	left Rostrolateral lateral visual area, layer 4	VISrll4-L	187C62	0.0
62	left Rostrolateral lateral visual area,layer 5	VISrll5-L	1A8060	0.0
63	left Rostrolateral lateral visual area, layer 6a	VISrll6a-L	1A7C64	0.0
64	left Rostrolateral lateral visual area, layer 6b	VISrll6b-L	1C8062	0.0
65	left Primary somatosensory area, lower limb	SSp-ll-L	197F63	0.0
66	left Primary somatosensory area, lower limb, layer 1	SSp-ll1-L	187F60	0.14926563208973676
67	left Primary somatosensory area, lower limb, layer 2/3	SSp-ll2/3-L	187F64	0.32325001535355113
68	left Primary somatosensory area, lower limb, layer 4	SSp-ll4-L	1C7F64	0.13668750649230788
69	left Primary somatosensory area, lower limb, layer 5	SSp-ll5-L	197C63	0.27800001320429146
70	left Primary somatosensory area, lower limb, layer 6a	SSp-ll6a-L	1A7F64	0.2638906375341321
71	left Primary somatosensory area, lower limb, layer 6b	SSp-ll6b-L	197F62	0.025390626205989975
72	left Primary somatosensory area, mouth	SSp-m-L	188062	0.0
73	left Primary somatosensory area, mouth, layer 1	SSp-m1-L	187E61	0.39043751854478614
74	left Primary somatosensory area, mouth, layer 2/3	SSp-m2/3-L	1A7E64	0.7490625355785596
75	left Primary somatosensory area, mouth, layer 4	SSp-m4-L	1B7F62	0.47368752249894897
76	left Primary somatosensory area, mouth, layer 5	SSp-m5-L	1B7E63	0.6087187789125892
77	left Primary somatosensory area, mouth, layer 6a	SSp-m6a-L	187D61	0.8260937892373477
78	left Primary somatosensory area, mouth, layer 6b	SSp-m6b-L	188064	0.057328127722939826
79	left Primary somatosensory area, upper limb	SSp-ul-L	187E63	0.0
80	left Primary somatosensory area, upper limb, layer 1	SSp-ul1-L	197E64	0.23064063595484185
81	left Primary somatosensory area, upper limb, layer 2/3	SSp-ul2/3-L	197F61	0.48918752323515946
82	left Primary somatosensory area, upper limb, layer 4	SSp-ul4-L	1A7F63	0.26164063742726285
83	left Primary somatosensory area, upper limb, layer 5	SSp-ul5-L	187E62	0.3956250187911792
84	left Primary somatosensory area, upper limb, layer 6a	SSp-ul6a-L	197D61	0.4705468973497773
85	left Primary somatosensory area, upper limb, layer 6b	SSp-ul6b-L	1C8064	0.03707812676111644
86	left Primary somatosensory area, trunk	SSp-tr-L	187F62	0.0
87	left Primary somatosensory area, trunk, layer 1	SSp-tr1-L	187C64	0.10228125485809869
88	left Primary somatosensory area, trunk, layer 2/3	SSp-tr2/3-L	188061	0.21225001008133404
89	left Primary somatosensory area, trunk, layer 4	SSp-tr4-L	1B7E62	0.075968753608322
90	left Primary somatosensory area, trunk, layer 5	SSp-tr5-L	197F60	0.17646875838181586
91	left Primary somatosensory area, trunk, layer 6a	SSp-tr6a-L	188063	0.11621875552009442
92	left Primary somatosensory area, trunk, layer 6b	SSp-tr6b-L	1A8063	0.017187500816362444
93	left Primary somatosensory area, unassigned	SSp-un-L	1A7D64	0.0
94	left Primary somatosensory area, unassigned, layer 1	SSp-un1-L	1B8062	0.08315625394970994
95	left Primary somatosensory area, unassigned, layer 2/3	SSp-un2/3-L	1C7F63	0.16539063285563316
96	left Primary somatosensory area, unassigned, layer 4	SSp-un4-L	197E61	0.09409375446921331
97	left Primary somatosensory area, unassigned, layer 5	SSp-un5-L	197D62	0.1291250061331084
98	left Primary somatosensory area, unassigned, layer 6a	SSp-un6a-L	1A7F61	0.1469531319798989
99	left Primary somatosensory area, unassigned, layer 6b	SSp-un6b-L	1A7D63	0.01243750059074955
100	left Supplemental somatosensory area	SSs-L	198062	0.0
101	left Supplemental somatosensory area, layer 1	SSs1-L	1A7E62	0.6240000296384096
102	left Supplemental somatosensory area, layer 2/3	SSs2/3-L	1B8063	1.0724844259402744
103	left Supplemental somatosensory area, layer 4	SSs4-L	187C63	0.5831875276999199
104	left Supplemental somatosensory area, layer 5	SSs5-L	1C8063	1.0927344269020978
105	left Supplemental somatosensory area, layer 6a	SSs6a-L	197D63	1.0377031742882536
106	left Supplemental somatosensory area, layer 6b	SSs6b-L	1A8061	0.10256250487145735
107	left Gustatory areas	GU-L	019B75	0.0
108	left Gustatory areas, layer 1	GU1-L	009C75	0.09781250464584446
109	left Gustatory areas, layer 2/3	GU2/3-L	009B75	0.2010937595514406
110	left Gustatory areas, layer 4	GU4-L	009C74	0.07350000349106267
111	left Gustatory areas, layer 5	GU5-L	019C75	0.27251563794379763
112	left Gustatory areas, layer 6a	GU6a-L	009B74	0.2198750104435021
113	left Gustatory areas, layer 6b	GU6b-L	019C74	0.020062500952917617
114	left Visceral area	VISC-L	11AD83	0.0
115	left Visceral area, layer 1	VISC1-L	12AD83	0.17157813314952364
116	left Visceral area, layer 2/3	VISC2/3-L	12AC83	0.26885938777013507
117	left Visceral area, layer 4	VISC4-L	11AC82	0.09134375433859532
118	left Visceral area, layer 5	VISC5-L	12AD82	0.35340626678589615
119	left Visceral area, layer 6a	VISC6a-L	11AC83	0.2671250126877567
120	left Visceral area, layer 6b	VISC6b-L	11AD82	0.024765626176304067
121	left Auditory areas	AUD-L	019299	0.0
122	left Dorsal auditory area	AUDd-L	049399	0.0
123	left Dorsal auditory area, layer 1	AUDd1-L	039399	0.09812500466068741
124	left Dorsal auditory area, layer 2/3	AUDd2/3-L	029397	0.16400000778958201
125	left Dorsal auditory area, layer 4	AUDd4-L	039398	0.06609375313928467
126	left Dorsal auditory area, layer 5	AUDd5-L	029398	0.17165625815323438
127	left Dorsal auditory area, layer 6a	AUDd6a-L	019399	0.09226562938238203
128	left Dorsal auditory area, layer 6b	AUDd6b-L	019398	0.015234375723593985
129	left Laterolateral anterior visual area	VISlla-L	029099	0.0
130	left Laterolateral anterior visual area, layer 1	VISlla1-L	029299	0.0
131	left Laterolateral anterior visual area, layer 2/3	VISlla2/3-L	049398	0.0
132	left Laterolateral anterior visual area, layer 4	VISlla4-L	049299	0.0
133	left Laterolateral anterior visual area,layer 5	VISlla5-L	029296	0.0
134	left Laterolateral anterior visual area, layer 6a	VISlla6a-L	019199	0.0
135	left Laterolateral anterior visual area, layer 6b	VISlla6b-L	019297	0.0
136	left Primary auditory area	AUDp-L	039297	0.0
137	left Primary auditory area, layer 1	AUDp1-L	029297	0.18984375901709427
138	left Primary auditory area, layer 2/3	AUDp2/3-L	019298	0.23562501119158696
139	left Primary auditory area, layer 4	AUDp4-L	039397	0.11737500557501335
140	left Primary auditory area, layer 5	AUDp5-L	039199	0.35743751697737025
141	left Primary auditory area, layer 6a	AUDp6a-L	019396	0.14920313208676816
142	left Primary auditory area, layer 6b	AUDp6b-L	039198	0.0272343762935634
143	left Posterior auditory area	AUDpo-L	029396	0.0
144	left Posterior auditory area, layer 1	AUDpo1-L	039299	0.05670312769325392
145	left Posterior auditory area, layer 2/3	AUDpo2/3-L	029199	0.07326562847993046
146	left Posterior auditory area, layer 4	AUDpo4-L	039298	0.03731250177224865
147	left Posterior auditory area, layer 5	AUDpo5-L	019197	0.09068750430742512
148	left Posterior auditory area, layer 6a	AUDpo6a-L	029399	0.039578126879860065
149	left Posterior auditory area, layer 6b	AUDpo6b-L	029298	0.0090781254311878
150	left Ventral auditory area	AUDv-L	019296	0.0
151	left Ventral auditory area, layer 1	AUDv1-L	019099	0.14592188193091715
152	left Ventral auditory area, layer 2/3	AUDv2/3-L	029198	0.1943437592308328
153	left Ventral auditory area, layer 4	AUDv4-L	029197	0.10675000507035293
154	left Ventral auditory area, layer 5	AUDv5-L	019098	0.30221876435462036
155	left Ventral auditory area, layer 6a	AUDv6a-L	019397	0.14167188172905298
156	left Ventral auditory area, layer 6b	AUDv6b-L	019198	0.021953126042717486
157	left Visual areas	VIS-L	098489	0.0
158	left Visual areas, layer 1	VIS1-L	08828A	0.0
159	left Visual areas, layer 2/3	VIS2/3-L	0B858C	0.0
160	left Visual areas, layer 4	VIS4-L	09828A	0.0
161	left Visual areas, layer 5	VIS5-L	08818C	0.0
162	left Visual areas, layer 6a	VIS6a-L	0A838C	0.0
163	left Visual areas, layer 6b	VIS6b-L	09838A	0.0
164	left Anterolateral visual area	VISal-L	09838C	0.0
165	left Anterolateral visual area, layer 1	VISal1-L	0B838B	0.05892187779863889
166	left Anterolateral visual area, layer 2/3	VISal2/3-L	098389	0.09962500473193359
167	left Anterolateral visual area, layer 4	VISal4-L	088588	0.05167187745428237
168	left Anterolateral visual area, layer 5	VISal5-L	08848B	0.10176562983360782
169	left Anterolateral visual area, layer 6a	VISal6a-L	09828C	0.05631250267470023
170	left Anterolateral visual area, layer 6b	VISal6b-L	0B848C	0.01123437553360418
171	left Anteromedial visual area	VISam-L	08838B	0.0
172	left Anteromedial visual area, layer 1	VISam1-L	09848B	0.06685937817564991
173	left Anteromedial visual area, layer 2/3	VISam2/3-L	0B848A	0.10400000493973494
174	left Anteromedial visual area, layer 4	VISam4-L	09858A	0.030171876433087164
175	left Anteromedial visual area, layer 5	VISam5-L	0A848B	0.11375000540283509
176	left Anteromedial visual area, layer 6a	VISam6a-L	0A828B	0.06779687822017877
177	left Anteromedial visual area, layer 6b	VISam6b-L	08838A	0.012609375598913175
178	left Lateral visual area	VISl-L	0A848C	0.0
179	left Lateral visual area, layer 1	VISl1-L	09848A	0.0928125044083572
180	left Lateral visual area, layer 2/3	VISl2/3-L	0A8489	0.15060938215356146
181	left Lateral visual area, layer 4	VISl4-L	08828B	0.08964062925770122
182	left Lateral visual area, layer 5	VISl5-L	0B858B	0.15700000745709985
183	left Lateral visual area, layer 6a	VISl6a-L	08848C	0.1035312549174705
184	left Lateral visual area, layer 6b	VISl6b-L	09858C	0.0195000009262003
185	left Primary visual area	VISp-L	0A858C	0.0
186	left Primary visual area, layer 1	VISp1-L	098589	0.6305469049493695
187	left Primary visual area, layer 2/3	VISp2/3-L	0A828C	0.9997187974840926
188	left Primary visual area, layer 4	VISp4-L	0B848B	0.5121875243276008
189	left Primary visual area, layer 5	VISp5-L	088389	0.7762031618676701
190	left Primary visual area, layer 6a	VISp6a-L	08858C	0.5340156503643811
191	left Primary visual area, layer 6b	VISp6b-L	08858A	0.08503125403876766
192	left Posterolateral visual area	VISpl-L	09838B	0.0
193	left Posterolateral visual area, layer 1	VISpl1-L	0A838A	0.09493750450928928
194	left Posterolateral visual area, layer 2/3	VISpl2/3-L	09848C	0.10420312994938286
195	left Posterolateral visual area, layer 4	VISpl4-L	0B858A	0.018187500863859896
196	left Posterolateral visual area, layer 5	VISpl5-L	0B838C	0.12167188077910396
197	left Posterolateral visual area, layer 6a	VISpl6a-L	08838C	0.05375000255298801
198	left Posterolateral visual area, layer 6b	VISpl6b-L	08848A	0.004390625208543497
199	left posteromedial visual area	VISpm-L	0A838B	0.0
200	left posteromedial visual area, layer 1	VISpm1-L	0A8589	0.09393750446179183
201	left posteromedial visual area, layer 2/3	VISpm2/3-L	08858B	0.14671875696876668
202	left posteromedial visual area, layer 4	VISpm4-L	09828B	0.049328127342960215
203	left posteromedial visual area, layer 5	VISpm5-L	088489	0.14246875676690252
204	left posteromedial visual area, layer 6a	VISpm6a-L	09858B	0.07535937857937824
205	left posteromedial visual area, layer 6b	VISpm6b-L	088589	0.014312500679807272
206	left Laterointermediate area	VISli-L	0A858B	0.0
207	left Laterointermediate area, layer 1	VISli1-L	0C858C	0.03734375177373295
208	left Laterointermediate area, layer 2/3	VISli2/3-L	0A858A	0.05871875278899097
209	left Laterointermediate area, layer 4	VISli4-L	08828C	0.028531251355161658
210	left Laterointermediate area, layer 5	VISli5-L	0A848A	0.0739687535133271
211	left Laterointermediate area, layer 6a	VISli6a-L	088488	0.039843751892476575
212	left Laterointermediate area, layer 6b	VISli6b-L	08818B	0.007828125371815986
213	left Postrhinal area	VISpor-L	098588	0.0
214	left Postrhinal area, layer 1	VISpor1-L	09818C	0.1250937559416343
215	left Postrhinal area, layer 2/3	VISpor2/3-L	0A8389	0.18695313387979695
216	left Postrhinal area, layer 4	VISpor4-L	0A828A	0.030250001436797902
217	left Postrhinal area, layer 5	VISpor5-L	0B838A	0.19239063413806434
218	left Postrhinal area, layer 6a	VISpor6a-L	0C858B	0.09023437928590283
219	left Postrhinal area, layer 6b	VISpor6b-L	0C848C	0.01628125077331788
220	left Anterior cingulate area	ACA-L	40A666	0.0
221	left Anterior cingulate area, layer 1	ACA1-L	3FA565	0.0
222	left Anterior cingulate area, layer 2/3	ACA2/3-L	3FA564	0.0
223	left Anterior cingulate area, layer 5	ACA5-L	40A466	0.0
224	left Anterior cingulate area, layer 6a	ACA6a-L	3FA666	0.0
225	left Anterior cingulate area, layer 6b	ACA6b-L	3FA665	0.0
226	left Anterior cingulate area, dorsal part	ACAd-L	40A665	0.0
227	left Anterior cingulate area, dorsal part, layer 1	ACAd1-L	3EA665	0.28962501375644933
228	left Anterior cingulate area, dorsal part, layer 2/3	ACAd2/3-L	40A565	0.3041250144451624
229	left Anterior cingulate area, dorsal part, layer 5	ACAd5-L	3EA566	0.6005156535229617
230	left Anterior cingulate area, dorsal part, layer 6a	ACAd6a-L	3FA664	0.3498750166181708
231	left Anterior cingulate area, dorsal part, layer 6b	ACAd6b-L	3FA466	0.012281250583328074
232	left Anterior cingulate area, ventral part	ACAv-L	40A566	0.0
233	left Anterior cingulate area, ventral part, layer 1	ACAv1-L	40A664	0.2340312611158879
234	left Anterior cingulate area, ventral part, layer 2/3	ACAv2/3-L	3FA566	0.2475312617571035
235	left Anterior cingulate area, ventral part, layer 5	ACAv5-L	3EA666	0.5041718989468791
236	left Anterior cingulate area, ventral part, 6a	ACAv6a-L	40A564	0.1812343836081709
237	left Anterior cingulate area, ventral part, 6b	ACAv6b-L	40A465	0.030906251467968104
238	left Prelimbic area	PL-L	2EA750	0.0
239	left Prelimbic area, layer 1	PL1-L	2FA750	0.2549062621073972
240	left Prelimbic area, layer 2	PL2-L	2EA850	0.0
241	left Prelimbic area, layer 2/3	PL2/3-L	2FA74F	0.20753125985720544
242	left Prelimbic area, layer 5	PL5-L	2EA84F	0.4940781484674517
243	left Prelimbic area, layer 6a	PL6a-L	2FA850	0.23148438599491783
244	left Prelimbic area, layer 6b	PL6b-L	2FA84F	0.010703125508371159
245	left Infralimbic area	ILA-L	59B363	0.0
246	left Infralimbic area, layer 1	ILA1-L	59B263	0.07314062847399327
247	left Infralimbic area, layer 2	ILA2-L	58B363	0.0
248	left Infralimbic area, layer 2/3	ILA2/3-L	59B362	0.07156250339903636
249	left Infralimbic area, layer 5	ILA5-L	59B262	0.16735938294914376
250	left Infralimbic area, layer 6a	ILA6a-L	58B362	0.10242187986477802
251	left Infralimbic area, layer 6b	ILA6b-L	58B263	0.00531250025233021
252	left Orbital area	ORB-L	23895C	0.0
253	left Orbital area, layer 1	ORB1-L	248A5E	0.0
254	left Orbital area, layer 2/3	ORB2/3-L	24885E	0.0
255	left Orbital area, layer 5	ORB5-L	24895E	0.0
256	left Orbital area, layer 6a	ORB6a-L	23895E	0.0
257	left Orbital area, layer 6b	ORB6b-L	228A5E	0.0
258	left Orbital area, lateral part	ORBl-L	23885D	0.0
259	left Orbital area, lateral part, layer 1	ORBl1-L	238A5D	0.18784375892209937
260	left Orbital area, lateral part, layer 2/3	ORBl2/3-L	238A5E	0.310750014759833
261	left Orbital area, lateral part, layer 5	ORBl5-L	228A5D	0.603515653665454
262	left Orbital area, lateral part, layer 6a	ORBl6a-L	24895D	0.2386875113370479
263	left Orbital area, lateral part, layer 6b	ORBl6b-L	248A5C	0.02267187607685628
264	left Orbital area, medial part	ORBm-L	22895D	0.0
265	left Orbital area, medial part, layer 1	ORBm1-L	23895D	0.20557813476443698
266	left Orbital area, medial part, layer 2	ORBm2-L	24895C	0.0
267	left Orbital area, medial part, layer 2/3	ORBm2/3-L	24885D	0.15823438251572952
268	left Orbital area, medial part, layer 5	ORBm5-L	23885E	0.23593751120642992
269	left Orbital area, medial part, layer 6a	ORBm6a-L	22885E	0.09320312942691089
270	left Orbital area, medial part, layer 6b	ORBm6b-L	24875E	0.0018750000890577212
271	left Orbital area, ventral part	ORBv-L	24885C	0.0
272	left Orbital area, ventrolateral part	ORBvl-L	228A5C	0.0
273	left Orbital area, ventrolateral part, layer 1	ORBvl1-L	248A5B	0.19271875915364944
274	left Orbital area, ventrolateral part, layer 2/3	ORBvl2/3-L	248A5D	0.2617812624339422
275	left Orbital area, ventrolateral part, layer 5	ORBvl5-L	23885C	0.30995313972198346
276	left Orbital area, ventrolateral part, layer 6a	ORBvl6a-L	238A5C	0.1190000056521967
277	left Orbital area, ventrolateral part, layer 6b	ORBvl6b-L	22895E	0.005171875245650881
278	left Agranular insular area	AI-L	219866	0.0
279	left Agranular insular area, dorsal part	AId-L	219865	0.0
280	left Agranular insular area, dorsal part, layer 1	AId1-L	209764	0.23034376094074105
281	left Agranular insular area, dorsal part, layer 2/3	AId2/3-L	209765	0.46315627199874143
282	left Agranular insular area, dorsal part, layer 5	AId5-L	209665	0.7542187858234684
283	left Agranular insular area, dorsal part, layer 6a	AId6a-L	209666	0.3907187685581448
284	left Agranular insular area, dorsal part, layer 6b	AId6b-L	1F9766	0.02521875119782635
285	left Agranular insular area, posterior part	AIp-L	219766	0.0
286	left Agranular insular area, posterior part, layer 1	AIp1-L	219765	0.21095313501973578
287	left Agranular insular area, posterior part, layer 2/3	AIp2/3-L	209865	0.4015937690746796
288	left Agranular insular area, posterior part, layer 5	AIp5-L	219864	0.37634376787536894
289	left Agranular insular area, posterior part, layer 6a	AIp6a-L	209766	0.21810938535963942
290	left Agranular insular area, posterior part, layer 6b	AIp6b-L	219666	0.010265625487591024
291	left Agranular insular area, ventral part	AIv-L	209866	0.0
292	left Agranular insular area, ventral part, layer 1	AIv1-L	209864	0.12546875595944584
293	left Agranular insular area, ventral part, layer 2/3	AIv2/3-L	219764	0.2970937641111959
294	left Agranular insular area, ventral part, layer 5	AIv5-L	1F9865	0.3605625171257998
295	left Agranular insular area, ventral part, layer 6a	AIv6a-L	1F9866	0.08423437900091812
296	left Agranular insular area, ventral part, layer 6b	AIv6b-L	219665	0.001500000071246177
297	left Retrosplenial area	RSP-L	1AA698	0.0
298	left Retrosplenial area, lateral agranular part	RSPagl-L	1BA497	0.0
299	left Retrosplenial area, lateral agranular part, layer 1	RSPagl1-L	1BA696	0.2532031370265031
300	left Retrosplenial area, lateral agranular part, layer 2/3	RSPagl2/3-L	1AA496	0.3344218908841867
301	left Retrosplenial area, lateral agranular part, layer 5	RSPagl5-L	1CA697	0.3667343924189481
302	left Retrosplenial area, lateral agranular part, layer 6a	RSPagl6a-L	1CA597	0.20546875975924195
303	left Retrosplenial area, lateral agranular part, layer 6b	RSPagl6b-L	1AA598	0.01821875086534419
304	left Mediomedial anterior visual area	VISmma-L	1CA696	0.0
305	left Mediomedial anterior visual area, layer 1	VISmma1-L	1CA498	0.0
306	left Mediomedial anterior visual area, layer 2/3	VISmma2/3-L	1AA695	0.0
307	left Mediomedial anterior visual area, layer 4	VISmma4-L	1AA398	0.0
308	left Mediomedial anterior visual area,layer 5	VISmma5-L	1BA496	0.0
309	left Mediomedial anterior visual area, layer 6a	VISmma6a-L	1CA596	0.0
310	left Mediomedial anterior visual area, layer 6b	VISmma6b-L	1CA497	0.0
311	left Mediomedial posterior visual area	VISmmp-L	1DA698	0.0
312	left Mediomedial posterior visual area, layer 1	VISmmp1-L	1AA595	0.0
313	left Mediomedial posterior visual area, layer 2/3	VISmmp2/3-L	1AA397	0.0
314	left Mediomedial posterior visual area, layer 4	VISmmp4-L	1BA695	0.0
315	left Mediomedial posterior visual area,layer 5	VISmmp5-L	1BA398	0.0
316	left Mediomedial posterior visual area, layer 6a	VISmmp6a-L	1DA697	0.0
317	left Mediomedial posterior visual area, layer 6b	VISmmp6b-L	1DA598	0.0
318	left Medial visual area	VISm-L	1BA595	0.0
319	left Medial visual area, layer 1	VISm1-L	1BA397	0.0
320	left Medial visual area, layer 2/3	VISm2/3-L	1DA597	0.0
321	left Medial visual area, layer 4	VISm4-L	1CA496	0.0
322	left Medial visual area,layer 5	VISm5-L	1AA495	0.0
323	left Medial visual area, layer 6a	VISm6a-L	1AA396	0.0
324	left Medial visual area, layer 6b	VISm6b-L	1CA695	0.0
325	left Retrosplenial area, dorsal part	RSPd-L	1CA598	0.0
326	left Retrosplenial area, dorsal part, layer 1	RSPd1-L	1BA598	0.41537501972925384
327	left Retrosplenial area, dorsal part, layer 2/3	RSPd2/3-L	1BA697	0.48695314812903234
328	left Retrosplenial area, dorsal part, layer 4	RSPd4-L	1AA696	0.0
329	left Retrosplenial area, dorsal part, layer 5	RSPd5-L	1AA596	0.6033906536595168
330	left Retrosplenial area, dorsal part, layer 6a	RSPd6a-L	1AA697	0.37765626793770934
331	left Retrosplenial area, dorsal part, layer 6b	RSPd6b-L	1BA698	0.015984375759217073
332	left Retrosplenial area, ventral part	RSPv-L	1BA596	0.0
333	left Retrosplenial area, ventral part, layer 1	RSPv1-L	1BA597	0.4627187719779613
334	left Retrosplenial area, ventral part, layer 2	RSPv2-L	1CA698	0.0
335	left Retrosplenial area, ventral part, layer 2/3	RSPv2/3-L	1AA597	0.5099375242207316
336	left Retrosplenial area, ventral part, layer 5	RSPv5-L	1BA498	0.8398125398889533
337	left Retrosplenial area, ventral part, layer 6a	RSPv6a-L	1AA498	0.3292031406363094
338	left Retrosplenial area, ventral part, layer 6b	RSPv6b-L	1AA497	0.02475000117556192
339	left Posterior parietal association areas	PTLp-L	009FAC	0.0
340	left Posterior parietal association areas, layer 1	PTLp1-L	009DAB	0.0
341	left Posterior parietal association areas, layer 2/3	PTLp2/3-L	009EAC	0.0
342	left Posterior parietal association areas, layer 4	PTLp4-L	019FAA	0.0
343	left Posterior parietal association areas, layer 5	PTLp5-L	019DAC	0.0
344	left Posterior parietal association areas, layer 6a	PTLp6a-L	019FAB	0.0
345	left Posterior parietal association areas, layer 6b	PTLp6b-L	009FAA	0.0
346	left Anterior area	VISa-L	009FAB	0.0
347	left Anterior area, layer 1	VISa1-L	019FAC	0.11887500564625952
348	left Anterior area, layer 2/3	VISa2/3-L	009EAB	0.21343751013773726
349	left Anterior area, layer 4	VISa4-L	019EAC	0.07757812868476321
350	left Anterior area, layer 5	VISa5-L	019EAB	0.17745313342857116
351	left Anterior area, layer 6a	VISa6a-L	009DAC	0.11156250529893441
352	left Anterior area, layer 6b	VISa6b-L	029FAC	0.020156250957370503
353	left Rostrolateral visual area	VISrl-L	009EAA	0.0
354	left Rostrolateral area, layer 1	VISrl1-L	029FAB	0.0847812540268933
355	left Rostrolateral area, layer 2/3	VISrl2/3-L	029EAC	0.1379062565501954
356	left Rostrolateral area, layer 4	VISrl4-L	019EAA	0.07339062848586764
357	left Rostrolateral area, layer 5	VISrl5-L	019DAB	0.12178125578429899
358	left Rostrolateral area, layer 6a	VISrl6a-L	029EAB	0.07568750359496335
359	left Rostrolateral area, layer 6b	VISrl6b-L	009DAA	0.014515625689455192
360	left Temporal association areas	TEa-L	16B0B3	0.0
361	left Temporal association areas, layer 1	TEa1-L	15B0B3	0.26737501269963104
362	left Temporal association areas, layer 2/3	TEa2/3-L	16AFB3	0.35167189170351776
363	left Temporal association areas, layer 4	TEa4-L	15B0B2	0.15618750741850818
364	left Temporal association areas, layer 5	TEa5-L	15AFB3	0.4753125225761323
365	left Temporal association areas, layer 6a	TEa6a-L	15AFB2	0.2613593874139042
366	left Temporal association areas, layer 6b	TEa6b-L	16B0B2	0.043343752058717655
367	left Perirhinal area	PERI-L	0F9683	0.0
368	left Perirhinal area, layer 1	PERI1-L	0E9584	0.11131250528706005
369	left Perirhinal area, layer 2/3	PERI2/3-L	0E9583	0.16634375790090417
370	left Perirhinal area, layer 5	PERI5-L	0F9684	0.0840625039927545
371	left Perirhinal area, layer 6a	PERI6a-L	0E9684	0.02670312626833038
372	left Perirhinal area, layer 6b	PERI6b-L	0E9683	0.00665625031615491
373	left Ectorhinal area	ECT-L	0D9E91	0.0
374	left Ectorhinal area/Layer 1	ECT1-L	0D9F90	0.1322343812807958
375	left Ectorhinal area/Layer 2/3	ECT2/3-L	0D9F91	0.2366562612405687
376	left Ectorhinal area/Layer 5	ECT5-L	0D9E90	0.26471876257346594
377	left Ectorhinal area/Layer 6a	ECT6a-L	0E9F91	0.19526563427461952
378	left Ectorhinal area/Layer 6b	ECT6b-L	0E9F90	0.02684375127500971
379	left Olfactory areas	OLF-L	99D2BD	2.5217188697752135
380	left Main olfactory bulb	MOB-L	9AD1BD	8.231969140997535
381	left Main olfactory bulb, glomerular layer	MOBgl-L	82C7AE	0.0
382	left Main olfactory bulb, granule layer	MOBgr-L	82C7AD	0.0
383	left Main olfactory bulb, inner plexiform layer	MOBipl-L	9AD2BD	0.0
384	left Main olfactory bulb, mitral layer	MOBmi-L	82C6AE	0.0
385	left Main olfactory bulb, outer plexiform layer	MOBopl-L	9AD2BC	0.0
386	left Accessory olfactory bulb	AOB-L	9DF0D2	0.0
387	left Accessory olfactory bulb, glomerular layer	AOBgl-L	9DF0D1	0.0773125036721467
388	left Accessory olfactory bulb, granular layer	AOBgr-L	95E4C8	0.11017188023288327
389	left Accessory olfactory bulb, mitral layer	AOBmi-L	9DEFD2	0.1381406315613276
390	left Anterior olfactory nucleus	AON-L	54BF94	2.434671990640709
391	left Anterior olfactory nucleus, dorsal part	AONd-L	54BE94	0.0
392	left Anterior olfactory nucleus, external part	AONe-L	54BE93	0.0
393	left Anterior olfactory nucleus, lateral part	AONl-L	53BF93	0.0
394	left Anterior olfactory nucleus, medial part	AONm-L	53BE94	0.0
395	left Anterior olfactory nucleus, posteroventral part	AONpv-L	53BE93	0.0
396	left Anterior olfactory nucleus, layer 1	AON1-L	54BF93	0.0
397	left Anterior olfactory nucleus, layer 2	AON2-L	53BF94	0.0
398	left Taenia tecta	TT-L	62CF9F	0.0
399	left Taenia tecta, dorsal part	TTd-L	61D09F	0.36028126711244113
400	left Taenia tecta, dorsal part, layers 1-4	TTd1-4-L	62D09F	0.0
401	left Taenia tecta, dorsal part, layer 1	TTd1-L	61D09E	0.0
402	left Taenia tecta, dorsal part, layer 2	TTd2-L	61CF9F	0.0
403	left Taenia tecta, dorsal part, layer 3	TTd3-L	61CF9E	0.0
404	left Taenia tecta, dorsal part, layer 4	TTd4-L	62D09D	0.0
405	left Taenia tecta, ventral part	TTv-L	62CF9E	0.3591875170604908
406	left Taenia tecta, ventral part, layers 1-3	TTv1-3-L	62D09E	0.0
407	left Taenia tecta, ventral part, layer 1	TTv1-L	62CE9F	0.0
408	left Taenia tecta, ventral part, layer 2	TTv2-L	60D09F	0.0
409	left Taenia tecta, ventral part, layer 3	TTv3-L	62CF9D	0.0
410	left Dorsal peduncular area	DP-L	A3DAA3	0.25014063688104216
411	left Dorsal peduncular area, layer 1	DP1-L	A4D9A4	0.0
412	left Dorsal peduncular area, layer 2	DP2-L	A3DAA4	0.0
413	left Dorsal peduncular area, layer 2/3	DP2/3-L	A4DAA3	0.0
414	left Dorsal peduncular area, layer 5	DP5-L	A4D9A3	0.0
415	left Dorsal peduncular area, layer 6a	DP6a-L	A4DAA4	0.0
416	left Piriform area	PIR-L	6ACAB9	5.782515899654754
417	left Piriform area, layers 1-3	PIR1-3-L	6ACBBA	0.0
418	left Piriform area, molecular layer	PIR1-L	6ACBB9	0.0
419	left Piriform area, pyramidal layer	PIR2-L	6ACABA	0.0
420	left Piriform area, polymorph layer	PIR3-L	69CBBA	0.0
421	left Nucleus of the lateral olfactory tract	NLOT-L	95E3C7	0.0
422	left Nucleus of the lateral olfactory tract, layers 1-3	NLOT1-3-L	94E4C8	0.0
423	left Nucleus of the lateral olfactory tract, molecular layer	NLOT1-L	95E4C7	0.055718752646498615
424	left Nucleus of the lateral olfactory tract, pyramidal layer	NLOT2-L	95E3C8	0.07475000355043449
425	left Nucleus of the lateral olfactory tract, layer 3	NLOT3-L	94E4C7	0.028875001371488906
426	left Cortical amygdalar area	COA-L	60E7B5	0.0
427	left Cortical amygdalar area, anterior part	COAa-L	60E5B7	0.3837343932264048
428	left Cortical amygdalar area, anterior part, layer 1	COAa1-L	61E7B7	0.0
429	left Cortical amygdalar area, anterior part, layer 2	COAa2-L	61E7B6	0.0
430	left Cortical amygdalar area, anterior part, layer 3	COAa3-L	61E6B7	0.0
431	left Cortical amygdalar area, posterior part	COAp-L	5FE7B6	0.0
432	left Cortical amygdalar area, posterior part, lateral zone	COApl-L	5FE6B7	0.6010156535467104
433	left Cortical amygdalar area, posterior part, lateral zone, layers 1-2	COApl1-2-L	61E6B5	0.0
434	left Cortical amygdalar area, posterior part, lateral zone, layers 1-3	COApl1-3-L	61E5B7	0.0
435	left Cortical amygdalar area, posterior part, lateral zone, layer 1	COApl1-L	60E7B7	0.0
436	left Cortical amygdalar area, posterior part, lateral zone, layer 2	COApl2-L	61E6B6	0.0
437	left Cortical amygdalar area, posterior part, lateral zone, layer 3	COApl3-L	60E7B6	0.0
438	left Cortical amygdalar area, posterior part, medial zone	COApm-L	60E6B5	0.6475625307575683
439	left Cortical amygdalar area, posterior part, medial zone, layers 1-2	COApm1-2-L	61E5B6	0.0
440	left Cortical amygdalar area, posterior part, medial zone, layers 1-3	COApm1-3-L	5FE7B7	0.0
441	left Cortical amygdalar area, posterior part, medial zone, layer 1	COApm1-L	60E6B7	0.0
442	left Cortical amygdalar area, posterior part, medial zone, layer 2	COApm2-L	60E6B6	0.0
443	left Cortical amygdalar area, posterior part, medial zone, layer 3	COApm3-L	61E7B5	0.0
444	left Piriform-amygdalar area	PAA-L	59D9AA	0.595578153288443
445	left Piriform-amygdalar area, layers 1-3	PAA1-3-L	59DAAB	0.0
446	left Piriform-amygdalar area, molecular layer	PAA1-L	59DAAA	0.0
447	left Piriform-amygdalar area, pyramidal layer	PAA2-L	59D9AB	0.0
448	left Piriform-amygdalar area, polymorph layer	PAA3-L	58DAAB	0.0
449	left Postpiriform transition area	TR-L	A8ECD2	0.6994531582222407
450	left Postpiriform transition area, layers 1-3	TR1-3-L	A8ECD3	0.0
451	left Postpiriform transition area, layers 1	TR1-L	A8EBD3	0.0
452	left Postpiriform transition area, layers 2	TR2-L	A7ECD3	0.0
453	left Postpiriform transition area, layers 3	TR3-L	A8EBD2	0.0
454	left Hippocampal formation	HPF-L	7DCD4B	0.21015625998188625
455	left Hippocampal region	HIP-L	7DD048	0.0
456	left Ammon's horn	CA-L	7ED04A	0.0
457	left Field CA1	CA1-L	7ECF4B	5.104156492434413
458	left Field CA1, stratum lacunosum-moleculare	CA1slm-L	7DD04B	0.0
459	left Field CA1, stratum oriens	CA1so-L	7ECF4A	0.0
460	left Field CA1, pyramidal layer	CA1sp-L	66A83D	0.0
461	left Field CA1, stratum radiatum	CA1sr-L	7DD04A	0.0
462	left Field CA2	CA2-L	7DCF4B	0.23789063629919838
463	left Field CA2, stratum lacunosum-moleculare	CA2slm-L	7DCF4A	0.0
464	left Field CA2, stratum oriens	CA2so-L	7ED049	0.0
465	left Field CA2, pyramidal layer	CA2sp-L	66A83C	0.0
466	left Field CA2, stratum radiatum	CA2sr-L	7ECE4B	0.0
467	left Field CA3	CA3-L	7ECF49	3.1315626487412374
468	left Field CA3, stratum lacunosum-moleculare	CA3slm-L	7DD049	0.0
469	left Field CA3, stratum lucidum	CA3slu-L	7DCE4B	0.0
470	left Field CA3, stratum oriens	CA3so-L	7CD04A	0.0
471	left Field CA3, pyramidal layer	CA3sp-L	66A73D	0.0
472	left Field CA3, stratum radiatum	CA3sr-L	7CCF4B	0.0
473	left Dentate gyrus	DG-L	7DCF49	0.0
474	left Dentate gyrus, molecular layer	DG-mo-L	7BD04A	2.154328227325095
475	left Dentate gyrus, polymorph layer	DG-po-L	7ECE4A	0.3425156412686192
476	left Dentate gyrus, granule cell layer	DG-sg-L	65A83D	0.8016562880766287
477	left Dentate gyrus, subgranular zone	DG-sgz-L	7CD04B	0.0
478	left Dentate gyrus crest	DGcr-L	7DCE4A	0.0
479	left Dentate gyrus crest, molecular layer	DGcr-mo-L	7CCF4A	0.0
480	left Dentate gyrus crest, polymorph layer	DGcr-po-L	7ECE49	0.0
481	left Dentate gyrus crest, granule cell layer	DGcr-sg-L	7CD049	0.0
482	left Dentate gyrus lateral blade	DGlb-L	7CCE4B	0.0
483	left Dentate gyrus lateral blade, molecular layer	DGlb-mo-L	7ED048	0.0
484	left Dentate gyrus lateral blade, polymorph layer	DGlb-po-L	7ECD4B	0.0
485	left Dentate gyrus lateral blade, granule cell layer	DGlb-sg-L	7DCE49	0.0
486	left Dentate gyrus medial blade	DGmb-L	7CCF49	0.0
487	left Dentate gyrus medial blade, molecular layer	DGmb-mo-L	7CCE4A	0.0
488	left Dentate gyrus medial blade, polymorph layer	DGmb-po-L	7BD04B	0.0
489	left Dentate gyrus medial blade, granule cell layer	DGmb-sg-L	7ECF48	0.0
490	left Fasciola cinerea	FC-L	7ECD4A	0.030546876450898708
491	left Induseum griseum	IG-L	7ED04B	0.060703127883243724
492	left Retrohippocampal region	RHP-L	30B625	0.0
493	left Entorhinal area	ENT-L	32B822	0.0
494	left Entorhinal area, lateral part	ENTl-L	32B525	0.0
495	left Entorhinal area, lateral part, layer 1	ENTl1-L	32B722	0.4903125232885941
496	left Entorhinal area, lateral part, layer 2	ENTl2-L	32B825	0.8018594130862766
497	left Entorhinal area, lateral part, layer 2/3	ENTl2/3-L	2FB825	0.0
498	left Entorhinal area, lateral part, layer 2a	ENTl2a-L	30B624	0.0
499	left Entorhinal area, lateral part, layer 2b	ENTl2b-L	30B823	0.0
500	left Entorhinal area, lateral part, layer 3	ENTl3-L	32B725	0.659062531303789
501	left Entorhinal area, lateral part, layer 4	ENTl4-L	32B724	0.0
502	left Entorhinal area, lateral part, layer 4/5	ENTl4/5-L	31B724	0.0
503	left Entorhinal area, lateral part, layer 5	ENTl5-L	31B824	0.7134375338864629
504	left Entorhinal area, lateral part, layer 5/6	ENTl5/6-L	30B825	0.0
505	left Entorhinal area, lateral part, layer 6a	ENTl6a-L	32B824	0.5238906498834695
506	left Entorhinal area, lateral part, layer 6b	ENTl6b-L	31B825	0.0
507	left Entorhinal area, medial part, dorsal zone	ENTm-L	31B623	0.0
508	left Entorhinal area, medial part, dorsal zone, layer 1	ENTm1-L	31B625	0.6225937795716163
509	left Entorhinal area, medial part, dorsal zone, layer 2	ENTm2-L	30B824	0.630703154956791
510	left Entorhinal area, medial part, dorsal zone, layer 2a	ENTm2a-L	32B624	0.0
511	left Entorhinal area, medial part, dorsal zone, layer 2b	ENTm2b-L	31B823	0.0
512	left Entorhinal area, medial part, dorsal zone, layer 3	ENTm3-L	31B723	0.49154689834722376
513	left Entorhinal area, medial part, dorsal zone, layer 4	ENTm4-L	31B624	0.0
514	left Entorhinal area, medial part, dorsal zone, layer 5	ENTm5-L	30B724	0.4567968966966873
515	left Entorhinal area, medial part, dorsal zone, layer 5/6	ENTm5/6-L	30B725	0.0
516	left Entorhinal area, medial part, dorsal zone, layer 6	ENTm6-L	32B623	0.3139062649097468
517	left Entorhinal area, medial part, ventral zone	ENTmv-L	30B723	0.0
518	left Entorhinal area, medial part, ventral zone, layer 1	ENTmv1-L	31B725	0.0
519	left Entorhinal area, medial part, ventral zone, layer 2	ENTmv2-L	32B823	0.0
520	left Entorhinal area, medial part, ventral zone, layer 3	ENTmv3-L	32B625	0.0
521	left Entorhinal area, medial part, ventral zone, layer 4	ENTmv4-L	32B723	0.0
522	left Entorhinal area, medial part, ventral zone, layer 5/6	ENTmv5/6-L	32B524	0.0
523	left Parasubiculum	PAR-L	72D568	0.46660939716275607
524	left Parasubiculum, layer 1	PAR1-L	72D469	0.0
525	left Parasubiculum, layer 2	PAR2-L	71D569	0.0
526	left Parasubiculum, layer 3	PAR3-L	72D569	0.0
527	left Postsubiculum	POST-L	47C83C	0.5401562756560452
528	left Postsubiculum, layer 1	POST1-L	48C73C	0.0
529	left Postsubiculum, layer 2	POST2-L	48C83B	0.0
530	left Postsubiculum, layer 3	POST3-L	48C83C	0.0
531	left Presubiculum	PRE-L	59B847	0.4619062719393696
532	left Presubiculum, layer 1	PRE1-L	59B947	0.0
533	left Presubiculum, layer 2	PRE2-L	59B946	0.0
534	left Presubiculum, layer 3	PRE3-L	58B947	0.0
535	left Subiculum	SUB-L	4FC244	1.0515625499465386
536	left Subiculum, dorsal part	SUBd-L	4FC243	0.0
537	left Subiculum, dorsal part, molecular layer	SUBd-m-L	4EC244	0.0
538	left Subiculum, dorsal part, pyramidal layer	SUBd-sp-L	4BB547	0.0
539	left Subiculum, dorsal part, stratum radiatum	SUBd-sr-L	4FC143	0.0
540	left Subiculum, ventral part	SUBv-L	4FC144	0.0
541	left Subiculum, ventral part, molecular layer	SUBv-m-L	4EC243	0.0
542	left Subiculum, ventral part, pyramidal layer	SUBv-sp-L	4BB546	0.0
543	left Subiculum, ventral part, stratum radiatum	SUBv-sr-L	4EC144	0.0
544	left Prosubiculum	ProS-L	57B947	0.6499062808688905
545	left Prosubiculum, dorsal part	ProSd-L	57BA47	0.0
546	left Prosubiculum, dorsal part, molecular layer	ProSd-m-L	58BA48	0.0
547	left Prosubiculum, dorsal part, pyramidal layer	ProSd-sp-L	56B84B	0.0
548	left Prosubiculum, dorsal part, stratum radiatum	ProSd-sr-L	57B948	0.0
549	left Prosubiculum, ventral part	ProSv-L	58BA47	0.0
550	left Prosubiculum, ventral part, molecular layer	ProSv-m-L	58B948	0.0
551	left Prosubiculum, ventral part, pyramidal layer	ProSv-sp-L	56B84A	0.0
552	left Prosubiculum, ventral part, stratum radiatum	Prosv-sr-L	57BA48	0.0
553	left Hippocampo-amygdalar transition area	HATA-L	33B931	0.21106251002493082
554	left Area prostriata	APr-L	33B932	0.16109375765154255
555	left Cortical subplate	CTXsp-L	8AD987	0.1872968838961242
556	left Layer 6b, isocortex	6b-L	8ADA87	0.0
557	left Claustrum	CLA-L	8ADA86	0.2760156381100387
558	left Endopiriform nucleus	EP-L	A0EE9D	0.0
559	left Endopiriform nucleus, dorsal part	EPd-L	A0EE9C	0.9088281681670196
560	left Endopiriform nucleus, ventral part	EPv-L	A0ED9D	0.4863437731000886
561	left Lateral amygdalar nucleus	LA-L	90EB8D	0.4186093948828784
562	left Basolateral amygdalar nucleus	BLA-L	9DE79C	0.0
563	left Basolateral amygdalar nucleus, anterior part	BLAa-L	9DE79B	0.38532814330210385
564	left Basolateral amygdalar nucleus, posterior part	BLAp-L	9DE69C	0.35570314189499186
565	left Basolateral amygdalar nucleus, ventral part	BLAv-L	9CE79C	0.2094218849470053
566	left Basomedial amygdalar nucleus	BMA-L	84EA81	0.0
567	left Basomedial amygdalar nucleus, anterior part	BMAa-L	84EA80	0.38395314323679486
568	left Basomedial amygdalar nucleus, posterior part	BMAp-L	84E981	0.35848439202709415
569	left Posterior amygdalar nucleus	PA-L	97EC93	0.483109397946464
570	left Cerebral nuclei	CNU-L	98D6F8	0.0
571	left Striatum	STR-L	97D6F9	1.335156313416519
572	left Striatum dorsal region	STRd-L	98D6F9	0.0
573	left Caudoputamen	CP-L	98D5F9	13.009156867901766
574	left Striatum ventral region	STRv-L	7FCDF7	0.0
575	left Nucleus accumbens	ACB-L	80CDF8	2.1995313544721284
576	left Fundus of striatum	FS-L	7ECDF8	0.21606251026241807
577	left Olfactory tubercle	OT-L	7FCCF7	1.9091875906815403
578	left Islands of Calleja	isl-L	80CCF7	0.0
579	left Major island of Calleja	islm-L	80CDF6	0.0
580	left Olfactory tubercle, layers 1-3	OT1-3-L	80CDF7	0.0
581	left Olfactory tubercle, molecular layer	OT1-L	7FCCF8	0.0
582	left Olfactory tubercle, pyramidal layer	OT2-L	80CCF8	0.0
583	left Olfactory tubercle, polymorph layer	OT3-L	7FCDF8	0.0
584	left Lateral strip of striatum	LSS-L	80CBF8	0.0
585	left Lateral septal complex	LSX-L	90CAEC	0.0
586	left Lateral septal nucleus	LS-L	90CBED	0.0
587	left Lateral septal nucleus, caudal (caudodorsal) part	LSc-L	90CBEC	0.2816093883757276
588	left Lateral septal nucleus, rostral (rostroventral) part	LSr-L	90CAED	0.939234419611239
589	left Lateral septal nucleus, ventral part	LSv-L	8FCBED	0.3035156394162186
590	left Septofimbrial nucleus	SF-L	8FCBEC	0.23356251109362347
591	left Septohippocampal nucleus	SH-L	8FCAED	0.01870312588835077
592	left Striatum-like amygdalar nuclei	sAMY-L	80C0E1	0.0
593	left Anterior amygdalar area	AAA-L	80C0E2	0.2471093867370655
594	left Bed nucleus of the accessory olfactory tract	BA-L	80BFE2	0.01257812559742888
595	left Central amygdalar nucleus	CEA-L	7EC0E2	0.0
596	left Central amygdalar nucleus, capsular part	CEAc-L	80BFE0	0.15460938234355126
597	left Central amygdalar nucleus, lateral part	CEAl-L	80BEE1	0.13001563117541082
598	left Central amygdalar nucleus, medial part	CEAm-L	7FC0E0	0.3743906427826005
599	left Intercalated amygdalar nucleus	IA-L	80BEE2	0.09160937935121183
600	left Medial amygdalar nucleus	MEA-L	80BFE1	1.0132344231260504
601	left Medial amygdalar nucleus, anterodorsal part	MEAad-L	7FC0E2	0.0
602	left Medial amygdalar nucleus, anteroventral part	MEAav-L	7FC0E1	0.0
603	left Medial amygdalar nucleus, posterodorsal part	MEApd-L	7FBFE2	0.0
604	left Medial amygdalar nucleus, posterodorsal part, sublayer a	MEApd-a-L	7FBFE1	0.0
605	left Medial amygdalar nucleus, posterodorsal part, sublayer b	MEApd-b-L	80C0E0	0.0
606	left Medial amygdalar nucleus, posterodorsal part, sublayer c	MEApd-c-L	7EC0E1	0.0
607	left Medial amygdalar nucleus, posteroventral part	MEApv-L	7FBEE2	0.0
608	left Pallidum	PAL-L	8599CC	0.5637969017789146
609	left Pallidum, dorsal region	PALd-L	8599CB	0.0
610	left Globus pallidus, external segment	GPe-L	8598CC	0.7815937871237111
611	left Globus pallidus, internal segment	GPi-L	8499CC	0.21179688505981176
612	left Pallidum, ventral region	PALv-L	A2B0D8	0.0
613	left Substantia innominata	SI-L	A2B1D7	1.5137969469014934
614	left Magnocellular nucleus	MA-L	A2B1D8	0.1823437586608634
615	left Pallidum, medial region	PALm-L	95A7D3	0.0
616	left Medial septal complex	MSC-L	96A6D2	0.0
617	left Medial septal nucleus	MS-L	96A7D3	0.20089063454179268
618	left Diagonal band nucleus	NDB-L	96A6D3	0.36664064241449523
619	left Triangular nucleus of septum	TRS-L	96A7D2	0.1761562583669729
620	left Pallidum, caudal region	PALc-L	B1BFDF	0.0
621	left Bed nuclei of the stria terminalis	BST-L	B3C0DE	0.6702344068344246
622	left Bed nuclei of the stria terminalis, anterior division	BSTa-L	B3BFDF	0.0
623	left Bed nuclei of the stria terminalis, anterior division, anterolateral area	BSTal-L	B2BFDD	0.0
624	left Bed nuclei of the stria terminalis, anterior division, anteromedial area	BSTam-L	B3BFDE	0.0
625	left Bed nuclei of the stria terminalis, anterior division, dorsomedial nucleus	BSTdm-L	B2C0DE	0.0
626	left Bed nuclei of the stria terminalis, anterior division, fusiform nucleus	BSTfu-L	B2BFDF	0.0
627	left Bed nuclei of the stria terminalis, anterior division, juxtacapsular nucleus	BSTju-L	B3BEDF	0.0
628	left Bed nuclei of the stria terminalis, anterior division, magnocellular nucleus	BSTmg-L	B2BFDE	0.0
629	left Bed nuclei of the stria terminalis, anterior division, oval nucleus	BSTov-L	B1C0DF	0.0
630	left Bed nuclei of the stria terminalis, anterior division, rhomboid nucleus	BSTrh-L	B3BFDD	0.0
631	left Bed nuclei of the stria terminalis, anterior division, ventral nucleus	BSTv-L	B3C0DD	0.0
632	left Bed nuclei of the stria terminalis, posterior division	BSTp-L	B2C0DF	0.0
633	left Bed nuclei of the stria terminalis, posterior division, dorsal nucleus	BSTd-L	B3BEDE	0.0
634	left Bed nuclei of the stria terminalis, posterior division, principal nucleus	BSTpr-L	B2C0DD	0.0
635	left Bed nuclei of the stria terminalis, posterior division, interfascicular nucleus	BSTif-L	B2BEDE	0.0
636	left Bed nuclei of the stria terminalis, posterior division, transverse nucleus	BSTtr-L	B2BEDF	0.0
637	left Bed nuclei of the stria terminalis, posterior division, strial extension	BSTse-L	B1C0DE	0.0
638	left Bed nucleus of the anterior commissure	BAC-L	B3C0DF	0.0037500001781154424
639	left Brain stem	BS-L	FF7080	0.0
640	left Interbrain	IB-L	FF707F	0.0
641	left Thalamus	TH-L	FF6F80	0.45923439681246236
642	left Thalamus, sensory-motor cortex related	DORsm-L	FE7E84	0.0
643	left Ventral group of the dorsal thalamus	VENT-L	FF8082	0.0
644	left Ventral anterior-lateral complex of the thalamus	VAL-L	FD7E84	0.40915626943387906
645	left Ventral medial nucleus of the thalamus	VM-L	FF7E84	0.46290627198686707
646	left Ventral posterior complex of the thalamus	VP-L	FF8081	0.0
647	left Ventral posterolateral nucleus of the thalamus	VPL-L	FD8084	0.4387656458402489
648	left Ventral posterolateral nucleus of the thalamus, parvicellular part	VPLpc-L	FF7F82	0.049406252346670954
649	left Ventral posteromedial nucleus of the thalamus	VPM-L	FF7E83	0.8220625390458736
650	left Ventral posteromedial nucleus of the thalamus, parvicellular part	VPMpc-L	FE8082	0.106968755080743
651	left Posterior triangular thalamic nucleus	PoT-L	FF7E82	0.13970313163554238
652	left Subparafascicular nucleus	SPF-L	FF8083	0.0
653	left Subparafascicular nucleus, magnocellular part	SPFm-L	FF7F84	0.03465625164608355
654	left Subparafascicular nucleus, parvicellular part	SPFp-L	FE8084	0.0672500031942036
655	left Subparafascicular area	SPA-L	FE7F83	0.064859378080655
656	left Peripeduncular nucleus	PP-L	FD7F84	0.030562501451640856
657	left Geniculate group, dorsal thalamus	GENd-L	FD8083	0.0
658	left Medial geniculate complex	MG-L	FF7F83	0.0
659	left Medial geniculate complex, dorsal part	MGd-L	FE7F82	0.08604687908700726
660	left Medial geniculate complex, ventral part	MGv-L	FE7E83	0.13854688158062345
661	left Medial geniculate complex, medial part	MGm-L	FD7F83	0.12506250594015
662	left Dorsal part of the lateral geniculate complex	LGd-L	FF8084	0.0
663	left Dorsal part of the lateral geniculate complex, shell	LGd-sh-L	FE8083	0.10398437993899279
664	left Dorsal part of the lateral geniculate complex, core	LGd-co-L	FE7F84	0.20979688496481685
665	left Dorsal part of the lateral geniculate complex, ipsilateral zone	LGd-ip-L	FD8082	0.047843752272456186
666	left Thalamus, polymodal association cortex related	DORpm-L	FE909C	0.0
667	left Lateral group of the dorsal thalamus	LAT-L	FE8F9F	0.0
668	left Lateral posterior nucleus of the thalamus	LP-L	FE909D	0.6015625285726856
669	left Posterior complex of the thalamus	PO-L	FF8E9C	0.6261406547400838
670	left Posterior limiting nucleus of the thalamus	POL-L	FF8D9D	0.1025468798707152
671	left Suprageniculate nucleus	SGN-L	FF8E9D	0.09089062931707304
672	left Ethmoid nucleus of the thalamus	Eth-L	FD8F9C	0.11782813059653563
673	left Retroethmoid nucleus	REth-L	FD8D9E	0.0
674	left Anterior group of the dorsal thalamus	ATN-L	FE8E9F	0.0
675	left Anteroventral nucleus of thalamus	AV-L	FD909E	0.2078125098705641
676	left Anteromedial nucleus	AM-L	FE909E	0.0
677	left Anteromedial nucleus, dorsal part	AMd-L	FD8D9F	0.12226563080730557
678	left Anteromedial nucleus, ventral part	AMv-L	FC909D	0.08306250394525705
679	left Anterodorsal nucleus	AD-L	FF8F9E	0.08021875381018617
680	left Interanteromedial nucleus of the thalamus	IAM-L	FE8E9C	0.02125000100932084
681	left Interanterodorsal nucleus of the thalamus	IAD-L	FC8E9F	0.05637500267766882
682	left Lateral dorsal nucleus of thalamus	LD-L	FF909D	0.5081718991368689
683	left Medial group of the dorsal thalamus	MED-L	FF909C	0.0
684	left Intermediodorsal nucleus of the thalamus	IMD-L	FE909F	0.08503125403876766
685	left Mediodorsal nucleus of thalamus	MD-L	FD909D	0.6888125327168382
686	left Mediodorsal nucleus of the thalamus, central part	MDc-L	FC909F	0.0
687	left Mediodorsal nucleus of the thalamus, lateral part	MDl-L	FF8F9C	0.0
688	left Mediodorsal nucleus of the thalamus, medial part	MDm-L	FF8D9E	0.0
689	left Submedial nucleus of the thalamus	SMT-L	FD8E9F	0.1536093822960538
690	left Perireunensis nucleus	PR-L	FD909C	0.07578125359941623
691	left Midline group of the dorsal thalamus	MTN-L	FE8E9D	0.0
692	left Paraventricular nucleus of the thalamus	PVT-L	FE8F9E	0.21714063531362626
693	left Parataenial nucleus	PT-L	FF909F	0.11501563046294905
694	left Nucleus of reuniens	RE-L	FD909F	0.21032813499004988
695	left Xiphoid thalamic nucleus	Xi-L	FC8F9F	0.041531251972628525
696	left Intralaminar nuclei of the dorsal thalamus	ILM-L	FF8F9F	0.0
697	left Rhomboid nucleus	RH-L	FF8E9E	0.04453125211512088
698	left Central medial nucleus of the thalamus	CM-L	FD8E9E	0.12253125581992208
699	left Paracentral nucleus	PCN-L	FE8D9F	0.119031255653681
700	left Central lateral nucleus of the thalamus	CL-L	FD8F9D	0.18170313363043533
701	left Parafascicular nucleus	PF-L	FC909E	0.24450001161312684
702	left Posterior intralaminar thalamic nucleus	PIL-L	FE8D9E	0.08790625417532283
703	left Reticular nucleus of the thalamus	RT-L	FD8F9F	0.723500034364406
704	left Geniculate group, ventral thalamus	GENv-L	FD8E9D	0.0
705	left Intergeniculate leaflet of the lateral geniculate complex	IGL-L	FF909E	0.03443750163569348
706	left Intermediate geniculate nucleus	IntG-L	FE8D9D	0.011171875530635589
707	left Ventral part of the lateral geniculate complex	LGv-L	FF8E9F	0.2021093845996802
708	left Ventral part of the lateral geniculate complex, lateral zone	LGvl-L	FE8F9D	0.0
709	left Ventral part of the lateral geniculate complex, medial zone	LGvm-L	FE8E9E	0.0
710	left Subgeniculate nucleus	SubG-L	FD8F9E	0.01331250063230982
711	left Epithalamus	EPI-L	FC8F9E	0.0
712	left Medial habenula	MH-L	FF8D9F	0.16023438261072442
713	left Lateral habenula	LH-L	FF8F9D	0.17298438321631693
714	left Pineal body	PIN-L	FE8F9C	0.0
715	left Hypothalamus	HY-L	E64438	1.3763438153728202
716	left Periventricular zone	PVZ-L	FF5C4E	0.0
717	left Supraoptic nucleus	SO-L	FE5B50	0.023250001104315743
718	left Accessory supraoptic group	ASO-L	FE5D4E	0.003046875144718797
719	left Nucleus circularis	NC-L	FD5D4F	0.0
720	left Paraventricular hypothalamic nucleus	PVH-L	FF5D4F	0.09279687940761505
721	left Paraventricular hypothalamic nucleus, magnocellular division	PVHm-L	FF5C4F	0.0
722	left Paraventricular hypothalamic nucleus, magnocellular division, anterior magnocellular part	PVHam-L	FF5C50	0.0
723	left Paraventricular hypothalamic nucleus, magnocellular division, medial magnocellular part	PVHmm-L	FE5D4F	0.0
724	left Paraventricular hypothalamic nucleus, magnocellular division, posterior magnocellular part	PVHpm-L	FF5D4E	0.0
725	left Paraventricular hypothalamic nucleus, magnocellular division, posterior magnocellular part, lateral zone	PVHpml-L	FD5C50	0.0
726	left Paraventricular hypothalamic nucleus, magnocellular division, posterior magnocellular part, medial zone	PVHpmm-L	FE5C4E	0.0
727	left Paraventricular hypothalamic nucleus, parvicellular division	PVHp-L	FE5C4F	0.0
728	left Paraventricular hypothalamic nucleus, parvicellular division, anterior parvicellular part	PVHap-L	FE5D50	0.0
729	left Paraventricular hypothalamic nucleus, parvicellular division, medial parvicellular part, dorsal zone	PVHmpd-L	FE5C50	0.0
730	left Paraventricular hypothalamic nucleus, parvicellular division, periventricular part	PVHpv-L	FF5B50	0.0
731	left Periventricular hypothalamic nucleus, anterior part	PVa-L	FF5D50	0.02460937616888259
732	left Periventricular hypothalamic nucleus, intermediate part	PVi-L	FD5D50	0.09664062959018338
733	left Arcuate hypothalamic nucleus	ARH-L	FF5B4F	0.1419062567401852
734	left Periventricular region	PVR-L	FF5446	0.0
735	left Anterodorsal preoptic nucleus	ADP-L	FF5547	0.05039062739342626
736	left Anterior hypothalamic area	AHA-L	FF5546	0.0
737	left Anteroventral preoptic nucleus	AVP-L	FE5447	0.04592187718117202
738	left Anteroventral periventricular nucleus	AVPV-L	FE5446	0.09026562928738713
739	left Dorsomedial nucleus of the hypothalamus	DMH-L	FE5445	0.18612500884046312
740	left Dorsomedial nucleus of the hypothalamus, anterior part	DMHa-L	FE5545	0.0
741	left Dorsomedial nucleus of the hypothalamus, posterior part	DMHp-L	FE5347	0.0
742	left Dorsomedial nucleus of the hypothalamus, ventral part	DMHv-L	FD5546	0.0
743	left Median preoptic nucleus	MEPO-L	FF5445	0.01821875086534419
744	left Medial preoptic area	MPO-L	FF5346	0.27884376324436744
745	left Vascular organ of the lamina terminalis	OV-L	FD5447	0.00417187519815343
746	left Posterodorsal preoptic nucleus	PD-L	FE5346	0.005765625273852493
747	left Parastrial nucleus	PS-L	FD5446	0.04829687729397847
748	left Suprachiasmatic preoptic nucleus	PSCH-L	FF5345	0.0
749	left Periventricular hypothalamic nucleus, posterior part	PVp-L	FF5447	0.06295312799011299
750	left Periventricular hypothalamic nucleus, preoptic part	PVpo-L	FE5547	0.07054687835079676
751	left Subparaventricular zone	SBPV-L	FD5547	0.05406250256783096
752	left Suprachiasmatic nucleus	SCH-L	FF5545	0.03300000156741589
753	left Subfornical organ	SFO-L	FF5347	0.0104218754950125
754	left Ventromedial preoptic nucleus	VMPO-L	FD5545	0.025109376192631316
755	left Ventrolateral preoptic nucleus	VLPO-L	FE5546	0.03343750158819603
756	left Hypothalamic medial zone	MEZ-L	FF4C3C	0.0
757	left Anterior hypothalamic nucleus	AHN-L	FF4B3E	0.35468751684675226
758	left Anterior hypothalamic nucleus, anterior part	AHNa-L	FE4C3C	0.0
759	left Anterior hypothalamic nucleus, central part	AHNc-L	FE4C3E	0.0
760	left Anterior hypothalamic nucleus, dorsal part	AHNd-L	FE4A3E	0.0
761	left Anterior hypothalamic nucleus, posterior part	AHNp-L	FD4C3D	0.0
762	left Mammillary body	MBO-L	FE4C3D	0.0
763	left Lateral mammillary nucleus	LM-L	FF4B3D	0.038843751844979124
764	left Medial mammillary nucleus	MM-L	FF4A3E	0.0
765	left Medial mammillary nucleus, median part	Mmme-L	FD4B3E	0.037500001781154424
766	left Medial mammillary nucleus, lateral part	Mml-L	FC4B3E	0.1065781300621893
767	left Medial mammillary nucleus, medial part	Mmm-L	FE4A3C	0.06818750323873246
768	left Medial mammillary nucleus, posterior part	Mmp-L	FE493D	0.01821875086534419
769	left Medial mammillary nucleus, dorsal part	Mmd-L	FD4A3D	0.03771875179154449
770	left Supramammillary nucleus	SUM-L	FF493D	0.12668750601733336
771	left Supramammillary nucleus, lateral part	SUMl-L	FE4C3B	0.0
772	left Supramammillary nucleus, medial part	SUMm-L	FE493E	0.0
773	left Tuberomammillary nucleus	TM-L	FF4B3C	0.0
774	left Tuberomammillary nucleus, dorsal part	TMd-L	FC4C3D	0.017328125823041773
775	left Tuberomammillary nucleus, ventral part	TMv-L	FF4C3E	0.05418750257376814
776	left Medial preoptic nucleus	MPN-L	FD4C3E	0.20114063455366704
777	left Medial preoptic nucleus, central part	MPNc-L	FE4A3D	0.0
778	left Medial preoptic nucleus, lateral part	MPNl-L	FD4B3D	0.0
779	left Medial preoptic nucleus, medial part	MPNm-L	FF4A3C	0.0
780	left Dorsal premammillary nucleus	PMd-L	FC4C3E	0.06585937812815246
781	left Ventral premammillary nucleus	PMv-L	FF4B3B	0.09790625465029734
782	left Paraventricular hypothalamic nucleus, descending division	PVHd-L	FF4C3D	0.06534375310366158
783	left Paraventricular hypothalamic nucleus, descending division, dorsal parvicellular part	PVHdp-L	FE4B3E	0.0
784	left Paraventricular hypothalamic nucleus, descending division, forniceal part	PVHf-L	FE4B3D	0.0
785	left Paraventricular hypothalamic nucleus, descending division, lateral parvicellular part	PVHlp-L	FE4B3B	0.0
786	left Paraventricular hypothalamic nucleus, descending division, medial parvicellular part, ventral zone	PVHmpv-L	FE4B3C	0.0
787	left Ventromedial hypothalamic nucleus	VMH-L	FF4A3D	0.2743125130291446
788	left Ventromedial hypothalamic nucleus, anterior part	VMHa-L	FD4C3C	0.0
789	left Ventromedial hypothalamic nucleus, central part	VMHc-L	FD4A3E	0.0
790	left Ventromedial hypothalamic nucleus, dorsomedial part	VMHdm-L	FF4C3B	0.0
791	left Ventromedial hypothalamic nucleus, ventrolateral part	VMHvl-L	FF493E	0.0
792	left Posterior hypothalamic nucleus	PH-L	FD4B3C	0.3521093917242979
793	left Hypothalamic lateral zone	LZ-L	F1483B	0.0
794	left Lateral hypothalamic area	LHA-L	F2483A	1.0360625492103281
795	left Lateral preoptic area	LPO-L	F2473B	0.2772656381694105
796	left Preparasubthalamic nucleus	PST-L	F2473A	0.0064531253065069905
797	left Parasubthalamic nucleus	PSTN-L	F1483A	0.08318750395119423
798	left Perifornical nucleus	PeF-L	F2463A	0.10704688008445373
799	left Retrochiasmatic area	RCH-L	F2483B	0.0739375035118428
800	left Subthalamic nucleus	STN-L	F1473B	0.09725000461912714
801	left Tuberal nucleus	TU-L	F24839	0.2617812624339422
802	left Zona incerta	ZI-L	F0483B	0.7795000370242633
803	left Dopaminergic A13 group	A13-L	F2463B	0.0
804	left Fields of Forel	FF-L	F24739	0.12095313074496516
805	left Median eminence	ME-L	F1473A	0.038703126838299795
806	left Midbrain	MB-L	FF64FF	3.367875159965479
807	left Midbrain, sensory related	MBsen-L	FE7AFF	0.0
808	left Superior colliculus, sensory related	SCs-L	FF79FF	0.0
809	left Superior colliculus, optic layer	SCop-L	FD7AFF	0.32100001524668187
810	left Superior colliculus, superficial gray layer	SCsg-L	FF78FF	0.5754375273318146
811	left Superior colliculus, zonal layer	SCzo-L	FF7AFD	0.18078125858664862
812	left Inferior colliculus	IC-L	FF7AFF	0.0
813	left Inferior colliculus, central nucleus	ICc-L	FE7AFE	0.5633437767573923
814	left Inferior colliculus, dorsal nucleus	ICd-L	FE79FF	0.6614531564173376
815	left Inferior colliculus, external nucleus	ICe-L	FE79FE	0.9987656724388216
816	left Nucleus of the brachium of the inferior colliculus	NB-L	FE7AFD	0.04370312707578705
817	left Nucleus sagulum	SAG-L	FF7AFE	0.049000002327375114
818	left Parabigeminal nucleus	PBG-L	FF79FD	0.02240625106423977
819	left Midbrain trigeminal nucleus	MEV-L	FF79FE	0.004812500228581484
820	left Subcommissural organ	SCO-L	FF78FE	0.006718750319123501
821	left Midbrain, motor related	MBmot-L	FE8EFE	0.0
822	left Substantia nigra, reticular part	SNr-L	FF8DFD	0.7739844117622852
823	left Ventral tegmental area	VTA-L	FE8DFF	0.21379688515480666
824	left Paranigral nucleus	PN-L	FF8EFE	0.010843750515050488
825	left Midbrain reticular nucleus, retrorubral area	RR-L	FD8FFF	0.06904687827955058
826	left Midbrain reticular nucleus	MRN-L	FF8FFD	2.572218872173835
827	left Midbrain reticular nucleus, magnocellular part	MRNm-L	FF8EFC	0.0
828	left Midbrain reticular nucleus, magnocellular part, general	MRNmg-L	FF8DFF	0.0
829	left Midbrain reticular nucleus, parvicellular part	MRNp-L	FE8EFD	0.0
830	left Superior colliculus, motor related	SCm-L	FE8FFD	0.0
831	left Superior colliculus, motor related, deep gray layer	SCdg-L	FF8FFF	0.5964062783277768
832	left Superior colliculus, motor related, deep white layer	SCdw-L	FF8FFE	0.1655312578623125
833	left Superior colliculus, motor related, intermediate white layer	SCiw-L	FF90FE	1.0450625496378052
834	left Superior colliculus, motor related, intermediate gray layer	SCig-L	FF90FF	1.0163281732729956
835	left Superior colliculus, motor related, intermediate gray layer, sublayer a	SCig-a-L	FF8EFD	0.0
836	left Superior colliculus, motor related, intermediate gray layer, sublayer b	SCig-b-L	FD90FD	0.0
837	left Superior colliculus, motor related, intermediate gray layer, sublayer c	SCig-c-L	FD8EFF	0.0
838	left Periaqueductal gray	PAG-L	FC8FFF	2.1505313521447533
839	left Precommissural nucleus	PRC-L	FE90FE	0.0857656290736486
840	left Interstitial nucleus of Cajal	INC-L	FF90FD	0.03954687687837577
841	left Nucleus of Darkschewitsch	ND-L	FD8FFD	0.04592187718117202
842	left Supraoculomotor periaqueductal gray	Su3-L	FD90FC	0.020953125995220034
843	left Pretectal region	PRT-L	FD8EFD	0.0
844	left Anterior pretectal nucleus	APN-L	FE8EFF	0.6382812803167326
845	left Medial pretectal area	MPT-L	FF90FC	0.02200000104494393
846	left Nucleus of the optic tract	NOT-L	FF8FFC	0.10285937988555816
847	left Nucleus of the posterior commissure	NPC-L	FF8DFE	0.14398438183889084
848	left Olivary pretectal nucleus	OP-L	FE90FC	0.029218751387816155
849	left Posterior pretectal nucleus	PPT-L	FC8FFE	0.07198437841907435
850	left Retroparafascicular nucleus	RPF-L	FD8DFF	0.031312501487263944
851	left Intercollicular nucleus	InCo-L	FC90FD	0.0
852	left Cuneiform nucleus	CUN-L	FC90FF	0.27551563808629
853	left Red nucleus	RN-L	FE90FD	0.39384376870657434
854	left Oculomotor nucleus	III-L	FE90FF	0.016187500768864993
855	left Medial accesory oculomotor nucleus	MA3-L	FC8EFF	0.008296875394080416
856	left Edinger-Westphal nucleus	EW-L	FE8FFC	0.010750000510597602
857	left Trochlear nucleus	IV-L	FD90FF	0.0034531251640146365
858	left Paratrochlear nucleus	Pa4-L	FE8DFE	0.007953125377753167
859	left Ventral tegmental nucleus	VTN-L	FC90FE	0.01868750088760862
860	left Anterior tegmental nucleus	AT-L	FD90FE	0.02157812602490594
861	left Lateral terminal nucleus of the accessory optic tract	LT-L	FE8FFE	0.008906250423024176
862	left Dorsal terminal nucleus of the accessory optic tract	DT-L	FF8EFF	0.005671875269399607
863	left Medial terminal nucleus of the accessory optic tract	MT-L	FE8FFF	0.021546876023421646
864	left Substantia nigra, lateral part	SNl-L	FD8EFE	0.0
865	left Midbrain, behavioral state related	MBsta-L	FD8FFE	0.0
866	left Substantia nigra, compact part	SNc-L	FFA6FD	0.09842187967478822
867	left Pedunculopontine nucleus	PPN-L	FFA5FD	0.4452812711497245
868	left Midbrain raphe nuclei	RAmb-L	FFA5FF	0.0
869	left Interfascicular nucleus raphe	IF-L	FFA6FF	0.04257812702235242
870	left Interpeduncular nucleus	IPN-L	FFA6FE	0.005890625279789674
871	left Interpeduncular nucleus, rostral	IPR-L	FFA4FE	0.03887500184646342
872	left Interpeduncular nucleus, caudal	IPC-L	FFA5FE	0.03281250155851012
873	left Interpeduncular nucleus, apical	IPA-L	FEA6FE	0.011953125567742973
874	left Interpeduncular nucleus, lateral	IPL-L	FEA5FF	0.03100000147242099
875	left Interpeduncular nucleus, intermediate	IPI-L	FEA6FD	0.01654687578593439
876	left Interpeduncular nucleus, dorsomedial	IPDM-L	FEA4FF	0.009796875465326593
877	left Interpeduncular nucleus, dorsolateral	IPDL-L	FDA6FE	0.018875000896514393
878	left Interpeduncular nucleus, rostrolateral	IPRL-L	FEA5FE	0.009671875459389412
879	left Rostral linear nucleus raphe	RL-L	FEA6FF	0.02635937625200313
880	left Central linear nucleus raphe	CLI-L	FFA4FF	0.04115625195481698
881	left Dorsal nucleus raphe	DR-L	FDA6FF	0.07235937843688589
882	left Hindbrain	HB-L	FF9B87	0.0
883	left Pons	P-L	FF9B88	1.7982500854122918
884	left Pons, sensory related	P-sen-L	FFAC6D	0.0
885	left Nucleus of the lateral lemniscus	NLL-L	FFAC6F	0.3616875171792344
886	left Nucleus of the lateral lemniscus, dorsal part	NLLd-L	FFAE6E	0.0
887	left Nucleus of the lateral lemniscus, horizontal part	NLLh-L	FFAD6F	0.0
888	left Nucleus of the lateral lemniscus, ventral part	NLLv-L	FEAE6F	0.0
889	left Principal sensory nucleus of the trigeminal	PSV-L	FFAE6F	0.5475781510085653
890	left Parabrachial nucleus	PB-L	FFAD6D	0.4727500224544201
891	left Koelliker-Fuse subnucleus	KF-L	FEAD6E	0.08771875416641706
892	left Parabrachial nucleus, lateral division	PBl-L	FEAE6D	0.0
893	left Parabrachial nucleus, lateral division, central lateral part	PBlc-L	FDAE6F	0.0
894	left Parabrachial nucleus, lateral division, dorsal lateral part	PBld-L	FFAC6E	0.0
895	left Parabrachial nucleus, lateral division, external lateral part	PBle-L	FDAE6D	0.0
896	left Parabrachial nucleus, lateral division, superior lateral part	PBls-L	FEAC6F	0.0
897	left Parabrachial nucleus, lateral division, ventral lateral part	PBlv-L	FDAD6F	0.0
898	left Parabrachial nucleus, medial division	PBm-L	FDAE6E	0.0
899	left Parabrachial nucleus, medial division, external medial part	PBme-L	FEAD6D	0.0
900	left Parabrachial nucleus, medial division, medial medial part	PBmm-L	FEAC6E	0.0
901	left Parabrachial nucleus, medial division, ventral medial part	PBmv-L	FDAD6E	0.0
902	left Superior olivary complex	SOC-L	FFAE6D	0.0
903	left Superior olivary complex, periolivary region	POR-L	FEAD6F	0.18200000864453614
904	left Superior olivary complex, medial part	SOCm-L	FFAD6E	0.09804687965697667
905	left Superior olivary complex, lateral part	SOCl-L	FEAE6E	0.16942188304710726
906	left Pons, motor related	P-mot-L	FFB886	0.0
907	left Barrington's nucleus	B-L	FFBA86	0.007671875364394509
908	left Dorsal tegmental nucleus	DTN-L	FEB985	0.05184375246244599
909	left Lateral tegmental nucleus	LTN-L	FFBA85	0.0
910	left Posterodorsal tegmental nucleus	PDTg-L	FFB984	0.02387500113400165
911	left Pontine central gray	PCG-L	FFBA84	0.2710937628762622
912	left Pontine gray	PG-L	FFB885	0.4819843978930294
913	left Pontine reticular nucleus, caudal part	PRNc-L	FDBA86	1.1740781807657186
914	left Pontine reticular nucleus, ventral part	PRNv-L	FFB985	0.0
915	left Supragenual nucleus	SG-L	FFB986	0.008593750408181222
916	left Superior salivatory nucleus	SSN-L	FEBA84	0.0
917	left Supratrigeminal nucleus	SUT-L	FEBA86	0.13021875618505874
918	left Tegmental reticular nucleus	TRN-L	FEBA85	0.34456251636584057
919	left Motor nucleus of trigeminal	V-L	FEB986	0.17748438343005546
920	left Peritrigeminal zone	P5-L	FEB886	0.15981250759068644
921	left Accessory trigeminal nucleus	Acs5-L	FDBA85	0.007234375343614374
922	left Parvicellular motor 5 nucleus	PC5-L	FDB986	0.035265626675027306
923	left Intertrigeminal nucleus	I5-L	FEB984	0.022093751049396815
924	left Pons, behavioral state related	P-sat-L	FFC195	0.0
925	left Superior central nucleus raphe	CS-L	FFC393	0.2966875140919001
926	left Superior central nucleus raphe, lateral part	CSl-L	FFC394	0.0
927	left Superior central nucleus raphe, medial part	CSm-L	FFC395	0.0
928	left Locus ceruleus	LC-L	FDC395	0.00732812534806726
929	left Laterodorsal tegmental nucleus	LDT-L	FEC395	0.10212500485067721
930	left Nucleus incertus	NI-L	FEC294	0.05192187746615673
931	left Pontine reticular nucleus	PRNr-L	FFC295	1.1820781811456982
932	left Nucleus raphe pontis	RPO-L	FFC294	0.04829687729397847
933	left Subceruleus nucleus	SLC-L	FEC394	0.013171875625630491
934	left Sublaterodorsal nucleus	SLD-L	FEC295	0.02367187612435373
935	left Medulla	MY-L	FF9BCD	2.643031375537248
936	left Medulla, sensory related	MY-sen-L	FFA3D2	0.0
937	left Area postrema	AP-L	FFA5D0	0.025875001228996553
938	left Cochlear nuclei	CN-L	FEA5D0	0.0
939	left Granular lamina of the cochlear nuclei	CNlam-L	FEA4D1	0.0
940	left Cochlear nucleus, subpedunclular granular region	CNspg-L	FFA3D1	0.0
941	left Dorsal cochlear nucleus	DCO-L	FEA5D1	0.3060000145342201
942	left Ventral cochlear nucleus	VCO-L	FEA4D2	0.5097187742103415
943	left Dorsal column nuclei	DCN-L	FDA3D2	0.0
944	left Cuneate nucleus	CU-L	FDA5D0	0.16693750792910578
945	left Gracile nucleus	GR-L	FEA3D0	0.040796876937747584
946	left External cuneate nucleus	ECU-L	FFA2D2	0.10259375487294164
947	left Nucleus of the trapezoid body	NTB-L	FEA3D2	0.077343753673631
948	left Nucleus of the solitary tract	NTS-L	FDA5D1	0.42370314512481855
949	left Nucleus of the solitary tract, central part	NTSce-L	FDA4D2	0.0
950	left Nucleus of the solitary tract, commissural part	NTSco-L	FEA4D0	0.0
951	left Nucleus of the solitary tract, gelatinous part	NTSge-L	FEA3D1	0.0
952	left Nucleus of the solitary tract, lateral part	NTSl-L	FDA4D1	0.0
953	left Nucleus of the solitary tract, medial part	NTSm-L	FFA3D0	0.0
954	left Spinal nucleus of the trigeminal, caudal part	SPVC-L	FDA4D0	0.8412812899587152
955	left Spinal nucleus of the trigeminal, interpolar part	SPVI-L	FDA5D2	0.9227187938267889
956	left Spinal nucleus of the trigeminal, oral part	SPVO-L	FFA4D0	0.4987031486871274
957	left Spinal nucleus of the trigeminal, oral part, caudal dorsomedial part	SPVOcdm-L	FFA4D1	0.0
958	left Spinal nucleus of the trigeminal, oral part, middle dorsomedial part, dorsal zone	SPVOmdmd-L	FFA5D1	0.0
959	left Spinal nucleus of the trigeminal, oral part, middle dorsomedial part, ventral zone	SPVOmdmv-L	FFA4D2	0.0
960	left Spinal nucleus of the trigeminal, oral part, rostral dorsomedial part	SPVOrdm-L	FFA5D2	0.0
961	left Spinal nucleus of the trigeminal, oral part, ventrolateral part	SPVOvl-L	FEA5D2	0.0
962	left Paratrigeminal nucleus	Pa5-L	FDA3D1	0.0510937524268229
963	left Nucleus z	z-L	FFA5CF	0.0
964	left Medulla, motor related	MY-mot-L	FEB2D7	0.0
965	left Abducens nucleus	VI-L	FDB1D9	0.015218750722851837
966	left Accessory abducens nucleus	ACVI-L	FFB1D7	0.0
967	left Facial motor nucleus	VII-L	FFB3D6	0.45854689677980787
968	left Accessory facial motor nucleus	ACVII-L	FDB0D9	0.0027656251313601388
969	left Efferent vestibular nucleus	EV-L	FDB3D7	0.0
970	left Nucleus ambiguus	AMB-L	FEB3D9	0.0
971	left Nucleus ambiguus, dorsal division	AMBd-L	FEB3D6	0.01062500050466042
972	left Nucleus ambiguus, ventral division	AMBv-L	FEB3D8	0.010968750520987669
973	left Dorsal motor nucleus of the vagus nerve	DMX-L	FDB1D8	0.08701562913302041
974	left Efferent cochlear group	ECO-L	FEB1D6	0.0
975	left Gigantocellular reticular nucleus	GRN-L	FEB0D8	1.3066250620613573
976	left Infracerebellar nucleus	ICB-L	FEB1D8	0.027125001288368367
977	left Inferior olivary complex	IO-L	FFB3D8	0.255203137121498
978	left Intermediate reticular nucleus	IRN-L	FFB2D8	1.3878906909212674
979	left Inferior salivatory nucleus	ISN-L	FFB2D9	0.0035937501706939656
980	left Linear nucleus of the medulla	LIN-L	FFB1D8	0.03085937646574166
981	left Lateral reticular nucleus	LRN-L	FDB3D8	0.0
982	left Lateral reticular nucleus, magnocellular part	LRNm-L	FCB3D7	0.25643751218012767
983	left Lateral reticular nucleus, parvicellular part	LRNp-L	FEB0D9	0.028531251355161658
984	left Magnocellular reticular nucleus	MARN-L	FDB2D9	0.265781262623932
985	left Medullary reticular nucleus	MDRN-L	FDB2D8	0.0
986	left Medullary reticular nucleus, dorsal part	MDRNd-L	FDB1D7	0.546171900941772
987	left Medullary reticular nucleus, ventral part	MDRNv-L	FFB1D6	0.46984377231638064
988	left Parvicellular reticular nucleus	PARN-L	FCB3D9	1.1254688034568971
989	left Parasolitary nucleus	PAS-L	FFB2D6	0.014015625665706466
990	left Paragigantocellular reticular nucleus	PGRN-L	FFB0D8	0.0
991	left Paragigantocellular reticular nucleus, dorsal part	PGRNd-L	FCB3D8	0.11926563066481322
992	left Paragigantocellular reticular nucleus, lateral part	PGRNl-L	FCB2D9	0.35498439186085307
993	left Perihypoglossal nuclei	PHY-L	FEB2D9	0.0
994	left Nucleus intercalatus	NIS-L	FEB2D8	0.0
995	left Nucleus of Roller	NR-L	FFB1D9	0.015125000718398951
996	left Nucleus prepositus	PRP-L	FFB3D7	0.11987500569375698
997	left Paramedian reticular nucleus	PMR-L	FEB2D6	0.0
998	left Parapyramidal nucleus	PPY-L	FCB2D8	0.04735937724944961
999	left Parapyramidal nucleus, deep part	PPYd-L	FDB3D9	0.0
1000	left Parapyramidal nucleus, superficial part	PPYs-L	FFB2D7	0.0
1001	left Vestibular nuclei	VNC-L	FCB1D9	0.0
1002	left Lateral vestibular nucleus	LAV-L	FEB3D7	0.1435156318166264
1003	left Medial vestibular nucleus	MV-L	FFB0D7	0.909296918189284
1004	left Spinal vestibular nucleus	SPIV-L	FEB1D9	0.37425001777592115
1005	left Superior vestibular nucleus	SUV-L	FDB3D6	0.17712500841298606
1006	left Nucleus x	x-L	FFB0D9	0.02851562635441951
1007	left Hypoglossal nucleus	XII-L	FEB1D7	0.1416406317275687
1008	left Nucleus y	y-L	FDB2D7	0.01170312555586861
1009	left Interstitial nucleus of the vestibular nerve	INV-L	FFB3D9	0.0
1010	left Medulla, behavioral state related	MY-sat-L	FFC6E1	0.0
1011	left Nucleus raphe magnus	RM-L	FFC5E2	0.053843752557440894
1012	left Nucleus raphe pallidus	RPA-L	FFC6E2	0.03032812644050864
1013	left Nucleus raphe obscurus	RO-L	FEC6E2	0.016656250791129423
1014	left Cerebellum	CB-L	F0F080	0.4115312695466855
1015	left Cerebellar cortex	CBX-L	F0EF80	0.0
1016	left Cerebellar cortex, molecular layer	CBXmo-L	FFFA8E	0.0
1017	left Cerebellar cortex, Purkinje layer	CBXpu-L	FFF98F	0.0
1018	left Cerebellar cortex, granular layer	CBXgr-L	EBE753	0.0
1019	left Vermal regions	VERM-L	FFFA91	0.0
1020	left Lingula (I)	LING-L	FEFA91	0.059890627844652045
1021	left Lingula (I), molecular layer	LINGmo-L	FFFC91	0.0
1022	left Lingula (I), Purkinje layer	LINGpu-L	FEFC90	0.0
1023	left Lingula (I), granular layer	LINGgr-L	EBE553	0.0
1024	left Central lobule	CENT-L	FDFB91	0.0
1025	left Lobule II	CENT2-L	FDFA91	0.6628437814833887
1026	left Lobule II, molecular layer	CENT2mo-L	FEF98F	0.0
1027	left Lobule II, Purkinje layer	CENT2pu-L	FEF891	0.0
1028	left Lobule II, granular layer	CENT2gr-L	EBE654	0.0
1029	left Lobule III	CENT3-L	FFFC8E	1.3646094398154673
1030	left Lobule III, molecular layer	CENT3mo-L	FDF98F	0.0
1031	left Lobule III, Purkinje layer	CENT3pu-L	FFFC90	0.0
1032	left Lobule III, granular layer	CENT3gr-L	ECE654	0.0
1033	left Culmen	CUL-L	FEFB8F	0.0
1034	left Lobule IV	CUL4-L	FFF991	0.0
1035	left Lobule IV, molecular layer	CUL4mo-L	FDFA90	0.0
1036	left Lobule IV, Purkinje layer	CUL4pu-L	FDFB8E	0.0
1037	left Lobule IV, granular layer	CUL4gr-L	ECE754	0.0
1038	left Lobule V	CUL5-L	FEFA8F	0.0
1039	left Lobule V, molecular layer	CUL5mo-L	FEFC8D	0.0
1040	left Lobule V, Purkinje layer	CUL5pu-L	FFF890	0.0
1041	left Lobule V, granular layer	CUL5gr-L	EBE554	0.0
1042	left Lobules IV-V	CUL4, 5-L	FCFB90	3.3536876592916087
1043	left Lobules IV-V, molecular layer	CUL4, 5mo-L	FEFB91	0.0
1044	left Lobules IV-V, Purkinje layer	CUL4, 5pu-L	FCFA90	0.0
1045	left Lobules IV-V, granular layer	CUL4, 5gr-L	EBE754	0.0
1046	left Declive (VI)	DEC-L	FEFA90	1.6612188289036567
1047	left Declive (VI), molecular layer	DECmo-L	FFFB8F	0.0
1048	left Declive (VI), Purkinje layer	DECpu-L	FCFB91	0.0
1049	left Declive (VI), granular layer	DECgr-L	ECE553	0.0
1050	left Folium-tuber vermis (VII)	FOTU-L	FDFB90	0.52564064996659
1051	left Folium-tuber vermis (VII), molecular layer	FOTUmo-L	FDF991	0.0
1052	left Folium-tuber vermis (VII), Purkinje layer	FOTUpu-L	FDFA8F	0.0
1053	left Folium-tuber vermis (VII), granular layer	FOTUgr-L	EAE753	0.0
1054	left Pyramus (VIII)	PYR-L	FBFC91	0.6211719045040809
1055	left Pyramus (VIII), molecular layer	PYRmo-L	FFFB8D	0.0
1056	left Pyramus (VIII), Purkinje layer	PYRpu-L	FEFB90	0.0
1057	left Pyramus (VIII), granular layer	PYRgr-L	ECE752	0.0
1058	left Uvula (IX)	UVU-L	FFFA8F	1.0905156767967128
1059	left Uvula (IX), molecular layer	UVUmo-L	FDFC90	0.0
1060	left Uvula (IX), Purkinje layer	UVUpu-L	FEFC8F	0.0
1061	left Uvula (IX), granular layer	UVUgr-L	EBE652	0.0
1062	left Nodulus (X)	NOD-L	FDFC8F	0.7556406608910038
1063	left Nodulus (X), molecular layer	NODmo-L	FCFA8F	0.0
1064	left Nodulus (X), Purkinje layer	NODpu-L	FFFA90	0.0
1065	left Nodulus (X), granular layer	NODgr-L	ECE653	0.0
1066	left Hemispheric regions	HEM-L	FEF990	0.0
1067	left Simple lobule	SIM-L	FDFB8F	2.846812635216338
1068	left Simple lobule, molecular layer	SIMmo-L	FEFB8E	0.0
1069	left Simple lobule, Purkinje layer	SIMpu-L	FEFC8E	0.0
1070	left Simple lobule, granular layer	SIMgr-L	EAE654	0.0
1071	left Ansiform lobule	AN-L	FCFC91	0.0
1072	left Crus 1	ANcr1-L	FCFC90	2.848609510301685
1073	left Crus 1, molecular layer	ANcr1mo-L	FDFC8E	0.0
1074	left Crus 1, Purkinje layer	ANcr1pu-L	FFFB91	0.0
1075	left Crus 1, granular layer	ANcr1gr-L	ECE753	0.0
1076	left Crus 2	ANcr2-L	FCFA91	2.556171996411649
1077	left Crus 2, molecular layer	ANcr2mo-L	FEFA8E	0.0
1078	left Crus 2, Purkinje layer	ANcr2pu-L	FCFC8F	0.0
1079	left Crus 2, granular layer	ANcr2gr-L	EBE653	0.0
1080	left Paramedian lobule	PRM-L	FFFB8E	2.441015740942021
1081	left Paramedian lobule, molecular layer	PRMmo-L	FEFC91	0.0
1082	left Paramedian lobule, Purkinje layer	PRMpu-L	FDF990	0.0
1083	left Paramedian lobule, granular layer	PRMgr-L	ECE554	0.0
1084	left Copula pyramidis	COPY-L	FFF990	1.2537813095514139
1085	left Copula pyramidis, molecular layer	COPYmo-L	FDFA8E	0.0
1086	left Copula pyramidis, Purkinje layer	COPYpu-L	FCFB8F	0.0
1087	left Copula pyramidis, granular layer	COPYgr-L	EAE754	0.0
1088	left Paraflocculus	PFL-L	FFFC8D	2.8620938859421585
1089	left Paraflocculus, molecular layer	PFLmo-L	FFFB90	0.0
1090	left Paraflocculus, Purkinje layer	PFLpu-L	FFFC8F	0.0
1091	left Paraflocculus, granular layer	PFLgr-L	ECE652	0.0
1092	left Flocculus	FL-L	FEF991	0.6675625317075173
1093	left Flocculus, molecular layer	FLmo-L	FDFC91	0.0
1094	left Flocculus, Purkinje layer	FLpu-L	FFF891	0.0
1095	left Flocculus, granular layer	FLgr-L	EBE752	0.0
1096	left Cerebellar nuclei	CBN-L	F0F07F	0.0
1097	left Fastigial nucleus	FN-L	FFFCBC	0.25065626190553303
1098	left Interposed nucleus	IP-L	FFFDBC	0.430734395458785
1099	left Dentate nucleus	DN-L	FFFDBB	0.16800000797957182
1100	left Vestibulocerebellar nucleus	VeCB-L	FEFDBC	0.04265625202606316
1101	left fiber tracts	fiber tracts-L	CAC7CB	0.7765156618825131
1102	left cranial nerves	cm-L	C8CAC9	0.0
1103	left terminal nerve	tn-L	C7CCC9	0.0
1104	left vomeronasal nerve	von-L	CAC8C9	0.006796875322834239
1105	left olfactory nerve	In-L	CCCBC7	0.0
1106	left olfactory nerve layer of main olfactory bulb	onl-L	C7CBCA	2.0662032231393823
1107	left lateral olfactory tract, general	lotg-L	CCCCCB	0.0
1108	left lateral olfactory tract, body	lot-L	CAC8C7	0.4523281464844331
1109	left dorsal limb	lotd-L	CACAC9	0.07846875372706563
1110	left accessory olfactory tract	aolt-L	C9CAC7	0.0
1111	left anterior commissure, olfactory limb	aco-L	CBCBC7	0.3795468930275092
1112	left optic nerve	IIn-L	CBCCC7	0.035468751684675226
1113	left accessory optic tract	aot-L	C9C8CB	0.0
1114	left brachium of the superior colliculus	bsc-L	C7CBCB	0.09945312972376996
1115	left superior colliculus commissure	csc-L	C9CBCB	0.013265625630083377
1116	left optic chiasm	och-L	CBCACC	0.1520625072225812
1117	left optic tract	opt-L	CACCCB	0.34960939160555426
1118	left tectothalamic pathway	ttp-L	C9CACC	0.0
1119	left oculomotor nerve	IIIn-L	C7CCCC	0.004078125193700544
1120	left medial longitudinal fascicle	mlf-L	CBCBCC	0.07340625348660978
1121	left posterior commissure	pc-L	CCCACA	0.025453126208958565
1122	left trochlear nerve	IVn-L	C8C9C8	0.003468750164756784
1123	left trochlear nerve decussation	IVd-L	C9CCCA	0.0
1124	left abducens nerve	VIn-L	CBCACB	0.0
1125	left trigeminal nerve	Vn-L	CBC7CB	0.0
1126	left motor root of the trigeminal nerve	moV-L	CCCBCA	0.02985937641824421
1127	left sensory root of the trigeminal nerve	sV-L	CACACB	0.3473906415001693
1128	left midbrain tract of the trigeminal nerve	mtV-L	C8C8CA	0.0
1129	left spinal tract of the trigeminal nerve	sptV-L	C8CACA	0.8136094136443717
1130	left facial nerve	VIIn-L	CCCCC7	0.03942187687243859
1131	left intermediate nerve	iVIIn-L	C9C8C9	0.0
1132	left genu of the facial nerve	gVIIn-L	C9CCC7	0.014406250684260158
1133	left vestibulocochlear nerve	VIIIn-L	C9C7CA	0.0
1134	left efferent cochleovestibular bundle	cvb-L	C8CBC8	0.0
1135	left vestibular nerve	vVIIIn-L	C9CACB	0.1251250059431186
1136	left cochlear nerve	cVIIIn-L	CAC9C8	0.0
1137	left trapezoid body	tb-L	CCC7CB	0.14962500710680615
1138	left intermediate acoustic stria	ias-L	CBC7C8	0.0
1139	left dorsal acoustic stria	das-L	CCCBC8	0.006031250286469003
1140	left lateral lemniscus	ll-L	C9C9CB	0.4167031447923364
1141	left inferior colliculus commissure	cic-L	CBC9C9	0.008953125425250619
1142	left brachium of the inferior colliculus	bic-L	C9C8C8	0.1247343809245649
1143	left glossopharyngeal nerve	IXn-L	CCC8C9	0.0
1144	left vagus nerve	Xn-L	C7C9CB	0.0
1145	left solitary tract	ts-L	C8CAC7	0.004687500222644303
1146	left accessory spinal nerve	XIn-L	CAC8CC	0.0
1147	left hypoglossal nerve	XIIn-L	C9CCC8	0.0
1148	left ventral roots	vrt-L	CAC7C9	0.0
1149	left dorsal roots	drt-L	CAC8CA	0.0
1150	left cervicothalamic tract	cett-L	CCC7CA	0.0
1151	left dorsolateral fascicle	dl-L	C8CCCB	0.0
1152	left dorsal commissure of the spinal cord	dcm-L	CBCCC8	0.0
1153	left ventral commissure of the spinal cord	vc-L	CBC8C9	0.0
1154	left fasciculus proprius	fpr-L	CCC9C9	0.0
1155	left dorsal column	dc-L	CCC8CB	0.0
1156	left cuneate fascicle	cuf-L	CAC9CC	0.011187500531377736
1157	left gracile fascicle	grf-L	CAC8C8	0.0
1158	left internal arcuate fibers	iaf-L	CBC9CA	0.0
1159	left medial lemniscus	ml-L	CACCC8	0.3323750157869654
1160	left spinothalamic tract	sst-L	C9CBC8	0.0
1161	left lateral spinothalamic tract	sttl-L	CCCBCC	0.0
1162	left ventral spinothalamic tract	sttv-L	CBCAC9	0.0
1163	left spinocervical tract	scrt-L	C9CCCC	0.0
1164	left spino-olivary pathway	sop-L	CCC7C8	0.0
1165	left spinoreticular pathway	srp-L	CBCCC9	0.0
1166	left spinovestibular pathway	svp-L	C9CBCC	0.0
1167	left spinotectal pathway	stp-L	C9CCCB	0.0
1168	left spinohypothalamic pathway	shp-L	CCCBC9	0.0
1169	left spinotelenchephalic pathway	step-L	C7CCC8	0.0
1170	left hypothalamohypophysial tract	hht-L	C8CBCB	0.0
1171	left cerebellum related fiber tracts	cbf-L	C9CAC8	0.0
1172	left cerebellar commissure	cbc-L	CBC8CA	0.03443750163569348
1173	left cerebellar peduncles	cbp-L	CAC8CB	0.0
1174	left superior cerebelar peduncles	scp-L	CBC9CB	0.21914063540862116
1175	left superior cerebellar peduncle decussation	dscp-L	CCC7CC	0.022609376073887688
1176	left spinocerebellar tract	sct-L	CCCACC	0.0
1177	left uncinate fascicle	uf-L	CBC9C8	0.04239062701344665
1178	left ventral spinocerebellar tract	sctv-L	CBC7CC	0.14248438176764466
1179	left middle cerebellar peduncle	mcp-L	CCCCCA	0.54659377596181
1180	left inferior cerebellar peduncle	icp-L	C9C9C8	0.36185939218739804
1181	left dorsal spinocerebellar tract	sctd-L	C9CACA	0.0732812534806726
1182	left cuneocerebellar tract	cct-L	C8CCCC	0.0
1183	left juxtarestiform body	jrb-L	C9CBC9	0.0
1184	left bulbocerebellar tract	bct-L	C9C9C7	0.0
1185	left olivocerebellar tract	oct-L	CAC9CB	0.0
1186	left reticulocerebellar tract	rct-L	C9CBCA	0.0
1187	left trigeminocerebellar tract	tct-L	CACCC9	0.0
1188	left arbor vitae	arb-L	CBC9CC	3.4554532891252165
1189	left supra-callosal cerebral white matter	scwm-L	C9C9CA	0.5339219003599283
1190	left lateral forebrain bundle system	lfbs-L	C7CCCA	0.0
1191	left corpus callosum	cc-L	C7C9CA	0.0
1192	left corpus callosum, anterior forceps	fa-L	CAC7CC	0.4271250202873489
1193	left external capsule	ec-L	C8CBCC	0.43901564585212327
1194	left corpus callosum, extreme capsule	ee-L	C9C8CA	0.04671875221902155
1195	left genu of corpus callosum	ccg-L	CCC7C9	0.4136562696476176
1196	left corpus callosum, posterior forceps	fp-L	C8C9CA	0.6814844073687709
1197	left corpus callosum, rostrum	ccr-L	CBC8C7	0.0
1198	left corpus callosum, body	ccb-L	C9C7C9	1.5173906970721873
1199	left corpus callosum, splenium	ccs-L	C7CACC	0.3721406426757312
1200	left corticospinal tract	cst-L	C8C7CC	0.042000001994892955
1201	left internal capsule	int-L	CCCCCC	1.0499687998708396
1202	left cerebal peduncle	cpd-L	CCCAC7	0.4409843959456339
1203	left corticotectal tract	cte-L	C8CCC8	0.0
1204	left corticorubral tract	crt-L	C8C7CA	0.0
1205	left corticopontine tract	cpt-L	C7C8CB	0.0
1206	left corticobulbar tract	cbt-L	CBC7CA	0.0
1207	left pyramid	py-L	C7C9C9	0.2802031383089343
1208	left pyramidal decussation	pyd-L	C9C7CC	0.033265626580032404
1209	left corticospinal tract, crossed	cstc-L	C7CACB	0.0
1210	left corticospinal tract, uncrossed	cstu-L	CCC8C8	0.0
1211	left thalamus related	lfbst-L	C7CBCC	0.0
1212	left external medullary lamina of the thalamus	em-L	C7CACA	0.05500000261235982
1213	left internal medullary lamina of the thalamus	im-L	CACCCA	0.0
1214	left middle thalamic commissure	mtc-L	CACCCC	0.0
1215	left thalamic peduncles	tp-L	CCC9CA	0.0
1216	left optic radiation	or-L	CBC9C7	0.922203168802298
1217	left auditory radiation	ar-L	CCC8CA	0.20570313477037416
1218	left extrapyramidal fiber systems	eps-L	CACBC7	0.0
1219	left cerebral nuclei related	epsc-L	C8CACB	0.0
1220	left pallidothalamic pathway	pap-L	CBCBCA	0.0
1221	left nigrostriatal tract	nst-L	CCCACB	0.056062502662825864
1222	left nigrothalamic fibers	ntt-L	CBCCCA	0.0
1223	left pallidotegmental fascicle	ptf-L	CACBCC	0.0
1224	left striatonigral pathway	snp-L	C7CBC9	0.0
1225	left subthalamic fascicle	stf-L	CBCBC9	0.0
1226	left tectospinal pathway	tsp-L	C8CBC9	0.0
1227	left direct tectospinal pathway	tspd-L	CBC8C8	0.0
1228	left doral tegmental decussation	dtd-L	CACAC7	0.003390625161046046
1229	left crossed tectospinal pathway	tspc-L	C8C8CC	0.24970313686026202
1230	left rubrospinal tract	rust-L	C8C8CB	0.28523438854790584
1231	left ventral tegmental decussation	vtd-L	CACBC9	0.01821875086534419
1232	left rubroreticular tract	rrt-L	CACBCA	0.0
1233	left central tegmental bundle	ctb-L	CBCAC8	0.0
1234	left retriculospinal tract	rst-L	C8CAC8	0.0
1235	left retriculospinal tract, lateral part	rstl-L	CCC9CC	0.0
1236	left retriculospinal tract, medial part	rstm-L	CBCACA	0.0
1237	left vestibulospinal pathway	vsp-L	CCC8C7	0.0
1238	left medial forebrain bundle system	mfbs-L	CBCAC7	0.0
1239	left cerebrum related	mfbc-L	C9CBC7	0.0
1240	left amygdalar capsule	amc-L	C8C9CB	0.08350000396603718
1241	left ansa peduncularis	apd-L	C7CCCB	0.0
1242	left anterior commissure, temporal limb	act-L	C9C9C9	0.10601563003547199
1243	left cingulum bundle	cing-L	CACCC7	0.631234404982024
1244	left fornix system	fxs-L	CCC9C7	0.0
1245	left alveus	alv-L	C7C8CC	0.6995625332274358
1246	left dorsal fornix	df-L	CBC8CC	0.01842187587499211
1247	left fimbria	fi-L	CBC8CB	0.757250035967445
1248	left precommissural fornix, general	fxprg-L	CACBC8	0.0
1249	left precommissural fornix diagonal band	db-L	CCCCC8	0.0
1250	left postcommissural fornix	fxpo-L	C8C8C9	0.0
1251	left medial corticohypothalamic tract	mct-L	CCC8CC	0.004156250197411282
1252	left columns of the fornix	fx-L	C7C8CA	0.13428125637801713
1253	left hippocampal commissures	hc-L	C9C9CC	0.0
1254	left dorsal hippocampal commissure	dhc-L	C9CCC9	0.4759531476065604
1255	left ventral hippocampal commissure	vhc-L	C8C9C9	0.03262500154960435
1256	left perforant path	per-L	CBCBC8	0.0
1257	left angular path	ab-L	CAC7C8	0.0
1258	left longitudinal association bundle	lab-L	CBCCCC	0.0
1259	left stria terminalis	st-L	C8CBC7	0.1532812572804687
1260	left commissural branch of stria terminalis	stc-L	C7CAC8	0.017703125840853318
1261	left hypothalamus related	mfsbshy-L	C8CCC9	0.0
1262	left medial forebrain bundle	mfb-L	CBCCCB	0.024843751180014806
1263	left ventrolateral hypothalamic tract	vlt-L	CAC9C7	0.0
1264	left preoptic commissure	poc-L	CACACC	0.0
1265	left supraoptic commissures	sup-L	CCCAC9	0.013171875625630491
1266	left supraoptic commissures, anterior	supa-L	C9C8CC	0.0
1267	left supraoptic commissures, dorsal	supd-L	C8C9CC	0.0
1268	left supraoptic commissures, ventral	supv-L	CBC7C9	0.0
1269	left premammillary commissure	pmx-L	C7CBC8	0.0
1270	left supramammillary decussation	smd-L	CACACA	0.0
1271	left propriohypothalamic pathways	php-L	CCCCC9	0.0
1272	left propriohypothalamic pathways, dorsal	phpd-L	CAC9C9	0.0
1273	left propriohypothalamic pathways, lateral	phpl-L	C9CAC9	0.0
1274	left propriohypothalamic pathways, medial	phpm-L	CCC9CB	0.0
1275	left propriohypothalamic pathways, ventral	phpv-L	CACAC8	0.0
1276	left periventricular bundle of the hypothalamus	pvbh-L	CACBCB	0.0
1277	left mammillary related	mfbsma-L	CCCBCB	0.0
1278	left principal mammillary tract	pm-L	C8CBCA	0.0164843757829658
1279	left mammillothalamic tract	mtt-L	C7C9CC	0.06506250309030293
1280	left mammillotegmental tract	mtg-L	C8C8C8	0.03340625158671173
1281	left mammillary peduncle	mp-L	CCCAC8	0.01601562576070137
1282	left dorsal thalamus related	mfbst-L	CAC7CA	0.0
1283	left periventricular bundle of the thalamus	pvbt-L	C8CCCA	0.0
1284	left epithalamus related	mfbse-L	C8C7CB	0.0
1285	left stria medullaris	sm-L	CCC9C8	0.1348281314039923
1286	left fasciculus retroflexus	fr-L	C7CAC9	0.08323437895342067
1287	left habenular commissure	hbc-L	C8CCC7	0.023562501119158696
1288	left pineal stalk	PIS-L	C8CACC	0.0
1289	left midbrain related	mfbsm-L	CBCBCB	0.0
1290	left dorsal longitudinal fascicle	dlf-L	CAC9CA	0.0
1291	left dorsal tegmental tract	dtt-L	C9C7CB	0.0
1292	left ventricular systems	VS-L	AAA8AA	0.0
1293	left lateral ventricle	VL-L	A8AAAA	1.062171925450457
1294	left rhinocele	RC-L	AAA9A8	0.0
1295	left subependymal zone	SEZ-L	AAA8A9	0.06770312821572588
1296	left choroid plexus	chpl-L	A9AAA8	0.7167969090460247
1297	left choroid fissure	chfl-L	A9A8AA	0.0
1298	left interventricular foramen	IVF-L	A8AAA9	0.0
1299	left third ventricle	V3-L	A8A9AA	0.4333593955834658
1300	left cerebral aqueduct	AQ-L	A9A9A8	0.19671875934363925
1301	left fourth ventricle	V4-L	AAA9A7	0.2478281367712043
1302	left lateral recess	V4r-L	A9AAA7	0.23156251099862857
1303	left central canal, spinal cord/medulla	c-L	A7AAA9	1.5625000742147677e-05
1304	left grooves	grv-L	AAA8A8	0.0
1305	left grooves of the cerebral cortex	grv of CTX-L	A8AAA8	0.0
1306	left endorhinal groove	eg-L	AAAAA7	0.0
1307	left hippocampal fissure	hf-L	AAA7AA	0.0
1308	left rhinal fissure	rf-L	AAA7A9	0.0
1309	left rhinal incisure	ri-L	A9A8A8	0.0
1310	left grooves of the cerebellar cortex	grv of CBX-L	A8A8AA	0.0
1311	left precentral fissure	pce-L	A8A9A8	0.0
1312	left preculminate fissure	pcf-L	A8A9A9	0.0
1313	left primary fissure	pri-L	A9A7AA	0.0
1314	left posterior superior fissure	psf-L	A8A8A9	0.0
1315	left prepyramidal fissure	ppf-L	A7AAAA	0.0
1316	left secondary fissure	sec-L	AAAAAA	0.0
1317	left posterolateral fissure	plf-L	AAAAA9	0.0
1318	left nodular fissure	nf-L	AAA9AA	0.0
1319	left simple fissure	sif-L	A9AAAA	0.0
1320	left intercrural fissure	icf-L	AAA9A9	0.0
1321	left ansoparamedian fissure	apf-L	A9AAA9	0.0
1322	left intraparafloccular fissure	ipf-L	A9A9AA	0.0
1323	left paramedian sulcus	pms-L	A9A9A9	0.0
1324	left parafloccular sulcus	pfs-L	AAAAA8	0.0
1325	left Interpeduncular fossa	IPF-L	A9A8A9	0.0
1326	left retina	retina-L	7F2E7E	0.0
10000	right root	root-R	000000	0.0
10001	right Basic cell groups and regions	grey-R	BFDAE3	0.0
10002	right Cerebrum	CH-R	B0F0FF	0.0
10003	right Cerebral cortex	CTX-R	B0FFB8	0.0
10004	right Cortical plate	CTXpl-R	70FF70	0.0
10005	right Isocortex	Isocortex-R	70FF71	0.0
10006	right Frontal pole, cerebral cortex	FRP-R	268F44	0.0
10007	right Frontal pole, layer 1	FRP1-R	268F45	0.12667188101659121
10008	right Frontal pole, layer 2/3	FRP2/3-R	268E45	0.1170000055572018
10009	right Frontal pole, layer 5	FRP5-R	258F45	0.18575000882265158
10010	right Frontal pole, layer 6a	FRP6a-R	268E44	0.05615625266727875
10011	right Frontal pole, layer 6b	FRP6b-R	258F44	0.000531250025233021
10012	right Somatomotor areas	MO-R	1F9C59	0.0
10013	right Somatomotor areas, Layer 1	MO1-R	1F9D5A	0.0
10014	right Somatomotor areas, Layer 2/3	MO2/3-R	1F9D59	0.0
10015	right Somatomotor areas, Layer 5	MO5-R	1F9C5A	0.0
10016	right Somatomotor areas, Layer 6a	MO6a-R	1E9D59	0.0
10017	right Somatomotor areas, Layer 6b	MO6b-R	1F9B59	0.0
10018	right Primary motor area	MOp-R	1E9B5A	0.0
10019	right Primary motor area, Layer 1	MOp1-R	1E9D5A	0.6653281566013902
10020	right Primary motor area, Layer 2/3	MOp2/3-R	1F9C58	1.8446407126157283
10021	right Primary motor area, Layer 5	MOp5-R	1E9C5A	1.6365625777325477
10022	right Primary motor area, Layer 6a	MOp6a-R	1F9B5A	1.4381719433094986
10023	right Primary motor area, Layer 6b	MOp6b-R	1D9D5A	0.09165625435343827
10024	right Secondary motor area	MOs-R	1D9D59	0.0
10025	right Secondary motor area, layer 1	MOs1-R	1E9C59	1.1598594300903642
10026	right Secondary motor area, layer 2/3	MOs2/3-R	1E9D58	1.9028594653809705
10027	right Secondary motor area, layer 5	MOs5-R	1F9D58	2.2612032324013853
10028	right Secondary motor area, layer 6a	MOs6a-R	1D9C5A	1.1889219314707589
10029	right Secondary motor area, layer 6b	MOs6b-R	1E9C58	0.03718750176631147
10030	right Somatosensory areas	SS-R	1B8061	0.0
10031	right Somatosensory areas, layer 1	SS1-R	1A7F62	0.0
10032	right Somatosensory areas, layer 2/3	SS2/3-R	1A7E63	0.0
10033	right Somatosensory areas, layer 4	SS4-R	198064	0.0
10034	right Somatosensory areas, layer 5	SS5-R	1B8064	0.0
10035	right Somatosensory areas, layer 6a	SS6a-R	187F61	0.0
10036	right Somatosensory areas, layer 6b	SS6b-R	187D63	0.0
10037	right Primary somatosensory area	SSp-R	198063	0.0
10038	right Primary somatosensory area, layer 1	SSp1-R	197D64	0.0
10039	right Primary somatosensory area, layer 2/3	SSp2/3-R	187E64	0.0
10040	right Primary somatosensory area, layer 4	SSp4-R	1B7F63	0.0
10041	right Primary somatosensory area, layer 5	SSp5-R	1B7D64	0.0
10042	right Primary somatosensory area, layer 6a	SSp6a-R	187D64	0.0
10043	right Primary somatosensory area, layer 6b	SSp6b-R	198061	0.0
10044	right Primary somatosensory area, nose	SSp-n-R	1A8064	0.0
10045	right Primary somatosensory area, nose, layer 1	SSp-n1-R	197E63	0.20251563461897604
10046	right Primary somatosensory area, nose, layer 2/3	SSp-n2/3-R	1B7F64	0.3201562652066059
10047	right Primary somatosensory area, nose, layer 4	SSp-n4-R	1A8062	0.2739531380120752
10048	right Primary somatosensory area, nose, layer 5	SSp-n5-R	197E62	0.2835156384662696
10049	right Primary somatosensory area, nose, layer 6a	SSp-n6a-R	187D62	0.4025468941199506
10050	right Primary somatosensory area, nose, layer 6b	SSp-n6b-R	1B7E64	0.026875001276494004
10051	right Primary somatosensory area, barrel field	SSp-bfd-R	197F64	0.0
10052	right Primary somatosensory area, barrel field, layer 1	SSp-bfd1-R	188060	0.4194687699236965
10053	right Primary somatosensory area, barrel field, layer 2/3	SSp-bfd2/3-R	187F63	0.758093786007521
10054	right Primary somatosensory area, barrel field, layer 4	SSp-bfd4-R	197C64	0.6413750304636778
10055	right Primary somatosensory area, barrel field, layer 5	SSp-bfd5-R	1A7D62	0.6041875286973664
10056	right Primary somatosensory area, barrel field, layer 6a	SSp-bfd6a-R	198060	0.6487500308139715
10057	right Primary somatosensory area, barrel field, layer 6b	SSp-bfd6b-R	1A7E61	0.07264062845024455
10058	right Rostrolateral lateral visual area	VISrll-R	1B7F61	0.0
10059	right Rostrolateral lateral visual area, layer 1	VISrll1-R	1B7D63	0.0
10060	right Rostrolateral lateral visual area, layer 2/3	VISrll2/3-R	187E60	0.0
10061	right Rostrolateral lateral visual area, layer 4	VISrll4-R	187C62	0.0
10062	right Rostrolateral lateral visual area,layer 5	VISrll5-R	1A8060	0.0
10063	right Rostrolateral lateral visual area, layer 6a	VISrll6a-R	1A7C64	0.0
10064	right Rostrolateral lateral visual area, layer 6b	VISrll6b-R	1C8062	0.0
10065	right Primary somatosensory area, lower limb	SSp-ll-R	197F63	0.0
10066	right Primary somatosensory area, lower limb, layer 1	SSp-ll1-R	187F60	0.1499687571231334
10067	right Primary somatosensory area, lower limb, layer 2/3	SSp-ll2/3-R	187F64	0.323343765358004
10068	right Primary somatosensory area, lower limb, layer 4	SSp-ll4-R	1C7F64	0.13634375647598063
10069	right Primary somatosensory area, lower limb, layer 5	SSp-ll5-R	197C63	0.2776875131894485
10070	right Primary somatosensory area, lower limb, layer 6a	SSp-ll6a-R	1A7F64	0.2637812625289371
10071	right Primary somatosensory area, lower limb, layer 6b	SSp-ll6b-R	197F62	0.024968751185951987
10072	right Primary somatosensory area, mouth	SSp-m-R	188062	0.0
10073	right Primary somatosensory area, mouth, layer 1	SSp-m1-R	187E61	0.392218768629391
10074	right Primary somatosensory area, mouth, layer 2/3	SSp-m2/3-R	1A7E64	0.7497031606089877
10075	right Primary somatosensory area, mouth, layer 4	SSp-m4-R	1B7F62	0.47342189748633245
10076	right Primary somatosensory area, mouth, layer 5	SSp-m5-R	1B7E63	0.6092500289378222
10077	right Primary somatosensory area, mouth, layer 6a	SSp-m6a-R	187D61	0.8255625392121146
10078	right Primary somatosensory area, mouth, layer 6b	SSp-m6b-R	188064	0.05734375272368197
10079	right Primary somatosensory area, upper limb	SSp-ul-R	187E63	0.0
10080	right Primary somatosensory area, upper limb, layer 1	SSp-ul1-R	197E64	0.23126563598452776
10081	right Primary somatosensory area, upper limb, layer 2/3	SSp-ul2/3-R	197F61	0.48934377324258094
10082	right Primary somatosensory area, upper limb, layer 4	SSp-ul4-R	1A7F63	0.26164063742726285
10083	right Primary somatosensory area, upper limb, layer 5	SSp-ul5-R	187E62	0.3961875188178965
10084	right Primary somatosensory area, upper limb, layer 6a	SSp-ul6a-R	197D61	0.47053127234903513
10085	right Primary somatosensory area, upper limb, layer 6b	SSp-ul6b-R	1C8064	0.03718750176631147
10086	right Primary somatosensory area, trunk	SSp-tr-R	187F62	0.0
10087	right Primary somatosensory area, trunk, layer 1	SSp-tr1-R	187C64	0.10210937984993507
10088	right Primary somatosensory area, trunk, layer 2/3	SSp-tr2/3-R	188061	0.2115156350464531
10089	right Primary somatosensory area, trunk, layer 4	SSp-tr4-R	1B7E62	0.0766250036394922
10090	right Primary somatosensory area, trunk, layer 5	SSp-tr5-R	197F60	0.17676563339591667
10091	right Primary somatosensory area, trunk, layer 6a	SSp-tr6a-R	188063	0.11623438052083657
10092	right Primary somatosensory area, trunk, layer 6b	SSp-tr6b-R	1A8063	0.017109375812651706
10093	right Primary somatosensory area, unassigned	SSp-un-R	1A7D64	0.0
10094	right Primary somatosensory area, unassigned, layer 1	SSp-un1-R	1B8062	0.0830156289430306
10095	right Primary somatosensory area, unassigned, layer 2/3	SSp-un2/3-R	1C7F63	0.16593750788160833
10096	right Primary somatosensory area, unassigned, layer 4	SSp-un4-R	197E61	0.09387500445882324
10097	right Primary somatosensory area, unassigned, layer 5	SSp-un5-R	197D62	0.12881250611826545
10098	right Primary somatosensory area, unassigned, layer 6a	SSp-un6a-R	1A7F61	0.14742188200216333
10099	right Primary somatosensory area, unassigned, layer 6b	SSp-un6b-R	1A7D63	0.012187500578875188
10100	right Supplemental somatosensory area	SSs-R	198062	0.0
10101	right Supplemental somatosensory area, layer 1	SSs1-R	1A7E62	0.6234531546124344
10102	right Supplemental somatosensory area, layer 2/3	SSs2/3-R	1B8063	1.072343800933595
10103	right Supplemental somatosensory area, layer 4	SSs4-R	187C63	0.5826562776746869
10104	right Supplemental somatosensory area, layer 5	SSs5-R	1C8063	1.0927813019043242
10105	right Supplemental somatosensory area, layer 6a	SSs6a-R	197D63	1.0363437992236868
10106	right Supplemental somatosensory area, layer 6b	SSs6b-R	1A8061	0.10300000489223748
10107	right Gustatory areas	GU-R	019B75	0.0
10108	right Gustatory areas, layer 1	GU1-R	009C75	0.0988750046963105
10109	right Gustatory areas, layer 2/3	GU2/3-R	009B75	0.20101563454772986
10110	right Gustatory areas, layer 4	GU4-R	009C74	0.07379687850516348
10111	right Gustatory areas, layer 5	GU5-R	019C75	0.2721718879274704
10112	right Gustatory areas, layer 6a	GU6a-R	009B74	0.21868751038709888
10113	right Gustatory areas, layer 6b	GU6b-R	019C74	0.019281250915810233
10114	right Visceral area	VISC-R	11AD83	0.0
10115	right Visceral area, layer 1	VISC1-R	12AD83	0.16690625792762148
10116	right Visceral area, layer 2/3	VISC2/3-R	12AC83	0.27107813787552004
10117	right Visceral area, layer 4	VISC4-R	11AC82	0.0911093793274631
10118	right Visceral area, layer 5	VISC5-R	12AD82	0.35278126675621024
10119	right Visceral area, layer 6a	VISC6a-R	11AC83	0.26907813778052514
10120	right Visceral area, layer 6b	VISC6b-R	11AD82	0.025390626205989975
10121	right Auditory areas	AUD-R	019299	0.0
10122	right Dorsal auditory area	AUDd-R	049399	0.0
10123	right Dorsal auditory area, layer 1	AUDd1-R	039399	0.09871875468888902
10124	right Dorsal auditory area, layer 2/3	AUDd2/3-R	029397	0.16345313276360685
10125	right Dorsal auditory area, layer 4	AUDd4-R	039398	0.06639062815338548
10126	right Dorsal auditory area, layer 5	AUDd5-R	029398	0.17121875813245424
10127	right Dorsal auditory area, layer 6a	AUDd6a-R	019399	0.09214062937644485
10128	right Dorsal auditory area, layer 6b	AUDd6b-R	019398	0.015046875714688213
10129	right Laterolateral anterior visual area	VISlla-R	029099	0.0
10130	right Laterolateral anterior visual area, layer 1	VISlla1-R	029299	0.0
10131	right Laterolateral anterior visual area, layer 2/3	VISlla2/3-R	049398	0.0
10132	right Laterolateral anterior visual area, layer 4	VISlla4-R	049299	0.0
10133	right Laterolateral anterior visual area,layer 5	VISlla5-R	029296	0.0
10134	right Laterolateral anterior visual area, layer 6a	VISlla6a-R	019199	0.0
10135	right Laterolateral anterior visual area, layer 6b	VISlla6b-R	019297	0.0
10136	right Primary auditory area	AUDp-R	039297	0.0
10137	right Primary auditory area, layer 1	AUDp1-R	029297	0.18868750896217534
10138	right Primary auditory area, layer 2/3	AUDp2/3-R	019298	0.23571876119603985
10139	right Primary auditory area, layer 4	AUDp4-R	039397	0.1173593805742712
10140	right Primary auditory area, layer 5	AUDp5-R	039199	0.357093766961043
10141	right Primary auditory area, layer 6a	AUDp6a-R	019396	0.14903125707860454
10142	right Primary auditory area, layer 6b	AUDp6b-R	039198	0.027203126292079105
10143	right Posterior auditory area	AUDpo-R	029396	0.0
10144	right Posterior auditory area, layer 1	AUDpo1-R	039299	0.056125002665794455
10145	right Posterior auditory area, layer 2/3	AUDpo2/3-R	029199	0.07325000347918831
10146	right Posterior auditory area, layer 4	AUDpo4-R	039298	0.03718750176631147
10147	right Posterior auditory area, layer 5	AUDpo5-R	019197	0.09070312930816726
10148	right Posterior auditory area, layer 6a	AUDpo6a-R	029399	0.039312501867243554
10149	right Posterior auditory area, layer 6b	AUDpo6b-R	029298	0.008734375414860551
10150	right Ventral auditory area	AUDv-R	019296	0.0
10151	right Ventral auditory area, layer 1	AUDv1-R	019099	0.14425000685150735
10152	right Ventral auditory area, layer 2/3	AUDv2/3-R	029198	0.19193750911654206
10153	right Ventral auditory area, layer 4	AUDv4-R	029197	0.10720313009187521
10154	right Ventral auditory area, layer 5	AUDv5-R	019098	0.30201563934497244
10155	right Ventral auditory area, layer 6a	AUDv6a-R	019397	0.14120313170678855
10156	right Ventral auditory area, layer 6b	AUDv6b-R	019198	0.023296876106542186
10157	right Visual areas	VIS-R	098489	0.0
10158	right Visual areas, layer 1	VIS1-R	08828A	0.0
10159	right Visual areas, layer 2/3	VIS2/3-R	0B858C	0.0
10160	right Visual areas, layer 4	VIS4-R	09828A	0.0
10161	right Visual areas, layer 5	VIS5-R	08818C	0.0
10162	right Visual areas, layer 6a	VIS6a-R	0A838C	0.0
10163	right Visual areas, layer 6b	VIS6b-R	09838A	0.0
10164	right Anterolateral visual area	VISal-R	09838C	0.0
10165	right Anterolateral visual area, layer 1	VISal1-R	0B838B	0.05829687776895298
10166	right Anterolateral visual area, layer 2/3	VISal2/3-R	098389	0.09903125470373197
10167	right Anterolateral visual area, layer 4	VISal4-R	088588	0.05206250247283606
10168	right Anterolateral visual area, layer 5	VISal5-R	08848B	0.1015312548224756
10169	right Anterolateral visual area, layer 6a	VISal6a-R	09828C	0.05535937762942922
10170	right Anterolateral visual area, layer 6b	VISal6b-R	0B848C	0.010984375521729817
10171	right Anteromedial visual area	VISam-R	08838B	0.0
10172	right Anteromedial visual area, layer 1	VISam1-R	09848B	0.0675468782083044
10173	right Anteromedial visual area, layer 2/3	VISam2/3-R	0B848A	0.10382812993157131
10174	right Anteromedial visual area, layer 4	VISam4-R	09858A	0.03012500143086072
10175	right Anteromedial visual area, layer 5	VISam5-R	0A848B	0.11346875538947643
10176	right Anteromedial visual area, layer 6a	VISam6a-R	0A828B	0.06817187823799031
10177	right Anteromedial visual area, layer 6b	VISam6b-R	08838A	0.01231250058481237
10178	right Lateral visual area	VISl-R	0A848C	0.0
10179	right Lateral visual area, layer 1	VISl1-R	09848A	0.09240625438906136
10180	right Lateral visual area, layer 2/3	VISl2/3-R	0A8489	0.1509218821684044
10181	right Lateral visual area, layer 4	VISl4-R	08828B	0.08960937925621693
10182	right Lateral visual area, layer 5	VISl5-R	0B858B	0.15721875746748992
10183	right Lateral visual area, layer 6a	VISl6a-R	08848C	0.10365625492340769
10184	right Lateral visual area, layer 6b	VISl6b-R	09858C	0.019015625903193722
10185	right Primary visual area	VISp-R	0A858C	0.0
10186	right Primary visual area, layer 1	VISp1-R	098589	0.631125029976829
10187	right Primary visual area, layer 2/3	VISp2/3-R	0A828C	1.0000156724981935
10188	right Primary visual area, layer 4	VISp4-R	0B848B	0.5121875243276008
10189	right Primary visual area, layer 5	VISp5-R	088389	0.7760312868595065
10190	right Primary visual area, layer 6a	VISp6a-R	08858C	0.534531275388872
10191	right Primary visual area, layer 6b	VISp6b-R	08858A	0.08128125386065221
10192	right Posterolateral visual area	VISpl-R	09838B	0.0
10193	right Posterolateral visual area, layer 1	VISpl1-R	0A838A	0.09435937948182982
10194	right Posterolateral visual area, layer 2/3	VISpl2/3-R	09848C	0.1042500049516093
10195	right Posterolateral visual area, layer 4	VISpl4-R	0B858A	0.017875000849016942
10196	right Posterolateral visual area, layer 5	VISpl5-R	0B838C	0.12145313076871389
10197	right Posterolateral visual area, layer 6a	VISpl6a-R	08838C	0.05359375254556653
10198	right Posterolateral visual area, layer 6b	VISpl6b-R	08848A	0.004218750200379873
10199	right posteromedial visual area	VISpm-R	0A838B	0.0
10200	right posteromedial visual area, layer 1	VISpm1-R	0A8589	0.09432812948034552
10201	right posteromedial visual area, layer 2/3	VISpm2/3-R	08858B	0.1465625069613452
10202	right posteromedial visual area, layer 4	VISpm4-R	09828B	0.04925000233924948
10203	right posteromedial visual area, layer 5	VISpm5-R	088489	0.14307813179584628
10204	right posteromedial visual area, layer 6a	VISpm6a-R	09858B	0.07560937859125261
10205	right posteromedial visual area, layer 6b	VISpm6b-R	088589	0.01371875065160566
10206	right Laterointermediate area	VISli-R	0A858B	0.0
10207	right Laterointermediate area, layer 1	VISli1-R	0C858C	0.03731250177224865
10208	right Laterointermediate area, layer 2/3	VISli2/3-R	0A858A	0.05843750277563231
10209	right Laterointermediate area, layer 4	VISli4-R	08828C	0.028546876355903805
10210	right Laterointermediate area, layer 5	VISli5-R	0A848A	0.0742968785289122
10211	right Laterointermediate area, layer 6a	VISli6a-R	088488	0.03953125187763362
10212	right Laterointermediate area, layer 6b	VISli6b-R	08818B	0.008218750390369678
10213	right Postrhinal area	VISpor-R	098588	0.0
10214	right Postrhinal area, layer 1	VISpor1-R	09818C	0.12531250595202437
10215	right Postrhinal area, layer 2/3	VISpor2/3-R	0A8389	0.1869062588775705
10216	right Postrhinal area, layer 4	VISpor4-R	0A828A	0.030250001436797902
10217	right Postrhinal area, layer 5	VISpor5-R	0B838A	0.19259375914771226
10218	right Postrhinal area, layer 6a	VISpor6a-R	0C858B	0.0900937542792235
10219	right Postrhinal area, layer 6b	VISpor6b-R	0C848C	0.016375000777770765
10220	right Anterior cingulate area	ACA-R	40A666	0.0
10221	right Anterior cingulate area, layer 1	ACA1-R	3FA565	0.0
10222	right Anterior cingulate area, layer 2/3	ACA2/3-R	3FA564	0.0
10223	right Anterior cingulate area, layer 5	ACA5-R	40A466	0.0
10224	right Anterior cingulate area, layer 6a	ACA6a-R	3FA666	0.0
10225	right Anterior cingulate area, layer 6b	ACA6b-R	3FA665	0.0
10226	right Anterior cingulate area, dorsal part	ACAd-R	40A665	0.0
10227	right Anterior cingulate area, dorsal part, layer 1	ACAd1-R	3EA665	0.306203139543868
10228	right Anterior cingulate area, dorsal part, layer 2/3	ACAd2/3-R	40A565	0.3067812645713275
10229	right Anterior cingulate area, dorsal part, layer 5	ACAd5-R	3EA566	0.5977187783901172
10230	right Anterior cingulate area, dorsal part, layer 6a	ACAd6a-R	3FA664	0.35018751663301373
10231	right Anterior cingulate area, dorsal part, layer 6b	ACAd6b-R	3FA466	0.012468750592233846
10232	right Anterior cingulate area, ventral part	ACAv-R	40A566	0.0
10233	right Anterior cingulate area, ventral part, layer 1	ACAv1-R	40A664	0.23935938636896026
10234	right Anterior cingulate area, ventral part, layer 2/3	ACAv2/3-R	3FA566	0.2618593874376529
10235	right Anterior cingulate area, ventral part, layer 5	ACAv5-R	3EA666	0.4982187736641208
10236	right Anterior cingulate area, ventral part, 6a	ACAv6a-R	40A564	0.18167188362895104
10237	right Anterior cingulate area, ventral part, 6b	ACAv6b-R	40A465	0.03106250147538958
10238	right Prelimbic area	PL-R	2EA750	0.0
10239	right Prelimbic area, layer 1	PL1-R	2FA750	0.2644687625615916
10240	right Prelimbic area, layer 2	PL2-R	2EA850	0.0
10241	right Prelimbic area, layer 2/3	PL2/3-R	2FA74F	0.21139063504051592
10242	right Prelimbic area, layer 5	PL5-R	2EA84F	0.49095314831902215
10243	right Prelimbic area, layer 6a	PL6a-R	2FA850	0.2320000110194087
10244	right Prelimbic area, layer 6b	PL6b-R	2FA84F	0.010718750509113306
10245	right Infralimbic area	ILA-R	59B363	0.0
10246	right Infralimbic area, layer 1	ILA1-R	59B263	0.07700000365730375
10247	right Infralimbic area, layer 2	ILA2-R	58B363	0.0
10248	right Infralimbic area, layer 2/3	ILA2/3-R	59B362	0.07151562839680992
10249	right Infralimbic area, layer 5	ILA5-R	59B262	0.16692188292836363
10250	right Infralimbic area, layer 6a	ILA6a-R	58B362	0.10248437986774661
10251	right Infralimbic area, layer 6b	ILA6b-R	58B263	0.005453125259009539
10252	right Orbital area	ORB-R	23895C	0.0
10253	right Orbital area, layer 1	ORB1-R	248A5E	0.0
10254	right Orbital area, layer 2/3	ORB2/3-R	24885E	0.0
10255	right Orbital area, layer 5	ORB5-R	24895E	0.0
10256	right Orbital area, layer 6a	ORB6a-R	23895E	0.0
10257	right Orbital area, layer 6b	ORB6b-R	228A5E	0.0
10258	right Orbital area, lateral part	ORBl-R	23885D	0.0
10259	right Orbital area, lateral part, layer 1	ORBl1-R	238A5D	0.1872656338946399
10260	right Orbital area, lateral part, layer 2/3	ORBl2/3-R	238A5E	0.31064063975463796
10261	right Orbital area, lateral part, layer 5	ORBl5-R	228A5D	0.6040937786929135
10262	right Orbital area, lateral part, layer 6a	ORBl6a-R	24895D	0.23884376134446939
10263	right Orbital area, lateral part, layer 6b	ORBl6b-R	248A5C	0.02273437607982487
10264	right Orbital area, medial part	ORBm-R	22895D	0.0
10265	right Orbital area, medial part, layer 1	ORBm1-R	23895D	0.21559376024015364
10266	right Orbital area, medial part, layer 2	ORBm2-R	24895C	0.0
10267	right Orbital area, medial part, layer 2/3	ORBm2/3-R	24885D	0.1566562574407726
10268	right Orbital area, medial part, layer 5	ORBm5-R	23885E	0.23568751119455555
10269	right Orbital area, medial part, layer 6a	ORBm6a-R	22885E	0.09321875442765304
10270	right Orbital area, medial part, layer 6b	ORBm6b-R	24875E	0.0019218750912841642
10271	right Orbital area, ventral part	ORBv-R	24885C	0.0
10272	right Orbital area, ventrolateral part	ORBvl-R	228A5C	0.0
10273	right Orbital area, ventrolateral part, layer 1	ORBvl1-R	248A5B	0.19310938417220314
10274	right Orbital area, ventrolateral part, layer 2/3	ORBvl2/3-R	248A5D	0.2616875124294893
10275	right Orbital area, ventrolateral part, layer 5	ORBvl5-R	23885C	0.3094062646960083
10276	right Orbital area, ventrolateral part, layer 6a	ORBvl6a-R	238A5C	0.11915625565961818
10277	right Orbital area, ventrolateral part, layer 6b	ORBvl6b-R	22895E	0.004937500234518666
10278	right Agranular insular area	AI-R	219866	0.0
10279	right Agranular insular area, dorsal part	AId-R	219865	0.0
10280	right Agranular insular area, dorsal part, layer 1	AId1-R	209764	0.23017188593257742
10281	right Agranular insular area, dorsal part, layer 2/3	AId2/3-R	209765	0.4625312719690555
10282	right Agranular insular area, dorsal part, layer 5	AId5-R	209665	0.7556562858917459
10283	right Agranular insular area, dorsal part, layer 6a	AId6a-R	209666	0.3905625185507233
10284	right Agranular insular area, dorsal part, layer 6b	AId6b-R	1F9766	0.023765626128806616
10285	right Agranular insular area, posterior part	AIp-R	219766	0.0
10286	right Agranular insular area, posterior part, layer 1	AIp1-R	219765	0.21185938506278035
10287	right Agranular insular area, posterior part, layer 2/3	AIp2/3-R	209865	0.40154689407245314
10288	right Agranular insular area, posterior part, layer 5	AIp5-R	219864	0.3762343928701739
10289	right Agranular insular area, posterior part, layer 6a	AIp6a-R	209766	0.21782813534628076
10290	right Agranular insular area, posterior part, layer 6b	AIp6b-R	219666	0.010406250494270353
10291	right Agranular insular area, ventral part	AIv-R	209866	0.0
10292	right Agranular insular area, ventral part, layer 1	AIv1-R	209864	0.1250937559416343
10293	right Agranular insular area, ventral part, layer 2/3	AIv2/3-R	219764	0.2971875141156488
10294	right Agranular insular area, ventral part, layer 5	AIv5-R	1F9865	0.35979689208943455
10295	right Agranular insular area, ventral part, layer 6a	AIv6a-R	1F9866	0.08346875396455289
10296	right Agranular insular area, ventral part, layer 6b	AIv6b-R	219665	0.0015312500727304723
10297	right Retrosplenial area	RSP-R	1AA698	0.0
10298	right Retrosplenial area, lateral agranular part	RSPagl-R	1BA497	0.0
10299	right Retrosplenial area, lateral agranular part, layer 1	RSPagl1-R	1BA696	0.25292188701314444
10300	right Retrosplenial area, lateral agranular part, layer 2/3	RSPagl2/3-R	1AA496	0.33521876592203625
10301	right Retrosplenial area, lateral agranular part, layer 5	RSPagl5-R	1CA697	0.3660156423848093
10302	right Retrosplenial area, lateral agranular part, layer 6a	RSPagl6a-R	1CA597	0.20526563474959403
10303	right Retrosplenial area, lateral agranular part, layer 6b	RSPagl6b-R	1AA598	0.01789062584975909
10304	right Mediomedial anterior visual area	VISmma-R	1CA696	0.0
10305	right Mediomedial anterior visual area, layer 1	VISmma1-R	1CA498	0.0
10306	right Mediomedial anterior visual area, layer 2/3	VISmma2/3-R	1AA695	0.0
10307	right Mediomedial anterior visual area, layer 4	VISmma4-R	1AA398	0.0
10308	right Mediomedial anterior visual area,layer 5	VISmma5-R	1BA496	0.0
10309	right Mediomedial anterior visual area, layer 6a	VISmma6a-R	1CA596	0.0
10310	right Mediomedial anterior visual area, layer 6b	VISmma6b-R	1CA497	0.0
10311	right Mediomedial posterior visual area	VISmmp-R	1DA698	0.0
10312	right Mediomedial posterior visual area, layer 1	VISmmp1-R	1AA595	0.0
10313	right Mediomedial posterior visual area, layer 2/3	VISmmp2/3-R	1AA397	0.0
10314	right Mediomedial posterior visual area, layer 4	VISmmp4-R	1BA695	0.0
10315	right Mediomedial posterior visual area,layer 5	VISmmp5-R	1BA398	0.0
10316	right Mediomedial posterior visual area, layer 6a	VISmmp6a-R	1DA697	0.0
10317	right Mediomedial posterior visual area, layer 6b	VISmmp6b-R	1DA598	0.0
10318	right Medial visual area	VISm-R	1BA595	0.0
10319	right Medial visual area, layer 1	VISm1-R	1BA397	0.0
10320	right Medial visual area, layer 2/3	VISm2/3-R	1DA597	0.0
10321	right Medial visual area, layer 4	VISm4-R	1CA496	0.0
10322	right Medial visual area,layer 5	VISm5-R	1AA495	0.0
10323	right Medial visual area, layer 6a	VISm6a-R	1AA396	0.0
10324	right Medial visual area, layer 6b	VISm6b-R	1CA695	0.0
10325	right Retrosplenial area, dorsal part	RSPd-R	1CA598	0.0
10326	right Retrosplenial area, dorsal part, layer 1	RSPd1-R	1BA598	0.41226564458156645
10327	right Retrosplenial area, dorsal part, layer 2/3	RSPd2/3-R	1BA697	0.48695314812903234
10328	right Retrosplenial area, dorsal part, layer 4	RSPd4-R	1AA696	0.0
10329	right Retrosplenial area, dorsal part, layer 5	RSPd5-R	1AA596	0.6018750285875285
10330	right Retrosplenial area, dorsal part, layer 6a	RSPd6a-R	1AA697	0.37929689301563485
10331	right Retrosplenial area, dorsal part, layer 6b	RSPd6b-R	1BA698	0.01600000075995922
10332	right Retrosplenial area, ventral part	RSPv-R	1BA596	0.0
10333	right Retrosplenial area, ventral part, layer 1	RSPv1-R	1BA597	0.4836562729724392
10334	right Retrosplenial area, ventral part, layer 2	RSPv2-R	1CA698	0.0
10335	right Retrosplenial area, ventral part, layer 2/3	RSPv2/3-R	1AA597	0.5090937741806556
10336	right Retrosplenial area, ventral part, layer 5	RSPv5-R	1BA498	0.8369062897509139
10337	right Retrosplenial area, ventral part, layer 6a	RSPv6a-R	1AA498	0.32978126566376886
10338	right Retrosplenial area, ventral part, layer 6b	RSPv6b-R	1AA497	0.02401562614068098
10339	right Posterior parietal association areas	PTLp-R	009FAC	0.0
10340	right Posterior parietal association areas, layer 1	PTLp1-R	009DAB	0.0
10341	right Posterior parietal association areas, layer 2/3	PTLp2/3-R	009EAC	0.0
10342	right Posterior parietal association areas, layer 4	PTLp4-R	019FAA	0.0
10343	right Posterior parietal association areas, layer 5	PTLp5-R	019DAC	0.0
10344	right Posterior parietal association areas, layer 6a	PTLp6a-R	019FAB	0.0
10345	right Posterior parietal association areas, layer 6b	PTLp6b-R	009FAA	0.0
10346	right Anterior area	VISa-R	009FAB	0.0
10347	right Anterior area, layer 1	VISa1-R	019FAC	0.11993750569672557
10348	right Anterior area, layer 2/3	VISa2/3-R	009EAB	0.2129218851132464
10349	right Anterior area, layer 4	VISa4-R	019EAC	0.07762500368698966
10350	right Anterior area, layer 5	VISa5-R	019EAB	0.17743750842782902
10351	right Anterior area, layer 6a	VISa6a-R	009DAC	0.11134375528854434
10352	right Anterior area, layer 6b	VISa6b-R	029FAC	0.019656250933621777
10353	right Rostrolateral visual area	VISrl-R	009EAA	0.0
10354	right Rostrolateral area, layer 1	VISrl1-R	029FAB	0.08487500403134618
10355	right Rostrolateral area, layer 2/3	VISrl2/3-R	029EAC	0.1378437565472268
10356	right Rostrolateral area, layer 4	VISrl4-R	019EAA	0.07306250347028254
10357	right Rostrolateral area, layer 5	VISrl5-R	019DAB	0.12232813081027416
10358	right Rostrolateral area, layer 6a	VISrl6a-R	029EAB	0.07568750359496335
10359	right Rostrolateral area, layer 6b	VISrl6b-R	009DAA	0.014156250672385795
10360	right Temporal association areas	TEa-R	16B0B3	0.0
10361	right Temporal association areas, layer 1	TEa1-R	15B0B3	0.26396876253784285
10362	right Temporal association areas, layer 2/3	TEa2/3-R	16AFB3	0.3482500165409874
10363	right Temporal association areas, layer 4	TEa4-R	15B0B2	0.1559375074066338
10364	right Temporal association areas, layer 5	TEa5-R	15AFB3	0.47590627260433394
10365	right Temporal association areas, layer 6a	TEa6a-R	15AFB2	0.26348438751483627
10366	right Temporal association areas, layer 6b	TEa6b-R	16B0B2	0.043468752064654836
10367	right Perirhinal area	PERI-R	0F9683	0.0
10368	right Perirhinal area, layer 1	PERI1-R	0E9584	0.1109375052692485
10369	right Perirhinal area, layer 2/3	PERI2/3-R	0E9583	0.16654688291055209
10370	right Perirhinal area, layer 5	PERI5-R	0F9684	0.08400000398978591
10371	right Perirhinal area, layer 6a	PERI6a-R	0E9684	0.027000001282431185
10372	right Perirhinal area, layer 6b	PERI6b-R	0E9683	0.006515625309475581
10373	right Ectorhinal area	ECT-R	0D9E91	0.0
10374	right Ectorhinal area/Layer 1	ECT1-R	0D9F90	0.1284687561019382
10375	right Ectorhinal area/Layer 2/3	ECT2/3-R	0D9F91	0.2390468863541173
10376	right Ectorhinal area/Layer 5	ECT5-R	0D9E90	0.2643750125571387
10377	right Ectorhinal area/Layer 6a	ECT6a-R	0E9F91	0.1947656342508708
10378	right Ectorhinal area/Layer 6b	ECT6b-R	0E9F90	0.029500001401174814
10379	right Olfactory areas	OLF-R	99D2BD	2.5076719941080228
10380	right Main olfactory bulb	MOB-R	9AD1BD	8.23128164096488
10381	right Main olfactory bulb, glomerular layer	MOBgl-R	82C7AE	0.0
10382	right Main olfactory bulb, granule layer	MOBgr-R	82C7AD	0.0
10383	right Main olfactory bulb, inner plexiform layer	MOBipl-R	9AD2BD	0.0
10384	right Main olfactory bulb, mitral layer	MOBmi-R	82C6AE	0.0
10385	right Main olfactory bulb, outer plexiform layer	MOBopl-R	9AD2BC	0.0
10386	right Accessory olfactory bulb	AOB-R	9DF0D2	0.0
10387	right Accessory olfactory bulb, glomerular layer	AOBgl-R	9DF0D1	0.07715625366472523
10388	right Accessory olfactory bulb, granular layer	AOBgr-R	95E4C8	0.110250005236594
10389	right Accessory olfactory bulb, mitral layer	AOBmi-R	9DEFD2	0.138500006578397
10390	right Anterior olfactory nucleus	AON-R	54BF94	2.4350313656577782
10391	right Anterior olfactory nucleus, dorsal part	AONd-R	54BE94	0.0
10392	right Anterior olfactory nucleus, external part	AONe-R	54BE93	0.0
10393	right Anterior olfactory nucleus, lateral part	AONl-R	53BF93	0.0
10394	right Anterior olfactory nucleus, medial part	AONm-R	53BE94	0.0
10395	right Anterior olfactory nucleus, posteroventral part	AONpv-R	53BE93	0.0
10396	right Anterior olfactory nucleus, layer 1	AON1-R	54BF93	0.0
10397	right Anterior olfactory nucleus, layer 2	AON2-R	53BF94	0.0
10398	right Taenia tecta	TT-R	62CF9F	0.0
10399	right Taenia tecta, dorsal part	TTd-R	61D09F	0.3643281423046574
10400	right Taenia tecta, dorsal part, layers 1-4	TTd1-4-R	62D09F	0.0
10401	right Taenia tecta, dorsal part, layer 1	TTd1-R	61D09E	0.0
10402	right Taenia tecta, dorsal part, layer 2	TTd2-R	61CF9F	0.0
10403	right Taenia tecta, dorsal part, layer 3	TTd3-R	61CF9E	0.0
10404	right Taenia tecta, dorsal part, layer 4	TTd4-R	62D09D	0.0
10405	right Taenia tecta, ventral part	TTv-R	62CF9E	0.3604375171198626
10406	right Taenia tecta, ventral part, layers 1-3	TTv1-3-R	62D09E	0.0
10407	right Taenia tecta, ventral part, layer 1	TTv1-R	62CE9F	0.0
10408	right Taenia tecta, ventral part, layer 2	TTv2-R	60D09F	0.0
10409	right Taenia tecta, ventral part, layer 3	TTv3-R	62CF9D	0.0
10410	right Dorsal peduncular area	DP-R	A3DAA3	0.2516718869537726
10411	right Dorsal peduncular area, layer 1	DP1-R	A4D9A4	0.0
10412	right Dorsal peduncular area, layer 2	DP2-R	A3DAA4	0.0
10413	right Dorsal peduncular area, layer 2/3	DP2/3-R	A4DAA3	0.0
10414	right Dorsal peduncular area, layer 5	DP5-R	A4D9A3	0.0
10415	right Dorsal peduncular area, layer 6a	DP6a-R	A4DAA4	0.0
10416	right Piriform area	PIR-R	6ACAB9	5.78314089968444
10417	right Piriform area, layers 1-3	PIR1-3-R	6ACBBA	0.0
10418	right Piriform area, molecular layer	PIR1-R	6ACBB9	0.0
10419	right Piriform area, pyramidal layer	PIR2-R	6ACABA	0.0
10420	right Piriform area, polymorph layer	PIR3-R	69CBBA	0.0
10421	right Nucleus of the lateral olfactory tract	NLOT-R	95E3C7	0.0
10422	right Nucleus of the lateral olfactory tract, layers 1-3	NLOT1-3-R	94E4C8	0.0
10423	right Nucleus of the lateral olfactory tract, molecular layer	NLOT1-R	95E4C7	0.05570312764575647
10424	right Nucleus of the lateral olfactory tract, pyramidal layer	NLOT2-R	95E3C8	0.07467187854672375
10425	right Nucleus of the lateral olfactory tract, layer 3	NLOT3-R	94E4C7	0.028953126375199645
10426	right Cortical amygdalar area	COA-R	60E7B5	0.0
10427	right Cortical amygdalar area, anterior part	COAa-R	60E5B7	0.38410939324421634
10428	right Cortical amygdalar area, anterior part, layer 1	COAa1-R	61E7B7	0.0
10429	right Cortical amygdalar area, anterior part, layer 2	COAa2-R	61E7B6	0.0
10430	right Cortical amygdalar area, anterior part, layer 3	COAa3-R	61E6B7	0.0
10431	right Cortical amygdalar area, posterior part	COAp-R	5FE7B6	0.0
10432	right Cortical amygdalar area, posterior part, lateral zone	COApl-R	5FE6B7	0.6010156535467104
10433	right Cortical amygdalar area, posterior part, lateral zone, layers 1-2	COApl1-2-R	61E6B5	0.0
10434	right Cortical amygdalar area, posterior part, lateral zone, layers 1-3	COApl1-3-R	61E5B7	0.0
10435	right Cortical amygdalar area, posterior part, lateral zone, layer 1	COApl1-R	60E7B7	0.0
10436	right Cortical amygdalar area, posterior part, lateral zone, layer 2	COApl2-R	61E6B6	0.0
10437	right Cortical amygdalar area, posterior part, lateral zone, layer 3	COApl3-R	60E7B6	0.0
10438	right Cortical amygdalar area, posterior part, medial zone	COApm-R	60E6B5	0.6476094057597948
10439	right Cortical amygdalar area, posterior part, medial zone, layers 1-2	COApm1-2-R	61E5B6	0.0
10440	right Cortical amygdalar area, posterior part, medial zone, layers 1-3	COApm1-3-R	5FE7B7	0.0
10441	right Cortical amygdalar area, posterior part, medial zone, layer 1	COApm1-R	60E6B7	0.0
10442	right Cortical amygdalar area, posterior part, medial zone, layer 2	COApm2-R	60E6B6	0.0
10443	right Cortical amygdalar area, posterior part, medial zone, layer 3	COApm3-R	61E7B5	0.0
10444	right Piriform-amygdalar area	PAA-R	59D9AA	0.5956719032928959
10445	right Piriform-amygdalar area, layers 1-3	PAA1-3-R	59DAAB	0.0
10446	right Piriform-amygdalar area, molecular layer	PAA1-R	59DAAA	0.0
10447	right Piriform-amygdalar area, pyramidal layer	PAA2-R	59D9AB	0.0
10448	right Piriform-amygdalar area, polymorph layer	PAA3-R	58DAAB	0.0
10449	right Postpiriform transition area	TR-R	A8ECD2	0.6991094082059135
10450	right Postpiriform transition area, layers 1-3	TR1-3-R	A8ECD3	0.0
10451	right Postpiriform transition area, layers 1	TR1-R	A8EBD3	0.0
10452	right Postpiriform transition area, layers 2	TR2-R	A7ECD3	0.0
10453	right Postpiriform transition area, layers 3	TR3-R	A8EBD2	0.0
10454	right Hippocampal formation	HPF-R	7DCD4B	0.2109218850182515
10455	right Hippocampal region	HIP-R	7DD048	0.0
10456	right Ammon's horn	CA-R	7ED04A	0.0
10457	right Field CA1	CA1-R	7ECF4B	5.1050783674782
10458	right Field CA1, stratum lacunosum-moleculare	CA1slm-R	7DD04B	0.0
10459	right Field CA1, stratum oriens	CA1so-R	7ECF4A	0.0
10460	right Field CA1, pyramidal layer	CA1sp-R	66A83D	0.0
10461	right Field CA1, stratum radiatum	CA1sr-R	7DD04A	0.0
10462	right Field CA2	CA2-R	7DCF4B	0.2374375112776761
10463	right Field CA2, stratum lacunosum-moleculare	CA2slm-R	7DCF4A	0.0
10464	right Field CA2, stratum oriens	CA2so-R	7ED049	0.0
10465	right Field CA2, pyramidal layer	CA2sp-R	66A83C	0.0
10466	right Field CA2, stratum radiatum	CA2sr-R	7ECE4B	0.0
10467	right Field CA3	CA3-R	7ECF49	3.132265773774634
10468	right Field CA3, stratum lacunosum-moleculare	CA3slm-R	7DD049	0.0
10469	right Field CA3, stratum lucidum	CA3slu-R	7DCE4B	0.0
10470	right Field CA3, stratum oriens	CA3so-R	7CD04A	0.0
10471	right Field CA3, pyramidal layer	CA3sp-R	66A73D	0.0
10472	right Field CA3, stratum radiatum	CA3sr-R	7CCF4B	0.0
10473	right Dentate gyrus	DG-R	7DCF49	0.0
10474	right Dentate gyrus, molecular layer	DG-mo-R	7BD04A	2.156515727428996
10475	right Dentate gyrus, polymorph layer	DG-po-R	7ECE4A	0.341859391237449
10476	right Dentate gyrus, granule cell layer	DG-sg-R	65A83D	0.8005781630254205
10477	right Dentate gyrus, subgranular zone	DG-sgz-R	7CD04B	0.0
10478	right Dentate gyrus crest	DGcr-R	7DCE4A	0.0
10479	right Dentate gyrus crest, molecular layer	DGcr-mo-R	7CCF4A	0.0
10480	right Dentate gyrus crest, polymorph layer	DGcr-po-R	7ECE49	0.0
10481	right Dentate gyrus crest, granule cell layer	DGcr-sg-R	7CD049	0.0
10482	right Dentate gyrus lateral blade	DGlb-R	7CCE4B	0.0
10483	right Dentate gyrus lateral blade, molecular layer	DGlb-mo-R	7ED048	0.0
10484	right Dentate gyrus lateral blade, polymorph layer	DGlb-po-R	7ECD4B	0.0
10485	right Dentate gyrus lateral blade, granule cell layer	DGlb-sg-R	7DCE49	0.0
10486	right Dentate gyrus medial blade	DGmb-R	7CCF49	0.0
10487	right Dentate gyrus medial blade, molecular layer	DGmb-mo-R	7CCE4A	0.0
10488	right Dentate gyrus medial blade, polymorph layer	DGmb-po-R	7BD04B	0.0
10489	right Dentate gyrus medial blade, granule cell layer	DGmb-sg-R	7ECF48	0.0
10490	right Fasciola cinerea	FC-R	7ECD4A	0.031125001478358172
10491	right Induseum griseum	IG-R	7ED04B	0.06364062802276749
10492	right Retrohippocampal region	RHP-R	30B625	0.0
10493	right Entorhinal area	ENT-R	32B822	0.0
10494	right Entorhinal area, lateral part	ENTl-R	32B525	0.0
10495	right Entorhinal area, lateral part, layer 1	ENTl1-R	32B722	0.4908437733138271
10496	right Entorhinal area, lateral part, layer 2	ENTl2-R	32B825	0.8012969130595593
10497	right Entorhinal area, lateral part, layer 2/3	ENTl2/3-R	2FB825	0.0
10498	right Entorhinal area, lateral part, layer 2a	ENTl2a-R	30B624	0.0
10499	right Entorhinal area, lateral part, layer 2b	ENTl2b-R	30B823	0.0
10500	right Entorhinal area, lateral part, layer 3	ENTl3-R	32B725	0.6578281562451593
10501	right Entorhinal area, lateral part, layer 4	ENTl4-R	32B724	0.0
10502	right Entorhinal area, lateral part, layer 4/5	ENTl4/5-R	31B724	0.0
10503	right Entorhinal area, lateral part, layer 5	ENTl5-R	31B824	0.7147031589465769
10504	right Entorhinal area, lateral part, layer 5/6	ENTl5/6-R	30B825	0.0
10505	right Entorhinal area, lateral part, layer 6a	ENTl6a-R	32B824	0.5253906499547156
10506	right Entorhinal area, lateral part, layer 6b	ENTl6b-R	31B825	0.0
10507	right Entorhinal area, medial part, dorsal zone	ENTm-R	31B623	0.0
10508	right Entorhinal area, medial part, dorsal zone, layer 1	ENTm1-R	31B625	0.622875029584975
10509	right Entorhinal area, medial part, dorsal zone, layer 2	ENTm2-R	30B824	0.6297812799130043
10510	right Entorhinal area, medial part, dorsal zone, layer 2a	ENTm2a-R	32B624	0.0
10511	right Entorhinal area, medial part, dorsal zone, layer 2b	ENTm2b-R	31B823	0.0
10512	right Entorhinal area, medial part, dorsal zone, layer 3	ENTm3-R	31B723	0.4918593983620667
10513	right Entorhinal area, medial part, dorsal zone, layer 4	ENTm4-R	31B624	0.0
10514	right Entorhinal area, medial part, dorsal zone, layer 5	ENTm5-R	30B724	0.4567187716929766
10515	right Entorhinal area, medial part, dorsal zone, layer 5/6	ENTm5/6-R	30B725	0.0
10516	right Entorhinal area, medial part, dorsal zone, layer 6	ENTm6-R	32B623	0.31395313991197327
10517	right Entorhinal area, medial part, ventral zone	ENTmv-R	30B723	0.0
10518	right Entorhinal area, medial part, ventral zone, layer 1	ENTmv1-R	31B725	0.0
10519	right Entorhinal area, medial part, ventral zone, layer 2	ENTmv2-R	32B823	0.0
10520	right Entorhinal area, medial part, ventral zone, layer 3	ENTmv3-R	32B625	0.0
10521	right Entorhinal area, medial part, ventral zone, layer 4	ENTmv4-R	32B723	0.0
10522	right Entorhinal area, medial part, ventral zone, layer 5/6	ENTmv5/6-R	32B524	0.0
10523	right Parasubiculum	PAR-R	72D568	0.46604689713603875
10524	right Parasubiculum, layer 1	PAR1-R	72D469	0.0
10525	right Parasubiculum, layer 2	PAR2-R	71D569	0.0
10526	right Parasubiculum, layer 3	PAR3-R	72D569	0.0
10527	right Postsubiculum	POST-R	47C83C	0.5402187756590138
10528	right Postsubiculum, layer 1	POST1-R	48C73C	0.0
10529	right Postsubiculum, layer 2	POST2-R	48C83B	0.0
10530	right Postsubiculum, layer 3	POST3-R	48C83C	0.0
10531	right Presubiculum	PRE-R	59B847	0.4620625219467911
10532	right Presubiculum, layer 1	PRE1-R	59B947	0.0
10533	right Presubiculum, layer 2	PRE2-R	59B946	0.0
10534	right Presubiculum, layer 3	PRE3-R	58B947	0.0
10535	right Subiculum	SUB-R	4FC244	1.052015674968061
10536	right Subiculum, dorsal part	SUBd-R	4FC243	0.0
10537	right Subiculum, dorsal part, molecular layer	SUBd-m-R	4EC244	0.0
10538	right Subiculum, dorsal part, pyramidal layer	SUBd-sp-R	4BB547	0.0
10539	right Subiculum, dorsal part, stratum radiatum	SUBd-sr-R	4FC143	0.0
10540	right Subiculum, ventral part	SUBv-R	4FC144	0.0
10541	right Subiculum, ventral part, molecular layer	SUBv-m-R	4EC243	0.0
10542	right Subiculum, ventral part, pyramidal layer	SUBv-sp-R	4BB546	0.0
10543	right Subiculum, ventral part, stratum radiatum	SUBv-sr-R	4EC144	0.0
10544	right Prosubiculum	ProS-R	57B947	0.6498906558681483
10545	right Prosubiculum, dorsal part	ProSd-R	57BA47	0.0
10546	right Prosubiculum, dorsal part, molecular layer	ProSd-m-R	58BA48	0.0
10547	right Prosubiculum, dorsal part, pyramidal layer	ProSd-sp-R	56B84B	0.0
10548	right Prosubiculum, dorsal part, stratum radiatum	ProSd-sr-R	57B948	0.0
10549	right Prosubiculum, ventral part	ProSv-R	58BA47	0.0
10550	right Prosubiculum, ventral part, molecular layer	ProSv-m-R	58B948	0.0
10551	right Prosubiculum, ventral part, pyramidal layer	ProSv-sp-R	56B84A	0.0
10552	right Prosubiculum, ventral part, stratum radiatum	Prosv-sr-R	57BA48	0.0
10553	right Hippocampo-amygdalar transition area	HATA-R	33B931	0.21071876000860357
10554	right Area prostriata	APr-R	33B932	0.1614062576663855
10555	right Cortical subplate	CTXsp-R	8AD987	0.1870000088820234
10556	right Layer 6b, isocortex	6b-R	8ADA87	0.0
10557	right Claustrum	CLA-R	8ADA86	0.27528126307515777
10558	right Endopiriform nucleus	EP-R	A0EE9D	0.0
10559	right Endopiriform nucleus, dorsal part	EPd-R	A0EE9C	0.9082656681403023
10560	right Endopiriform nucleus, ventral part	EPv-R	A0ED9D	0.48646877310602576
10561	right Lateral amygdalar nucleus	LA-R	90EB8D	0.4201406449556089
10562	right Basolateral amygdalar nucleus	BLA-R	9DE79C	0.0
10563	right Basolateral amygdalar nucleus, anterior part	BLAa-R	9DE79B	0.38506251828948734
10564	right Basolateral amygdalar nucleus, posterior part	BLAp-R	9DE69C	0.3554218918816332
10565	right Basolateral amygdalar nucleus, ventral part	BLAv-R	9CE79C	0.20926563493958383
10566	right Basomedial amygdalar nucleus	BMA-R	84EA81	0.0
10567	right Basomedial amygdalar nucleus, anterior part	BMAa-R	84EA80	0.3841562682464428
10568	right Basomedial amygdalar nucleus, posterior part	BMAp-R	84E981	0.35884376704416354
10569	right Posterior amygdalar nucleus	PA-R	97EC93	0.4828437729338475
10570	right Cerebral nuclei	CNU-R	98D6F8	0.0
10571	right Striatum	STR-R	97D6F9	1.345531313909305
10572	right Striatum dorsal region	STRd-R	98D6F9	0.0
10573	right Caudoputamen	CP-R	98D5F9	13.010188117950747
10574	right Striatum ventral region	STRv-R	7FCDF7	0.0
10575	right Nucleus accumbens	ACB-R	80CDF8	2.198734479434279
10576	right Fundus of striatum	FS-R	7ECDF8	0.21570313524534868
10577	right Olfactory tubercle	OT-R	7FCCF7	1.9098750907141948
10578	right Islands of Calleja	isl-R	80CCF7	0.0
10579	right Major island of Calleja	islm-R	80CDF6	0.0
10580	right Olfactory tubercle, layers 1-3	OT1-3-R	80CDF7	0.0
10581	right Olfactory tubercle, molecular layer	OT1-R	7FCCF8	0.0
10582	right Olfactory tubercle, pyramidal layer	OT2-R	80CCF8	0.0
10583	right Olfactory tubercle, polymorph layer	OT3-R	7FCDF8	0.0
10584	right Lateral strip of striatum	LSS-R	80CBF8	0.0
10585	right Lateral septal complex	LSX-R	90CAEC	0.0
10586	right Lateral septal nucleus	LS-R	90CBED	0.0
10587	right Lateral septal nucleus, caudal (caudodorsal) part	LSc-R	90CBEC	0.28117188835494744
10588	right Lateral septal nucleus, rostral (rostroventral) part	LSr-R	90CAED	0.9417500447307248
10589	right Lateral septal nucleus, ventral part	LSv-R	8FCBED	0.30407813944293594
10590	right Septofimbrial nucleus	SF-R	8FCBEC	0.24062501142907422
10591	right Septohippocampal nucleus	SH-R	8FCAED	0.0184843758779607
10592	right Striatum-like amygdalar nuclei	sAMY-R	80C0E1	0.0
10593	right Anterior amygdalar area	AAA-R	80C0E2	0.24745313675339276
10594	right Bed nucleus of the accessory olfactory tract	BA-R	80BFE2	0.012468750592233846
10595	right Central amygdalar nucleus	CEA-R	7EC0E2	0.0
10596	right Central amygdalar nucleus, capsular part	CEAc-R	80BFE0	0.15487500735616777
10597	right Central amygdalar nucleus, lateral part	CEAl-R	80BEE1	0.12990625617021578
10598	right Central amygdalar nucleus, medial part	CEAm-R	7FC0E0	0.3739062677595939
10599	right Intercalated amygdalar nucleus	IA-R	80BEE2	0.09121875433265814
10600	right Medial amygdalar nucleus	MEA-R	80BFE1	1.014453173183938
10601	right Medial amygdalar nucleus, anterodorsal part	MEAad-R	7FC0E2	0.0
10602	right Medial amygdalar nucleus, anteroventral part	MEAav-R	7FC0E1	0.0
10603	right Medial amygdalar nucleus, posterodorsal part	MEApd-R	7FBFE2	0.0
10604	right Medial amygdalar nucleus, posterodorsal part, sublayer a	MEApd-a-R	7FBFE1	0.0
10605	right Medial amygdalar nucleus, posterodorsal part, sublayer b	MEApd-b-R	80C0E0	0.0
10606	right Medial amygdalar nucleus, posterodorsal part, sublayer c	MEApd-c-R	7EC0E1	0.0
10607	right Medial amygdalar nucleus, posteroventral part	MEApv-R	7FBEE2	0.0
10608	right Pallidum	PAL-R	8599CC	0.5655625268627773
10609	right Pallidum, dorsal region	PALd-R	8599CB	0.0
10610	right Globus pallidus, external segment	GPe-R	8598CC	0.7826875371756614
10611	right Globus pallidus, internal segment	GPi-R	8499CC	0.21164063505239028
10612	right Pallidum, ventral region	PALv-R	A2B0D8	0.0
10613	right Substantia innominata	SI-R	A2B1D7	1.5140469469133677
10614	right Magnocellular nucleus	MA-R	A2B1D8	0.18223438365566835
10615	right Pallidum, medial region	PALm-R	95A7D3	0.0
10616	right Medial septal complex	MSC-R	96A6D2	0.0
10617	right Medial septal nucleus	MS-R	96A7D3	0.2139062601600017
10618	right Diagonal band nucleus	NDB-R	96A6D3	0.3721093926742469
10619	right Triangular nucleus of septum	TRS-R	96A7D2	0.1801562585569627
10620	right Pallidum, caudal region	PALc-R	B1BFDF	0.0
10621	right Bed nuclei of the stria terminalis	BST-R	B3C0DE	0.6702656568359089
10622	right Bed nuclei of the stria terminalis, anterior division	BSTa-R	B3BFDF	0.0
10623	right Bed nuclei of the stria terminalis, anterior division, anterolateral area	BSTal-R	B2BFDD	0.0
10624	right Bed nuclei of the stria terminalis, anterior division, anteromedial area	BSTam-R	B3BFDE	0.0
10625	right Bed nuclei of the stria terminalis, anterior division, dorsomedial nucleus	BSTdm-R	B2C0DE	0.0
10626	right Bed nuclei of the stria terminalis, anterior division, fusiform nucleus	BSTfu-R	B2BFDF	0.0
10627	right Bed nuclei of the stria terminalis, anterior division, juxtacapsular nucleus	BSTju-R	B3BEDF	0.0
10628	right Bed nuclei of the stria terminalis, anterior division, magnocellular nucleus	BSTmg-R	B2BFDE	0.0
10629	right Bed nuclei of the stria terminalis, anterior division, oval nucleus	BSTov-R	B1C0DF	0.0
10630	right Bed nuclei of the stria terminalis, anterior division, rhomboid nucleus	BSTrh-R	B3BFDD	0.0
10631	right Bed nuclei of the stria terminalis, anterior division, ventral nucleus	BSTv-R	B3C0DD	0.0
10632	right Bed nuclei of the stria terminalis, posterior division	BSTp-R	B2C0DF	0.0
10633	right Bed nuclei of the stria terminalis, posterior division, dorsal nucleus	BSTd-R	B3BEDE	0.0
10634	right Bed nuclei of the stria terminalis, posterior division, principal nucleus	BSTpr-R	B2C0DD	0.0
10635	right Bed nuclei of the stria terminalis, posterior division, interfascicular nucleus	BSTif-R	B2BEDE	0.0
10636	right Bed nuclei of the stria terminalis, posterior division, transverse nucleus	BSTtr-R	B2BEDF	0.0
10637	right Bed nuclei of the stria terminalis, posterior division, strial extension	BSTse-R	B1C0DE	0.0
10638	right Bed nucleus of the anterior commissure	BAC-R	B3C0DF	0.0037968751803418854
10639	right Brain stem	BS-R	FF7080	0.0
10640	right Interbrain	IB-R	FF707F	0.0
10641	right Thalamus	TH-R	FF6F80	0.46004689685105404
10642	right Thalamus, sensory-motor cortex related	DORsm-R	FE7E84	0.0
10643	right Ventral group of the dorsal thalamus	VENT-R	FF8082	0.0
10644	right Ventral anterior-lateral complex of the thalamus	VAL-R	FD7E84	0.4082500193908345
10645	right Ventral medial nucleus of the thalamus	VM-R	FF7E84	0.463640647021748
10646	right Ventral posterior complex of the thalamus	VP-R	FF8081	0.0
10647	right Ventral posterolateral nucleus of the thalamus	VPL-R	FD8084	0.4379687708023994
10648	right Ventral posterolateral nucleus of the thalamus, parvicellular part	VPLpc-R	FF7F82	0.04943750234815525
10649	right Ventral posteromedial nucleus of the thalamus	VPM-R	FF7E83	0.8226562890740752
10650	right Ventral posteromedial nucleus of the thalamus, parvicellular part	VPMpc-R	FE8082	0.10734375509855454
10651	right Posterior triangular thalamic nucleus	PoT-R	FF7E82	0.14012500665558036
10652	right Subparafascicular nucleus	SPF-R	FF8083	0.0
10653	right Subparafascicular nucleus, magnocellular part	SPFm-R	FF7F84	0.03485937665573147
10654	right Subparafascicular nucleus, parvicellular part	SPFp-R	FE8084	0.06707812818603998
10655	right Subparafascicular area	SPA-R	FE7F83	0.06723437819346145
10656	right Peripeduncular nucleus	PP-R	FD7F84	0.03087500146648381
10657	right Geniculate group, dorsal thalamus	GENd-R	FD8083	0.0
10658	right Medial geniculate complex	MG-R	FF7F83	0.0
10659	right Medial geniculate complex, dorsal part	MGd-R	FE7F82	0.08615625409220229
10660	right Medial geniculate complex, ventral part	MGv-R	FE7E83	0.1385937565828499
10661	right Medial geniculate complex, medial part	MGm-R	FD7F83	0.12526563094979792
10662	right Dorsal part of the lateral geniculate complex	LGd-R	FF8084	0.0
10663	right Dorsal part of the lateral geniculate complex, shell	LGd-sh-R	FE8083	0.10350000491598621
10664	right Dorsal part of the lateral geniculate complex, core	LGd-co-R	FE7F84	0.2091562599343888
10665	right Dorsal part of the lateral geniculate complex, ipsilateral zone	LGd-ip-R	FD8082	0.04800000227987766
10666	right Thalamus, polymodal association cortex related	DORpm-R	FE909C	0.0
10667	right Lateral group of the dorsal thalamus	LAT-R	FE8F9F	0.0
10668	right Lateral posterior nucleus of the thalamus	LP-R	FE909D	0.6023906536120194
10669	right Posterior complex of the thalamus	PO-R	FF8E9C	0.626046904735631
10670	right Posterior limiting nucleus of the thalamus	POL-R	FF8D9D	0.1029062548877846
10671	right Suprageniculate nucleus	SGN-R	FF8E9D	0.09087500431633089
10672	right Ethmoid nucleus of the thalamus	Eth-R	FD8F9C	0.11857813063215872
10673	right Retroethmoid nucleus	REth-R	FD8D9E	0.0
10674	right Anterior group of the dorsal thalamus	ATN-R	FE8E9F	0.0
10675	right Anteroventral nucleus of thalamus	AV-R	FD909E	0.20815625988689135
10676	right Anteromedial nucleus	AM-R	FE909E	0.0
10677	right Anteromedial nucleus, dorsal part	AMd-R	FD8D9F	0.12245313081621134
10678	right Anteromedial nucleus, ventral part	AMv-R	FC909D	0.08298437894154631
10679	right Anterodorsal nucleus	AD-R	FF8F9E	0.07990625379534322
10680	right Interanteromedial nucleus of the thalamus	IAM-R	FE8E9C	0.02159375102564809
10681	right Interanterodorsal nucleus of the thalamus	IAD-R	FC8E9F	0.056515627684348146
10682	right Lateral dorsal nucleus of thalamus	LD-R	FF909D	0.5077187741153466
10683	right Medial group of the dorsal thalamus	MED-R	FF909C	0.0
10684	right Intermediodorsal nucleus of the thalamus	IMD-R	FE909F	0.09106250432523666
10685	right Mediodorsal nucleus of thalamus	MD-R	FD909D	0.6892812827391026
10686	right Mediodorsal nucleus of the thalamus, central part	MDc-R	FC909F	0.0
10687	right Mediodorsal nucleus of the thalamus, lateral part	MDl-R	FF8F9C	0.0
10688	right Mediodorsal nucleus of the thalamus, medial part	MDm-R	FF8D9E	0.0
10689	right Submedial nucleus of the thalamus	SMT-R	FD8E9F	0.15392188231089676
10690	right Perireunensis nucleus	PR-R	FD909C	0.07573437859718979
10691	right Midline group of the dorsal thalamus	MTN-R	FE8E9D	0.0
10692	right Paraventricular nucleus of the thalamus	PVT-R	FE8F9E	0.22707813578563218
10693	right Parataenial nucleus	PT-R	FF909F	0.11476563045107468
10694	right Nucleus of reuniens	RE-R	FD909F	0.21415626017187606
10695	right Xiphoid thalamic nucleus	Xi-R	FC8F9F	0.04578125217449269
10696	right Intralaminar nuclei of the dorsal thalamus	ILM-R	FF8F9F	0.0
10697	right Rhomboid nucleus	RH-R	FF8E9E	0.04654687721085793
10698	right Central medial nucleus of the thalamus	CM-R	FD8E9E	0.12723438104330853
10699	right Paracentral nucleus	PCN-R	FE8D9F	0.11937500567000825
10700	right Central lateral nucleus of the thalamus	CL-R	FD8F9D	0.1798906335443462
10701	right Parafascicular nucleus	PF-R	FC909E	0.2451093866420706
10702	right Posterior intralaminar thalamic nucleus	PIL-R	FE8D9E	0.08771875416641706
10703	right Reticular nucleus of the thalamus	RT-R	FD8F9F	0.7237500343762804
10704	right Geniculate group, ventral thalamus	GENv-R	FD8E9D	0.0
10705	right Intergeniculate leaflet of the lateral geniculate complex	IGL-R	FF909E	0.03454687664088851
10706	right Intermediate geniculate nucleus	IntG-R	FE8D9D	0.011453125543994247
10707	right Ventral part of the lateral geniculate complex	LGv-R	FF8E9F	0.20245313461600745
10708	right Ventral part of the lateral geniculate complex, lateral zone	LGvl-R	FE8F9D	0.0
10709	right Ventral part of the lateral geniculate complex, medial zone	LGvm-R	FE8E9E	0.0
10710	right Subgeniculate nucleus	SubG-R	FD8F9E	0.013640625647894922
10711	right Epithalamus	EPI-R	FC8F9E	0.0
10712	right Medial habenula	MH-R	FF8D9F	0.15995313259736577
10713	right Lateral habenula	LH-R	FF8F9D	0.1728437582096376
10714	right Pineal body	PIN-R	FE8F9C	0.0
10715	right Hypothalamus	HY-R	E64438	1.3803750655642943
10716	right Periventricular zone	PVZ-R	FF5C4E	0.0
10717	right Supraoptic nucleus	SO-R	FE5B50	0.023593751120642992
10718	right Accessory supraoptic group	ASO-R	FE5D4E	0.0030156251432345016
10719	right Nucleus circularis	NC-R	FD5D4F	0.0
10720	right Paraventricular hypothalamic nucleus	PVH-R	FF5D4F	0.09589062955456029
10721	right Paraventricular hypothalamic nucleus, magnocellular division	PVHm-R	FF5C4F	0.0
10722	right Paraventricular hypothalamic nucleus, magnocellular division, anterior magnocellular part	PVHam-R	FF5C50	0.0
10723	right Paraventricular hypothalamic nucleus, magnocellular division, medial magnocellular part	PVHmm-R	FE5D4F	0.0
10724	right Paraventricular hypothalamic nucleus, magnocellular division, posterior magnocellular part	PVHpm-R	FF5D4E	0.0
10725	right Paraventricular hypothalamic nucleus, magnocellular division, posterior magnocellular part, lateral zone	PVHpml-R	FD5C50	0.0
10726	right Paraventricular hypothalamic nucleus, magnocellular division, posterior magnocellular part, medial zone	PVHpmm-R	FE5C4E	0.0
10727	right Paraventricular hypothalamic nucleus, parvicellular division	PVHp-R	FE5C4F	0.0
10728	right Paraventricular hypothalamic nucleus, parvicellular division, anterior parvicellular part	PVHap-R	FE5D50	0.0
10729	right Paraventricular hypothalamic nucleus, parvicellular division, medial parvicellular part, dorsal zone	PVHmpd-R	FE5C50	0.0
10730	right Paraventricular hypothalamic nucleus, parvicellular division, periventricular part	PVHpv-R	FF5B50	0.0
10731	right Periventricular hypothalamic nucleus, anterior part	PVa-R	FF5D50	0.025250001199310645
10732	right Periventricular hypothalamic nucleus, intermediate part	PVi-R	FD5D50	0.10376562992860272
10733	right Arcuate hypothalamic nucleus	ARH-R	FF5B4F	0.14442188185967098
10734	right Periventricular region	PVR-R	FF5446	0.0
10735	right Anterodorsal preoptic nucleus	ADP-R	FF5547	0.04937500234518666
10736	right Anterior hypothalamic area	AHA-R	FF5546	0.0
10737	right Anteroventral preoptic nucleus	AVP-R	FE5447	0.046234377196014975
10738	right Anteroventral periventricular nucleus	AVPV-R	FE5446	0.09271875440390431
10739	right Dorsomedial nucleus of the hypothalamus	DMH-R	FE5445	0.18993750902154716
10740	right Dorsomedial nucleus of the hypothalamus, anterior part	DMHa-R	FE5545	0.0
10741	right Dorsomedial nucleus of the hypothalamus, posterior part	DMHp-R	FE5347	0.0
10742	right Dorsomedial nucleus of the hypothalamus, ventral part	DMHv-R	FD5546	0.0
10743	right Median preoptic nucleus	MEPO-R	FF5445	0.02232812606052903
10744	right Medial preoptic area	MPO-R	FF5346	0.2781093882094865
10745	right Vascular organ of the lamina terminalis	OV-R	FD5447	0.004578125217449269
10746	right Posterodorsal preoptic nucleus	PD-R	FE5346	0.005843750277563231
10747	right Parastrial nucleus	PS-R	FD5446	0.04815625228729914
10748	right Suprachiasmatic preoptic nucleus	PSCH-R	FF5345	0.0
10749	right Periventricular hypothalamic nucleus, posterior part	PVp-R	FF5447	0.06401562804057903
10750	right Periventricular hypothalamic nucleus, preoptic part	PVpo-R	FE5547	0.07254687844579166
10751	right Subparaventricular zone	SBPV-R	FD5547	0.05543750263313996
10752	right Suprachiasmatic nucleus	SCH-R	FF5545	0.03307812657112663
10753	right Subfornical organ	SFO-R	FF5347	0.011171875530635589
10754	right Ventromedial preoptic nucleus	VMPO-R	FD5545	0.025046876189662726
10755	right Ventrolateral preoptic nucleus	VLPO-R	FE5546	0.03360937659635965
10756	right Hypothalamic medial zone	MEZ-R	FF4C3C	0.0
10757	right Anterior hypothalamic nucleus	AHN-R	FF4B3E	0.355718766895734
10758	right Anterior hypothalamic nucleus, anterior part	AHNa-R	FE4C3C	0.0
10759	right Anterior hypothalamic nucleus, central part	AHNc-R	FE4C3E	0.0
10760	right Anterior hypothalamic nucleus, dorsal part	AHNd-R	FE4A3E	0.0
10761	right Anterior hypothalamic nucleus, posterior part	AHNp-R	FD4C3D	0.0
10762	right Mammillary body	MBO-R	FE4C3D	0.0
10763	right Lateral mammillary nucleus	LM-R	FF4B3D	0.03851562682939402
10764	right Medial mammillary nucleus	MM-R	FF4A3E	0.0
10765	right Medial mammillary nucleus, median part	Mmme-R	FD4B3E	0.040109376905093086
10766	right Medial mammillary nucleus, lateral part	Mml-R	FC4B3E	0.10684375507480581
10767	right Medial mammillary nucleus, medial part	Mmm-R	FE4A3C	0.0679062532253738
10768	right Medial mammillary nucleus, posterior part	Mmp-R	FE493D	0.01909375090690446
10769	right Medial mammillary nucleus, dorsal part	Mmd-R	FD4A3D	0.03848437682790973
10770	right Supramammillary nucleus	SUM-R	FF493D	0.1280781310833845
10771	right Supramammillary nucleus, lateral part	SUMl-R	FE4C3B	0.0
10772	right Supramammillary nucleus, medial part	SUMm-R	FE493E	0.0
10773	right Tuberomammillary nucleus	TM-R	FF4B3C	0.0
10774	right Tuberomammillary nucleus, dorsal part	TMd-R	FC4C3D	0.017718750841595465
10775	right Tuberomammillary nucleus, ventral part	TMv-R	FF4C3E	0.054109377570057404
10776	right Medial preoptic nucleus	MPN-R	FD4C3E	0.2034843846649892
10777	right Medial preoptic nucleus, central part	MPNc-R	FE4A3D	0.0
10778	right Medial preoptic nucleus, lateral part	MPNl-R	FD4B3D	0.0
10779	right Medial preoptic nucleus, medial part	MPNm-R	FF4A3C	0.0
10780	right Dorsal premammillary nucleus	PMd-R	FC4C3E	0.0659062531303789
10781	right Ventral premammillary nucleus	PMv-R	FF4B3B	0.09784375464732875
10782	right Paraventricular hypothalamic nucleus, descending division	PVHd-R	FF4C3D	0.06542187810737232
10783	right Paraventricular hypothalamic nucleus, descending division, dorsal parvicellular part	PVHdp-R	FE4B3E	0.0
10784	right Paraventricular hypothalamic nucleus, descending division, forniceal part	PVHf-R	FE4B3D	0.0
10785	right Paraventricular hypothalamic nucleus, descending division, lateral parvicellular part	PVHlp-R	FE4B3B	0.0
10786	right Paraventricular hypothalamic nucleus, descending division, medial parvicellular part, ventral zone	PVHmpv-R	FE4B3C	0.0
10787	right Ventromedial hypothalamic nucleus	VMH-R	FF4A3D	0.27520313807144703
10788	right Ventromedial hypothalamic nucleus, anterior part	VMHa-R	FD4C3C	0.0
10789	right Ventromedial hypothalamic nucleus, central part	VMHc-R	FD4A3E	0.0
10790	right Ventromedial hypothalamic nucleus, dorsomedial part	VMHdm-R	FF4C3B	0.0
10791	right Ventromedial hypothalamic nucleus, ventrolateral part	VMHvl-R	FF493E	0.0
10792	right Posterior hypothalamic nucleus	PH-R	FD4B3C	0.3549375168586266
10793	right Hypothalamic lateral zone	LZ-R	F1483B	0.0
10794	right Lateral hypothalamic area	LHA-R	F2483A	1.0353437991761893
10795	right Lateral preoptic area	LPO-R	F2473B	0.2777187631909328
10796	right Preparasubthalamic nucleus	PST-R	F2473A	0.006296875299085514
10797	right Parasubthalamic nucleus	PSTN-R	F1483A	0.08287500393635128
10798	right Perifornical nucleus	PeF-R	F2463A	0.10745313010374957
10799	right Retrochiasmatic area	RCH-R	F2483B	0.07370312850071059
10800	right Subthalamic nucleus	STN-R	F1473B	0.09748437963025935
10801	right Tuberal nucleus	TU-R	F24839	0.261656262428005
10802	right Zona incerta	ZI-R	F0483B	0.7799687870465277
10803	right Dopaminergic A13 group	A13-R	F2463B	0.0
10804	right Fields of Forel	FF-R	F24739	0.12028125571305281
10805	right Median eminence	ME-R	F1473A	0.04062500192958396
10806	right Midbrain	MB-R	FF64FF	3.3995626614705543
10807	right Midbrain, sensory related	MBsen-R	FE7AFF	0.0
10808	right Superior colliculus, sensory related	SCs-R	FF79FF	0.0
10809	right Superior colliculus, optic layer	SCop-R	FD7AFF	0.32204689029640576
10810	right Superior colliculus, superficial gray layer	SCsg-R	FF78FF	0.5765469023845071
10811	right Superior colliculus, zonal layer	SCzo-R	FF7AFD	0.18253125866976916
10812	right Inferior colliculus	IC-R	FF7AFF	0.0
10813	right Inferior colliculus, central nucleus	ICc-R	FE7AFE	0.5629531517388386
10814	right Inferior colliculus, dorsal nucleus	ICd-R	FE79FF	0.6611719064039789
10815	right Inferior colliculus, external nucleus	ICe-R	FE79FE	0.9992031724596018
10816	right Nucleus of the brachium of the inferior colliculus	NB-R	FE7AFD	0.04390625208543497
10817	right Nucleus sagulum	SAG-R	FF7AFE	0.04921875233776518
10818	right Parabigeminal nucleus	PBG-R	FF79FD	0.022156251052365405
10819	right Midbrain trigeminal nucleus	MEV-R	FF79FE	0.004656250221160008
10820	right Subcommissural organ	SCO-R	FF78FE	0.007421875352520146
10821	right Midbrain, motor related	MBmot-R	FE8EFE	0.0
10822	right Substantia nigra, reticular part	SNr-R	FF8DFD	0.7741406617697066
10823	right Ventral tegmental area	VTA-R	FE8DFF	0.2137812601540645
10824	right Paranigral nucleus	PN-R	FF8EFE	0.011125000528409146
10825	right Midbrain reticular nucleus, retrorubral area	RR-R	FD8FFF	0.06917187828548776
10826	right Midbrain reticular nucleus	MRN-R	FF8FFD	2.5691094970261474
10827	right Midbrain reticular nucleus, magnocellular part	MRNm-R	FF8EFC	0.0
10828	right Midbrain reticular nucleus, magnocellular part, general	MRNmg-R	FF8DFF	0.0
10829	right Midbrain reticular nucleus, parvicellular part	MRNp-R	FE8EFD	0.0
10830	right Superior colliculus, motor related	SCm-R	FE8FFD	0.0
10831	right Superior colliculus, motor related, deep gray layer	SCdg-R	FF8FFF	0.5986406534339039
10832	right Superior colliculus, motor related, deep white layer	SCdw-R	FF8FFE	0.16701563293281652
10833	right Superior colliculus, motor related, intermediate white layer	SCiw-R	FF90FE	1.0477031747632282
10834	right Superior colliculus, motor related, intermediate gray layer	SCig-R	FF90FF	1.020500048471149
10835	right Superior colliculus, motor related, intermediate gray layer, sublayer a	SCig-a-R	FF8EFD	0.0
10836	right Superior colliculus, motor related, intermediate gray layer, sublayer b	SCig-b-R	FD90FD	0.0
10837	right Superior colliculus, motor related, intermediate gray layer, sublayer c	SCig-c-R	FD8EFF	0.0
10838	right Periaqueductal gray	PAG-R	FC8FFF	2.1564532274260273
10839	right Precommissural nucleus	PRC-R	FE90FE	0.08560937906622712
10840	right Interstitial nucleus of Cajal	INC-R	FF90FD	0.039921876896187314
10841	right Nucleus of Darkschewitsch	ND-R	FD8FFD	0.04581250217597699
10842	right Supraoculomotor periaqueductal gray	Su3-R	FD90FC	0.021015625998188625
10843	right Pretectal region	PRT-R	FD8EFD	0.0
10844	right Anterior pretectal nucleus	APN-R	FE8EFF	0.6377500302914996
10845	right Medial pretectal area	MPT-R	FF90FC	0.022078126048654667
10846	right Nucleus of the optic tract	NOT-R	FF8FFC	0.10275000488036312
10847	right Nucleus of the posterior commissure	NPC-R	FF8DFE	0.14482813187896681
10848	right Olivary pretectal nucleus	OP-R	FE90FC	0.02910937638262112
10849	right Posterior pretectal nucleus	PPT-R	FC8FFE	0.07215625342723797
10850	right Retroparafascicular nucleus	RPF-R	FD8DFF	0.03107812647613173
10851	right Intercollicular nucleus	InCo-R	FC90FD	0.0
10852	right Cuneiform nucleus	CUN-R	FC90FF	0.27560938809074287
10853	right Red nucleus	RN-R	FE90FD	0.3943281437295809
10854	right Oculomotor nucleus	III-R	FE90FF	0.016375000777770765
10855	right Medial accesory oculomotor nucleus	MA3-R	FC8EFF	0.007953125377753167
10856	right Edinger-Westphal nucleus	EW-R	FE8FFC	0.015250000724336132
10857	right Trochlear nucleus	IV-R	FD90FF	0.0036406251729204087
10858	right Paratrochlear nucleus	Pa4-R	FE8DFE	0.008062500382948201
10859	right Ventral tegmental nucleus	VTN-R	FC90FE	0.01909375090690446
10860	right Anterior tegmental nucleus	AT-R	FD90FE	0.021500001021195203
10861	right Lateral terminal nucleus of the accessory optic tract	LT-R	FE8FFE	0.00901562542821921
10862	right Dorsal terminal nucleus of the accessory optic tract	DT-R	FF8EFF	0.005656250268657459
10863	right Medial terminal nucleus of the accessory optic tract	MT-R	FE8FFF	0.021468751019710908
10864	right Substantia nigra, lateral part	SNl-R	FD8EFE	0.0
10865	right Midbrain, behavioral state related	MBsta-R	FD8FFE	0.0
10866	right Substantia nigra, compact part	SNc-R	FFA6FD	0.0989062546977948
10867	right Pedunculopontine nucleus	PPN-R	FFA5FD	0.44514064614304516
10868	right Midbrain raphe nuclei	RAmb-R	FFA5FF	0.0
10869	right Interfascicular nucleus raphe	IF-R	FFA6FF	0.044281252103246516
10870	right Interpeduncular nucleus	IPN-R	FFA6FE	0.006250000296859071
10871	right Interpeduncular nucleus, rostral	IPR-R	FFA4FE	0.041000001947395504
10872	right Interpeduncular nucleus, caudal	IPC-R	FFA5FE	0.03535937667948019
10873	right Interpeduncular nucleus, apical	IPA-R	FEA6FE	0.013531250642699888
10874	right Interpeduncular nucleus, lateral	IPL-R	FEA5FF	0.030984376471678843
10875	right Interpeduncular nucleus, intermediate	IPI-R	FEA6FD	0.016328125775544322
10876	right Interpeduncular nucleus, dorsomedial	IPDM-R	FEA4FF	0.009171875435640686
10877	right Interpeduncular nucleus, dorsolateral	IPDL-R	FDA6FE	0.019015625903193722
10878	right Interpeduncular nucleus, rostrolateral	IPRL-R	FEA5FE	0.009453125448999344
10879	right Rostral linear nucleus raphe	RL-R	FEA6FF	0.02904687637965253
10880	right Central linear nucleus raphe	CLI-R	FFA4FF	0.04228125200825161
10881	right Dorsal nucleus raphe	DR-R	FDA6FF	0.08098437884655141
10882	right Hindbrain	HB-R	FF9B87	0.0
10883	right Pons	P-R	FF9B88	1.8165313362806046
10884	right Pons, sensory related	P-sen-R	FFAC6D	0.0
10885	right Nucleus of the lateral lemniscus	NLL-R	FFAC6F	0.36218751720298314
10886	right Nucleus of the lateral lemniscus, dorsal part	NLLd-R	FFAE6E	0.0
10887	right Nucleus of the lateral lemniscus, horizontal part	NLLh-R	FFAD6F	0.0
10888	right Nucleus of the lateral lemniscus, ventral part	NLLv-R	FEAE6F	0.0
10889	right Principal sensory nucleus of the trigeminal	PSV-R	FFAE6F	0.5512812761844543
10890	right Parabrachial nucleus	PB-R	FFAD6D	0.47325002247816883
10891	right Koelliker-Fuse subnucleus	KF-R	FEAD6E	0.08762500416196417
10892	right Parabrachial nucleus, lateral division	PBl-R	FEAE6D	0.0
10893	right Parabrachial nucleus, lateral division, central lateral part	PBlc-R	FDAE6F	0.0
10894	right Parabrachial nucleus, lateral division, dorsal lateral part	PBld-R	FFAC6E	0.0
10895	right Parabrachial nucleus, lateral division, external lateral part	PBle-R	FDAE6D	0.0
10896	right Parabrachial nucleus, lateral division, superior lateral part	PBls-R	FEAC6F	0.0
10897	right Parabrachial nucleus, lateral division, ventral lateral part	PBlv-R	FDAD6F	0.0
10898	right Parabrachial nucleus, medial division	PBm-R	FDAE6E	0.0
10899	right Parabrachial nucleus, medial division, external medial part	PBme-R	FEAD6D	0.0
10900	right Parabrachial nucleus, medial division, medial medial part	PBmm-R	FEAC6E	0.0
10901	right Parabrachial nucleus, medial division, ventral medial part	PBmv-R	FDAD6E	0.0
10902	right Superior olivary complex	SOC-R	FFAE6D	0.0
10903	right Superior olivary complex, periolivary region	POR-R	FEAD6F	0.18303125869351788
10904	right Superior olivary complex, medial part	SOCm-R	FFAD6E	0.09751562963174365
10905	right Superior olivary complex, lateral part	SOCl-R	FEAE6E	0.16893750802410068
10906	right Pons, motor related	P-mot-R	FFB886	0.0
10907	right Barrington's nucleus	B-R	FFBA86	0.007859375373300281
10908	right Dorsal tegmental nucleus	DTN-R	FEB985	0.05185937746318814
10909	right Lateral tegmental nucleus	LTN-R	FFBA85	0.0
10910	right Posterodorsal tegmental nucleus	PDTg-R	FFB984	0.023968751138454536
10911	right Pontine central gray	PCG-R	FFBA84	0.2722812629326654
10912	right Pontine gray	PG-R	FFB885	0.4820625228967401
10913	right Pontine reticular nucleus, caudal part	PRNc-R	FDBA86	1.17401568076275
10914	right Pontine reticular nucleus, ventral part	PRNv-R	FFB985	0.0
10915	right Supragenual nucleus	SG-R	FFB986	0.008765625416344847
10916	right Superior salivatory nucleus	SSN-R	FEBA84	0.0
10917	right Supratrigeminal nucleus	SUT-R	FEBA86	0.1297812561642786
10918	right Tegmental reticular nucleus	TRN-R	FEBA85	0.3451875163955265
10919	right Motor nucleus of trigeminal	V-R	FEB986	0.17707813341075962
10920	right Peritrigeminal zone	P5-R	FEB886	0.1607500076352153
10921	right Accessory trigeminal nucleus	Acs5-R	FDBA85	0.007046875334708602
10922	right Parvicellular motor 5 nucleus	PC5-R	FDB986	0.03484375165498932
10923	right Intertrigeminal nucleus	I5-R	FEB984	0.021953126042717486
10924	right Pons, behavioral state related	P-sat-R	FFC195	0.0
10925	right Superior central nucleus raphe	CS-R	FFC393	0.30234376436055754
10926	right Superior central nucleus raphe, lateral part	CSl-R	FFC394	0.0
10927	right Superior central nucleus raphe, medial part	CSm-R	FFC395	0.0
10928	right Locus ceruleus	LC-R	FDC395	0.007218750342872227
10929	right Laterodorsal tegmental nucleus	LDT-R	FEC395	0.10184375483731856
10930	right Nucleus incertus	NI-R	FEC294	0.05395312756263593
10931	right Pontine reticular nucleus	PRNr-R	FFC295	1.181421931114528
10932	right Nucleus raphe pontis	RPO-R	FFC294	0.04801562728061981
10933	right Subceruleus nucleus	SLC-R	FEC394	0.013296875631567673
10934	right Sublaterodorsal nucleus	SLD-R	FEC295	0.023437501113221515
10935	right Medulla	MY-R	FF9BCD	2.6734376269814675
10936	right Medulla, sensory related	MY-sen-R	FFA3D2	0.0
10937	right Area postrema	AP-R	FFA5D0	0.027203126292079105
10938	right Cochlear nuclei	CN-R	FEA5D0	0.0
10939	right Granular lamina of the cochlear nuclei	CNlam-R	FEA4D1	0.0
10940	right Cochlear nucleus, subpedunclular granular region	CNspg-R	FFA3D1	0.0
10941	right Dorsal cochlear nucleus	DCO-R	FEA5D1	0.30529688950082345
10942	right Ventral cochlear nucleus	VCO-R	FEA4D2	0.5078437741212838
10943	right Dorsal column nuclei	DCN-R	FDA3D2	0.0
10944	right Cuneate nucleus	CU-R	FDA5D0	0.16653125790980994
10945	right Gracile nucleus	GR-R	FEA3D0	0.04095312694516906
10946	right External cuneate nucleus	ECU-R	FFA2D2	0.10256250487145735
10947	right Nucleus of the trapezoid body	NTB-R	FEA3D2	0.07726562866992026
10948	right Nucleus of the solitary tract	NTS-R	FDA5D1	0.42557814521387627
10949	right Nucleus of the solitary tract, central part	NTSce-R	FDA4D2	0.0
10950	right Nucleus of the solitary tract, commissural part	NTSco-R	FEA4D0	0.0
10951	right Nucleus of the solitary tract, gelatinous part	NTSge-R	FEA3D1	0.0
10952	right Nucleus of the solitary tract, lateral part	NTSl-R	FDA4D1	0.0
10953	right Nucleus of the solitary tract, medial part	NTSm-R	FFA3D0	0.0
10954	right Spinal nucleus of the trigeminal, caudal part	SPVC-R	FDA4D0	0.8404062899171549
10955	right Spinal nucleus of the trigeminal, interpolar part	SPVI-R	FDA5D2	0.9232500438520219
10956	right Spinal nucleus of the trigeminal, oral part	SPVO-R	FFA4D0	0.5009531487939967
10957	right Spinal nucleus of the trigeminal, oral part, caudal dorsomedial part	SPVOcdm-R	FFA4D1	0.0
10958	right Spinal nucleus of the trigeminal, oral part, middle dorsomedial part, dorsal zone	SPVOmdmd-R	FFA5D1	0.0
10959	right Spinal nucleus of the trigeminal, oral part, middle dorsomedial part, ventral zone	SPVOmdmv-R	FFA4D2	0.0
10960	right Spinal nucleus of the trigeminal, oral part, rostral dorsomedial part	SPVOrdm-R	FFA5D2	0.0
10961	right Spinal nucleus of the trigeminal, oral part, ventrolateral part	SPVOvl-R	FEA5D2	0.0
10962	right Paratrigeminal nucleus	Pa5-R	FDA3D1	0.0514531274438923
10963	right Nucleus z	z-R	FFA5CF	0.0
10964	right Medulla, motor related	MY-mot-R	FEB2D7	0.0
10965	right Abducens nucleus	VI-R	FDB1D9	0.015234375723593985
10966	right Accessory abducens nucleus	ACVI-R	FFB1D7	0.0
10967	right Facial motor nucleus	VII-R	FFB3D6	0.45876564679019793
10968	right Accessory facial motor nucleus	ACVII-R	FDB0D9	0.002750000130617991
10969	right Efferent vestibular nucleus	EV-R	FDB3D7	0.0
10970	right Nucleus ambiguus	AMB-R	FEB3D9	0.0
10971	right Nucleus ambiguus, dorsal division	AMBd-R	FEB3D6	0.010609375503918272
10972	right Nucleus ambiguus, ventral division	AMBv-R	FEB3D8	0.010968750520987669
10973	right Dorsal motor nucleus of the vagus nerve	DMX-R	FDB1D8	0.08703125413376256
10974	right Efferent cochlear group	ECO-R	FEB1D6	0.0
10975	right Gigantocellular reticular nucleus	GRN-R	FEB0D8	1.3101563122290827
10976	right Infracerebellar nucleus	ICB-R	FEB1D8	0.0269062512779783
10977	right Inferior olivary complex	IO-R	FFB3D8	0.25446876208661706
10978	right Intermediate reticular nucleus	IRN-R	FFB2D8	1.3881563159338839
10979	right Inferior salivatory nucleus	ISN-R	FFB2D9	0.0035937501706939656
10980	right Linear nucleus of the medulla	LIN-R	FFB1D8	0.030828126464257366
10981	right Lateral reticular nucleus	LRN-R	FDB3D8	0.0
10982	right Lateral reticular nucleus, magnocellular part	LRNm-R	FCB3D7	0.25610938716454257
10983	right Lateral reticular nucleus, parvicellular part	LRNp-R	FEB0D9	0.028687501362583134
10984	right Magnocellular reticular nucleus	MARN-R	FDB2D9	0.26701563768256165
10985	right Medullary reticular nucleus	MDRN-R	FDB2D8	0.0
10986	right Medullary reticular nucleus, dorsal part	MDRNd-R	FDB1D7	0.5464062759529043
10987	right Medullary reticular nucleus, ventral part	MDRNv-R	FFB1D6	0.4695781473037641
10988	right Parvicellular reticular nucleus	PARN-R	FCB3D9	1.121953178289914
10989	right Parasolitary nucleus	PAS-R	FFB2D6	0.013953125662737875
10990	right Paragigantocellular reticular nucleus	PGRN-R	FFB0D8	0.0
10991	right Paragigantocellular reticular nucleus, dorsal part	PGRNd-R	FCB3D8	0.11943750567297684
10992	right Paragigantocellular reticular nucleus, lateral part	PGRNl-R	FCB2D9	0.35507814186530595
10993	right Perihypoglossal nuclei	PHY-R	FEB2D9	0.0
10994	right Nucleus intercalatus	NIS-R	FEB2D8	0.0
10995	right Nucleus of Roller	NR-R	FFB1D9	0.015234375723593985
10996	right Nucleus prepositus	PRP-R	FFB3D7	0.12071875573383295
10997	right Paramedian reticular nucleus	PMR-R	FEB2D6	0.0
10998	right Parapyramidal nucleus	PPY-R	FCB2D8	0.04729687724648102
10999	right Parapyramidal nucleus, deep part	PPYd-R	FDB3D9	0.0
11000	right Parapyramidal nucleus, superficial part	PPYs-R	FFB2D7	0.0
11001	right Vestibular nuclei	VNC-R	FCB1D9	0.0
11002	right Lateral vestibular nucleus	LAV-R	FEB3D7	0.14403125684111728
11003	right Medial vestibular nucleus	MV-R	FFB0D7	0.9083594181447552
11004	right Spinal vestibular nucleus	SPIV-R	FEB1D9	0.37460939279299055
11005	right Superior vestibular nucleus	SUV-R	FDB3D6	0.17692188340333814
11006	right Nucleus x	x-R	FFB0D9	0.02845312635145092
11007	right Hypoglossal nucleus	XII-R	FEB1D7	0.13971875663628452
11008	right Nucleus y	y-R	FDB2D7	0.011750000558095053
11009	right Interstitial nucleus of the vestibular nerve	INV-R	FFB3D9	0.0
11010	right Medulla, behavioral state related	MY-sat-R	FFC6E1	0.0
11011	right Nucleus raphe magnus	RM-R	FFC5E2	0.06579687812518387
11012	right Nucleus raphe pallidus	RPA-R	FFC6E2	0.037421876777443686
11013	right Nucleus raphe obscurus	RO-R	FEC6E2	0.021703126030843123
11014	right Cerebellum	CB-R	F0F080	0.4132656446290639
11015	right Cerebellar cortex	CBX-R	F0EF80	0.0
11016	right Cerebellar cortex, molecular layer	CBXmo-R	FFFA8E	0.0
11017	right Cerebellar cortex, Purkinje layer	CBXpu-R	FFF98F	0.0
11018	right Cerebellar cortex, granular layer	CBXgr-R	EBE753	0.0
11019	right Vermal regions	VERM-R	FFFA91	0.0
11020	right Lingula (I)	LING-R	FEFA91	0.0612187529077346
11021	right Lingula (I), molecular layer	LINGmo-R	FFFC91	0.0
11022	right Lingula (I), Purkinje layer	LINGpu-R	FEFC90	0.0
11023	right Lingula (I), granular layer	LINGgr-R	EBE553	0.0
11024	right Central lobule	CENT-R	FDFB91	0.0
11025	right Lobule II	CENT2-R	FDFA91	0.6715000318945386
11026	right Lobule II, molecular layer	CENT2mo-R	FEF98F	0.0
11027	right Lobule II, Purkinje layer	CENT2pu-R	FEF891	0.0
11028	right Lobule II, granular layer	CENT2gr-R	EBE654	0.0
11029	right Lobule III	CENT3-R	FFFC8E	1.3762344403676252
11030	right Lobule III, molecular layer	CENT3mo-R	FDF98F	0.0
11031	right Lobule III, Purkinje layer	CENT3pu-R	FFFC90	0.0
11032	right Lobule III, granular layer	CENT3gr-R	ECE654	0.0
11033	right Culmen	CUL-R	FEFB8F	0.0
11034	right Lobule IV	CUL4-R	FFF991	0.0
11035	right Lobule IV, molecular layer	CUL4mo-R	FDFA90	0.0
11036	right Lobule IV, Purkinje layer	CUL4pu-R	FDFB8E	0.0
11037	right Lobule IV, granular layer	CUL4gr-R	ECE754	0.0
11038	right Lobule V	CUL5-R	FEFA8F	0.0
11039	right Lobule V, molecular layer	CUL5mo-R	FEFC8D	0.0
11040	right Lobule V, Purkinje layer	CUL5pu-R	FFF890	0.0
11041	right Lobule V, granular layer	CUL5gr-R	EBE554	0.0
11042	right Lobules IV-V	CUL4, 5-R	FCFB90	3.3719532851591794
11043	right Lobules IV-V, molecular layer	CUL4, 5mo-R	FEFB91	0.0
11044	right Lobules IV-V, Purkinje layer	CUL4, 5pu-R	FCFA90	0.0
11045	right Lobules IV-V, granular layer	CUL4, 5gr-R	EBE754	0.0
11046	right Declive (VI)	DEC-R	FEFA90	1.6716407043986692
11047	right Declive (VI), molecular layer	DECmo-R	FFFB8F	0.0
11048	right Declive (VI), Purkinje layer	DECpu-R	FCFB91	0.0
11049	right Declive (VI), granular layer	DECgr-R	ECE553	0.0
11050	right Folium-tuber vermis (VII)	FOTU-R	FDFB90	0.5295781501536112
11051	right Folium-tuber vermis (VII), molecular layer	FOTUmo-R	FDF991	0.0
11052	right Folium-tuber vermis (VII), Purkinje layer	FOTUpu-R	FDFA8F	0.0
11053	right Folium-tuber vermis (VII), granular layer	FOTUgr-R	EAE753	0.0
11054	right Pyramus (VIII)	PYR-R	FBFC91	0.6267187797675433
11055	right Pyramus (VIII), molecular layer	PYRmo-R	FFFB8D	0.0
11056	right Pyramus (VIII), Purkinje layer	PYRpu-R	FEFB90	0.0
11057	right Pyramus (VIII), granular layer	PYRgr-R	ECE752	0.0
11058	right Uvula (IX)	UVU-R	FFFA8F	1.1008438022872724
11059	right Uvula (IX), molecular layer	UVUmo-R	FDFC90	0.0
11060	right Uvula (IX), Purkinje layer	UVUpu-R	FEFC8F	0.0
11061	right Uvula (IX), granular layer	UVUgr-R	EBE652	0.0
11062	right Nodulus (X)	NOD-R	FDFC8F	0.7623125362079008
11063	right Nodulus (X), molecular layer	NODmo-R	FCFA8F	0.0
11064	right Nodulus (X), Purkinje layer	NODpu-R	FFFA90	0.0
11065	right Nodulus (X), granular layer	NODgr-R	ECE653	0.0
11066	right Hemispheric regions	HEM-R	FEF990	0.0
11067	right Simple lobule	SIM-R	FDFB8F	2.8480313852742256
11068	right Simple lobule, molecular layer	SIMmo-R	FEFB8E	0.0
11069	right Simple lobule, Purkinje layer	SIMpu-R	FEFC8E	0.0
11070	right Simple lobule, granular layer	SIMgr-R	EAE654	0.0
11071	right Ansiform lobule	AN-R	FCFC91	0.0
11072	right Crus 1	ANcr1-R	FCFC90	2.8467501352133695
11073	right Crus 1, molecular layer	ANcr1mo-R	FDFC8E	0.0
11074	right Crus 1, Purkinje layer	ANcr1pu-R	FFFB91	0.0
11075	right Crus 1, granular layer	ANcr1gr-R	ECE753	0.0
11076	right Crus 2	ANcr2-R	FCFA91	2.5564219964235235
11077	right Crus 2, molecular layer	ANcr2mo-R	FEFA8E	0.0
11078	right Crus 2, Purkinje layer	ANcr2pu-R	FCFC8F	0.0
11079	right Crus 2, granular layer	ANcr2gr-R	EBE653	0.0
11080	right Paramedian lobule	PRM-R	FFFB8E	2.441046990943505
11081	right Paramedian lobule, molecular layer	PRMmo-R	FEFC91	0.0
11082	right Paramedian lobule, Purkinje layer	PRMpu-R	FDF990	0.0
11083	right Paramedian lobule, granular layer	PRMgr-R	ECE554	0.0
11084	right Copula pyramidis	COPY-R	FFF990	1.2529063095098536
11085	right Copula pyramidis, molecular layer	COPYmo-R	FDFA8E	0.0
11086	right Copula pyramidis, Purkinje layer	COPYpu-R	FCFB8F	0.0
11087	right Copula pyramidis, granular layer	COPYgr-R	EAE754	0.0
11088	right Paraflocculus	PFL-R	FFFC8D	2.86435951104977
11089	right Paraflocculus, molecular layer	PFLmo-R	FFFB90	0.0
11090	right Paraflocculus, Purkinje layer	PFLpu-R	FFFC8F	0.0
11091	right Paraflocculus, granular layer	PFLgr-R	ECE652	0.0
11092	right Flocculus	FL-R	FEF991	0.6679844067275553
11093	right Flocculus, molecular layer	FLmo-R	FDFC91	0.0
11094	right Flocculus, Purkinje layer	FLpu-R	FFF891	0.0
11095	right Flocculus, granular layer	FLgr-R	EBE752	0.0
11096	right Cerebellar nuclei	CBN-R	F0F07F	0.0
11097	right Fastigial nucleus	FN-R	FFFCBC	0.2503125118892058
11098	right Interposed nucleus	IP-R	FFFDBC	0.430734395458785
11099	right Dentate nucleus	DN-R	FFFDBB	0.1680937579840247
11100	right Vestibulocerebellar nucleus	VeCB-R	FEFDBC	0.04251562701938383
11101	right fiber tracts	fiber tracts-R	CAC7CB	0.7768125368966139
11102	right cranial nerves	cm-R	C8CAC9	0.0
11103	right terminal nerve	tn-R	C7CCC9	0.0
11104	right vomeronasal nerve	von-R	CAC8C9	0.006671875316897058
11105	right olfactory nerve	In-R	CCCBC7	0.0
11106	right olfactory nerve layer of main olfactory bulb	onl-R	C7CBCA	2.0766719736366213
11107	right lateral olfactory tract, general	lotg-R	CCCCCB	0.0
11108	right lateral olfactory tract, body	lot-R	CAC8C7	0.4527812715059554
11109	right dorsal limb	lotd-R	CACAC9	0.07853125373003422
11110	right accessory olfactory tract	aolt-R	C9CAC7	0.0
11111	right anterior commissure, olfactory limb	aco-R	CBCBC7	0.38051564307352237
11112	right optic nerve	IIn-R	CBCCC7	0.035468751684675226
11113	right accessory optic tract	aot-R	C9C8CB	0.0
11114	right brachium of the superior colliculus	bsc-R	C7CBCB	0.09996875474826084
11115	right superior colliculus commissure	csc-R	C9CBCB	0.0141250006709015
11116	right optic chiasm	och-R	CBCACC	0.15470313234800415
11117	right optic tract	opt-R	CACCCB	0.3495937666048121
11118	right tectothalamic pathway	ttp-R	C9CACC	0.0
11119	right oculomotor nerve	IIIn-R	C7CCCC	0.004062500192958396
11120	right medial longitudinal fascicle	mlf-R	CBCBCC	0.07428125352817005
11121	right posterior commissure	pc-R	CCCACA	0.027015626283173333
11122	right trochlear nerve	IVn-R	C8C9C8	0.003531250167725375
11123	right trochlear nerve decussation	IVd-R	C9CCCA	0.0
11124	right abducens nerve	VIn-R	CBCACB	0.0
11125	right trigeminal nerve	Vn-R	CBC7CB	0.0
11126	right motor root of the trigeminal nerve	moV-R	CCCBCA	0.029765626413791324
11127	right sensory root of the trigeminal nerve	sV-R	CACACB	0.348203141538761
11128	right midbrain tract of the trigeminal nerve	mtV-R	C8C8CA	0.0
11129	right spinal tract of the trigeminal nerve	sptV-R	C8CACA	0.8154219137304608
11130	right facial nerve	VIIn-R	CCCCC7	0.03960937688134436
11131	right intermediate nerve	iVIIn-R	C9C8C9	0.0
11132	right genu of the facial nerve	gVIIn-R	C9CCC7	0.014421875685002306
11133	right vestibulocochlear nerve	VIIIn-R	C9C7CA	0.0
11134	right efferent cochleovestibular bundle	cvb-R	C8CBC8	0.0
11135	right vestibular nerve	vVIIIn-R	C9CACB	0.12523438094831363
11136	right cochlear nerve	cVIIIn-R	CAC9C8	0.0
11137	right trapezoid body	tb-R	CCC7CB	0.15096875717063085
11138	right intermediate acoustic stria	ias-R	CBC7C8	0.0
11139	right dorsal acoustic stria	das-R	CCCBC8	0.006046875287211151
11140	right lateral lemniscus	ll-R	C9C9CB	0.41695314480421075
11141	right inferior colliculus commissure	cic-R	CBC9C9	0.009046875429703505
11142	right brachium of the inferior colliculus	bic-R	C9C8C8	0.12209375579914195
11143	right glossopharyngeal nerve	IXn-R	CCC8C9	0.0
11144	right vagus nerve	Xn-R	C7C9CB	0.0
11145	right solitary tract	ts-R	C8CAC7	0.004671875221902155
11146	right accessory spinal nerve	XIn-R	CAC8CC	0.0
11147	right hypoglossal nerve	XIIn-R	C9CCC8	0.0
11148	right ventral roots	vrt-R	CAC7C9	0.0
11149	right dorsal roots	drt-R	CAC8CA	0.0
11150	right cervicothalamic tract	cett-R	CCC7CA	0.0
11151	right dorsolateral fascicle	dl-R	C8CCCB	0.0
11152	right dorsal commissure of the spinal cord	dcm-R	CBCCC8	0.0
11153	right ventral commissure of the spinal cord	vc-R	CBC8C9	0.0
11154	right fasciculus proprius	fpr-R	CCC9C9	0.0
11155	right dorsal column	dc-R	CCC8CB	0.0
11156	right cuneate fascicle	cuf-R	CAC9CC	0.011109375527666998
11157	right gracile fascicle	grf-R	CAC8C8	0.0
11158	right internal arcuate fibers	iaf-R	CBC9CA	0.0
11159	right medial lemniscus	ml-R	CACCC8	0.33220314077880175
11160	right spinothalamic tract	sst-R	C9CBC8	0.0
11161	right lateral spinothalamic tract	sttl-R	CCCBCC	0.0
11162	right ventral spinothalamic tract	sttv-R	CBCAC9	0.0
11163	right spinocervical tract	scrt-R	C9CCCC	0.0
11164	right spino-olivary pathway	sop-R	CCC7C8	0.0
11165	right spinoreticular pathway	srp-R	CBCCC9	0.0
11166	right spinovestibular pathway	svp-R	C9CBCC	0.0
11167	right spinotectal pathway	stp-R	C9CCCB	0.0
11168	right spinohypothalamic pathway	shp-R	CCCBC9	0.0
11169	right spinotelenchephalic pathway	step-R	C7CCC8	0.0
11170	right hypothalamohypophysial tract	hht-R	C8CBCB	0.0
11171	right cerebellum related fiber tracts	cbf-R	C9CAC8	0.0
11172	right cerebellar commissure	cbc-R	CBC8CA	0.03396875161342905
11173	right cerebellar peduncles	cbp-R	CAC8CB	0.0
11174	right superior cerebelar peduncles	scp-R	CBC9CB	0.22043751047021942
11175	right superior cerebellar peduncle decussation	dscp-R	CCC7CC	0.024328126155523933
11176	right spinocerebellar tract	sct-R	CCCACC	0.0
11177	right uncinate fascicle	uf-R	CBC9C8	0.042468752017157385
11178	right ventral spinocerebellar tract	sctv-R	CBC7CC	0.14287500678619836
11179	right middle cerebellar peduncle	mcp-R	CCCCCA	0.545750025921734
11180	right inferior cerebellar peduncle	icp-R	C9C9C8	0.3607031421324791
11181	right dorsal spinocerebellar tract	sctd-R	C9CACA	0.07353125349254697
11182	right cuneocerebellar tract	cct-R	C8CCCC	0.0
11183	right juxtarestiform body	jrb-R	C9CBC9	0.0
11184	right bulbocerebellar tract	bct-R	C9C9C7	0.0
11185	right olivocerebellar tract	oct-R	CAC9CB	0.0
11186	right reticulocerebellar tract	rct-R	C9CBCA	0.0
11187	right trigeminocerebellar tract	tct-R	CACCC9	0.0
11188	right arbor vitae	arb-R	CBC9CC	3.4658126646172605
11189	right supra-callosal cerebral white matter	scwm-R	C9C9CA	0.5383594005706982
11190	right lateral forebrain bundle system	lfbs-R	C7CCCA	0.0
11191	right corpus callosum	cc-R	C7C9CA	0.0
11192	right corpus callosum, anterior forceps	fa-R	CAC7CC	0.42782814532074553
11193	right external capsule	ec-R	C8CBCC	0.43654689573486394
11194	right corpus callosum, extreme capsule	ee-R	C9C8CA	0.04675000222050585
11195	right genu of corpus callosum	ccg-R	CCC7C9	0.41632814477452484
11196	right corpus callosum, posterior forceps	fp-R	C8C9CA	0.6810937823502172
11197	right corpus callosum, rostrum	ccr-R	CBC8C7	0.0
11198	right corpus callosum, body	ccb-R	C9C7C9	1.523906322381663
11199	right corpus callosum, splenium	ccs-R	C7CACC	0.3746250177937327
11200	right corticospinal tract	cst-R	C8C7CC	0.04203125199637725
11201	right internal capsule	int-R	CCCCCC	1.0495000498485751
11202	right cerebal peduncle	cpd-R	CCCAC7	0.4413281459619611
11203	right corticotectal tract	cte-R	C8CCC8	0.0
11204	right corticorubral tract	crt-R	C8C7CA	0.0
11205	right corticopontine tract	cpt-R	C7C8CB	0.0
11206	right corticobulbar tract	cbt-R	CBC7CA	0.0
11207	right pyramid	py-R	C7C9C9	0.2803125133141293
11208	right pyramidal decussation	pyd-R	C9C7CC	0.035671876694323146
11209	right corticospinal tract, crossed	cstc-R	C7CACB	0.0
11210	right corticospinal tract, uncrossed	cstu-R	CCC8C8	0.0
11211	right thalamus related	lfbst-R	C7CBCC	0.0
11212	right external medullary lamina of the thalamus	em-R	C7CACA	0.05560937764130358
11213	right internal medullary lamina of the thalamus	im-R	CACCCA	0.0
11214	right middle thalamic commissure	mtc-R	CACCCC	0.0
11215	right thalamic peduncles	tp-R	CCC9CA	0.0
11216	right optic radiation	or-R	CBC9C7	0.9280937940820877
11217	right auditory radiation	ar-R	CCC8CA	0.20325000965385698
11218	right extrapyramidal fiber systems	eps-R	CACBC7	0.0
11219	right cerebral nuclei related	epsc-R	C8CACB	0.0
11220	right pallidothalamic pathway	pap-R	CBCBCA	0.0
11221	right nigrostriatal tract	nst-R	CCCACB	0.05631250267470023
11222	right nigrothalamic fibers	ntt-R	CBCCCA	0.0
11223	right pallidotegmental fascicle	ptf-R	CACBCC	0.0
11224	right striatonigral pathway	snp-R	C7CBC9	0.0
11225	right subthalamic fascicle	stf-R	CBCBC9	0.0
11226	right tectospinal pathway	tsp-R	C8CBC9	0.0
11227	right direct tectospinal pathway	tspd-R	CBC8C8	1.5625000742147677e-05
11228	right doral tegmental decussation	dtd-R	CACAC7	0.0035625001692096703
11229	right crossed tectospinal pathway	tspc-R	C8C8CC	0.25331251203169813
11230	right rubrospinal tract	rust-R	C8C8CB	0.28385938848259684
11231	right ventral tegmental decussation	vtd-R	CACBC9	0.01896875090096728
11232	right rubroreticular tract	rrt-R	CACBCA	0.0
11233	right central tegmental bundle	ctb-R	CBCAC8	0.0
11234	right retriculospinal tract	rst-R	C8CAC8	0.0
11235	right retriculospinal tract, lateral part	rstl-R	CCC9CC	0.0
11236	right retriculospinal tract, medial part	rstm-R	CBCACA	0.0
11237	right vestibulospinal pathway	vsp-R	CCC8C7	0.0
11238	right medial forebrain bundle system	mfbs-R	CBCAC7	0.0
11239	right cerebrum related	mfbc-R	C9CBC7	0.0
11240	right amygdalar capsule	amc-R	C8C9CB	0.08089062884209852
11241	right ansa peduncularis	apd-R	C7CCCB	0.0
11242	right anterior commissure, temporal limb	act-R	C9C9C9	0.10659375506293145
11243	right cingulum bundle	cing-R	CACCC7	0.6331719050740503
11244	right fornix system	fxs-R	CCC9C7	0.0
11245	right alveus	alv-R	C7C8CC	0.6969844081049814
11246	right dorsal fornix	df-R	CBC8CC	0.019000000902451575
11247	right fimbria	fi-R	CBC8CB	0.75735941097264
11248	right precommissural fornix, general	fxprg-R	CACBC8	0.0
11249	right precommissural fornix diagonal band	db-R	CCCCC8	0.0
11250	right postcommissural fornix	fxpo-R	C8C8C9	0.0
11251	right medial corticohypothalamic tract	mct-R	CCC8CC	0.004000000189989805
11252	right columns of the fornix	fx-R	C7C8CA	0.13475000640028156
11253	right hippocampal commissures	hc-R	C9C9CC	0.0
11254	right dorsal hippocampal commissure	dhc-R	C9CCC9	0.47768752268893877
11255	right ventral hippocampal commissure	vhc-R	C8C9C9	0.03340625158671173
11256	right perforant path	per-R	CBCBC8	0.0
11257	right angular path	ab-R	CAC7C8	0.0
11258	right longitudinal association bundle	lab-R	CBCCCC	0.0
11259	right stria terminalis	st-R	C8CBC7	0.1529843822663679
11260	right commissural branch of stria terminalis	stc-R	C7CAC8	0.01776562584382191
11261	right hypothalamus related	mfsbshy-R	C8CCC9	0.0
11262	right medial forebrain bundle	mfb-R	CBCCCB	0.024937501184467692
11263	right ventrolateral hypothalamic tract	vlt-R	CAC9C7	0.0
11264	right preoptic commissure	poc-R	CACACC	0.0
11265	right supraoptic commissures	sup-R	CCCAC9	0.012953125615240424
11266	right supraoptic commissures, anterior	supa-R	C9C8CC	0.0
11267	right supraoptic commissures, dorsal	supd-R	C8C9CC	0.0
11268	right supraoptic commissures, ventral	supv-R	CBC7C9	0.0
11269	right premammillary commissure	pmx-R	C7CBC8	0.0
11270	right supramammillary decussation	smd-R	CACACA	0.0
11271	right propriohypothalamic pathways	php-R	CCCCC9	0.0
11272	right propriohypothalamic pathways, dorsal	phpd-R	CAC9C9	0.0
11273	right propriohypothalamic pathways, lateral	phpl-R	C9CAC9	0.0
11274	right propriohypothalamic pathways, medial	phpm-R	CCC9CB	0.0
11275	right propriohypothalamic pathways, ventral	phpv-R	CACAC8	0.0
11276	right periventricular bundle of the hypothalamus	pvbh-R	CACBCB	0.0
11277	right mammillary related	mfbsma-R	CCCBCB	0.0
11278	right principal mammillary tract	pm-R	C8CBCA	0.01675000079558231
11279	right mammillothalamic tract	mtt-R	C7C9CC	0.06431250305467984
11280	right mammillotegmental tract	mtg-R	C8C8C8	0.032859376560736564
11281	right mammillary peduncle	mp-R	CCCAC8	0.01620312576960714
11282	right dorsal thalamus related	mfbst-R	CAC7CA	0.0
11283	right periventricular bundle of the thalamus	pvbt-R	C8CCCA	0.0
11284	right epithalamus related	mfbse-R	C8C7CB	0.0
11285	right stria medullaris	sm-R	CCC9C8	0.13537500642996747
11286	right fasciculus retroflexus	fr-R	C7CAC9	0.08365625397345866
11287	right habenular commissure	hbc-R	C8CCC7	0.02395312613771239
11288	right pineal stalk	PIS-R	C8CACC	0.0
11289	right midbrain related	mfbsm-R	CBCBCB	0.0
11290	right dorsal longitudinal fascicle	dlf-R	CAC9CA	0.0
11291	right dorsal tegmental tract	dtt-R	C9C7CB	0.0
11292	right ventricular systems	VS-R	AAA8AA	0.0
11293	right lateral ventricle	VL-R	A8AAAA	1.0565156751817995
11294	right rhinocele	RC-R	AAA9A8	0.0
11295	right subependymal zone	SEZ-R	AAA8A9	0.06882812826916052
11296	right choroid plexus	chpl-R	A9AAA8	0.7278281595699809
11297	right choroid fissure	chfl-R	A9A8AA	0.0
11298	right interventricular foramen	IVF-R	A8AAA9	0.0
11299	right third ventricle	V3-R	A8A9AA	0.4666875221664668
11300	right cerebral aqueduct	AQ-R	A9A9A8	0.2094843849499739
11301	right fourth ventricle	V4-R	AAA9A7	0.2537968870547047
11302	right lateral recess	V4r-R	A9AAA7	0.2317656360082765
11303	right central canal, spinal cord/medulla	c-R	A7AAA9	0.0004687500222644303
11304	right grooves	grv-R	AAA8A8	0.0
11305	right grooves of the cerebral cortex	grv of CTX-R	A8AAA8	0.0
11306	right endorhinal groove	eg-R	AAAAA7	0.0
11307	right hippocampal fissure	hf-R	AAA7AA	0.0
11308	right rhinal fissure	rf-R	AAA7A9	0.0
11309	right rhinal incisure	ri-R	A9A8A8	0.0
11310	right grooves of the cerebellar cortex	grv of CBX-R	A8A8AA	0.0
11311	right precentral fissure	pce-R	A8A9A8	0.0
11312	right preculminate fissure	pcf-R	A8A9A9	0.0
11313	right primary fissure	pri-R	A9A7AA	0.0
11314	right posterior superior fissure	psf-R	A8A8A9	0.0
11315	right prepyramidal fissure	ppf-R	A7AAAA	0.0
11316	right secondary fissure	sec-R	AAAAAA	0.0
11317	right posterolateral fissure	plf-R	AAAAA9	0.0
11318	right nodular fissure	nf-R	AAA9AA	0.0
11319	right simple fissure	sif-R	A9AAAA	0.0
11320	right intercrural fissure	icf-R	AAA9A9	0.0
11321	right ansoparamedian fissure	apf-R	A9AAA9	0.0
11322	right intraparafloccular fissure	ipf-R	A9A9AA	0.0
11323	right paramedian sulcus	pms-R	A9A9A9	0.0
11324	right parafloccular sulcus	pfs-R	AAAAA8	0.0
11325	right Interpeduncular fossa	IPF-R	A9A8A9	0.0
11326	right retina	retina-R	7F2E7E	0.0
